adong_code,univ_code,time
1111051500,C003,33
1111051500,B001,39
1111051500,C002,50
1111051500,C005,35
1111051500,C004,65
1111051500,C001,72
1111051500,C007,48
1111051500,C006,71
1111051500,E001,58
1111051500,C009,65
1111051500,C008,75
1111051500,M001,68
1111051500,P002,55
1111051500,U001,52
1111051500,U002,58
1111051500,P001,75
1111051500,U005,40
1111051500,U004,72
1111051500,U007,67
1111051500,U006,63
1111051500,U003,34
1111051500,U009,42
1111051500,U010,73
1111051500,U011,74
1111051500,U008,71
1111051500,U012,49
1111051500,U016,29
1111051500,U013,62
1111051500,U014,56
1111051500,U015,87
1111051500,U017,76
1111051500,U018,56
1111051500,U019,79
1111051500,U022,41
1111051500,U020,57
1111051500,U021,92
1111051500,U023,69
1111051500,U024,83
1111051500,U026,77
1111051500,U025,79
1111051500,U028,56
1111051500,U029,70
1111051500,U030,63
1111051500,U031,51
1111051500,U027,50
1111051500,U033,41
1111051500,U032,69
1111051500,U036,70
1111051500,U034,81
1111051500,U035,39
1111051500,U037,68
1111051500,U039,50
1111051500,U038,84
1111051500,U040,72
1111051500,U041,72
1111051500,U042,61
1111051500,U043,74
1111051500,U044,58
1111051500,U045,72
1111051500,U046,58
1111051500,V001,53
1111051500,U047,62
1111051500,V002,48
1111053000,C003,15
1111053000,B001,37
1111053000,C001,70
1111053000,C002,49
1111053000,C005,44
1111053000,C004,70
1111053000,C006,65
1111053000,C007,44
1111053000,C009,54
1111053000,C008,70
1111053000,E001,55
1111053000,M001,66
1111053000,P001,69
1111053000,P002,53
1111053000,U001,49
1111053000,U002,55
1111053000,U003,28
1111053000,U004,64
1111053000,U007,54
1111053000,U006,58
1111053000,U009,51
1111053000,U008,67
1111053000,U005,35
1111053000,U010,67
1111053000,U011,72
1111053000,U012,46
1111053000,U013,59
1111053000,U014,49
1111053000,U016,39
1111053000,U017,45
1111053000,U015,79
1111053000,U018,63
1111053000,U019,75
1111053000,U020,53
1111053000,U022,38
1111053000,U021,83
1111053000,U023,72
1111053000,U024,76
1111053000,U025,82
1111053000,U027,47
1111053000,U028,53
1111053000,U026,76
1111053000,U029,68
1111053000,U030,57
1111053000,U031,54
1111053000,U033,35
1111053000,U032,66
1111053000,U035,33
1111053000,U034,73
1111053000,U036,64
1111053000,U038,64
1111053000,U037,67
1111053000,U040,66
1111053000,U041,69
1111053000,U042,57
1111053000,U043,67
1111053000,U044,46
1111053000,U045,68
1111053000,U046,50
1111053000,U047,51
1111053000,U039,44
1111053000,V002,35
1111053000,V001,50
1111054000,B001,40
1111054000,C002,67
1111054000,C001,79
1111054000,C004,64
1111054000,C005,52
1111054000,C003,44
1111054000,C007,46
1111054000,C006,70
1111054000,C008,73
1111054000,E001,62
1111054000,C009,64
1111054000,M001,68
1111054000,P001,77
1111054000,P002,63
1111054000,U002,62
1111054000,U003,40
1111054000,U004,71
1111054000,U005,42
1111054000,U001,53
1111054000,U006,62
1111054000,U007,57
1111054000,U009,59
1111054000,U008,70
1111054000,U011,74
1111054000,U010,75
1111054000,U012,55
1111054000,U013,62
1111054000,U014,64
1111054000,U016,47
1111054000,U017,56
1111054000,U015,86
1111054000,U018,71
1111054000,U019,78
1111054000,U020,73
1111054000,U021,91
1111054000,U023,68
1111054000,U024,82
1111054000,U027,36
1111054000,U022,42
1111054000,U025,78
1111054000,U026,76
1111054000,U030,62
1111054000,U028,56
1111054000,U029,66
1111054000,U031,53
1111054000,U032,64
1111054000,U033,50
1111054000,U034,80
1111054000,U035,52
1111054000,U036,69
1111054000,U037,63
1111054000,U038,71
1111054000,U039,50
1111054000,U040,81
1111054000,U041,76
1111054000,U042,60
1111054000,U043,72
1111054000,U044,54
1111054000,U046,57
1111054000,U045,71
1111054000,V001,57
1111054000,U047,59
1111054000,V002,46
1111055000,B001,55
1111055000,C002,54
1111055000,C001,97
1111055000,C004,87
1111055000,C007,63
1111055000,C005,39
1111055000,C006,87
1111055000,C003,49
1111055000,C008,86
1111055000,E001,74
1111055000,C009,75
1111055000,M001,85
1111055000,P002,75
1111055000,P001,91
1111055000,U001,68
1111055000,U002,74
1111055000,U003,50
1111055000,U004,83
1111055000,U005,56
1111055000,U009,46
1111055000,U007,71
1111055000,U006,79
1111055000,U008,87
1111055000,U010,89
1111055000,U011,76
1111055000,U012,65
1111055000,U016,34
1111055000,U013,78
1111055000,U014,60
1111055000,U015,98
1111055000,U017,80
1111055000,U018,61
1111055000,U019,95
1111055000,U020,59
1111055000,U021,100
1111055000,U022,57
1111055000,U023,89
1111055000,U024,99
1111055000,U025,95
1111055000,U026,93
1111055000,U028,72
1111055000,U029,75
1111055000,U030,79
1111055000,U031,71
1111055000,U033,57
1111055000,U032,88
1111055000,U034,92
1111055000,U027,68
1111055000,U035,55
1111055000,U036,87
1111055000,U037,88
1111055000,U039,66
1111055000,U038,85
1111055000,U040,88
1111055000,U041,88
1111055000,U042,77
1111055000,U043,90
1111055000,U045,74
1111055000,U044,74
1111055000,U046,69
1111055000,U047,78
1111055000,V001,69
1111055000,V002,64
1111056000,B001,70
1111056000,C001,111
1111056000,C005,44
1111056000,C002,59
1111056000,C003,60
1111056000,C004,86
1111056000,C006,107
1111056000,C007,76
1111056000,C009,82
1111056000,E001,85
1111056000,C008,78
1111056000,M001,79
1111056000,P001,102
1111056000,P002,82
1111056000,U001,69
1111056000,U002,85
1111056000,U003,61
1111056000,U004,99
1111056000,U005,67
1111056000,U007,68
1111056000,U006,83
1111056000,U011,84
1111056000,U008,86
1111056000,U010,100
1111056000,U012,76
1111056000,U014,64
1111056000,U013,72
1111056000,U015,94
1111056000,U009,43
1111056000,U016,54
1111056000,U018,64
1111056000,U020,64
1111056000,U017,79
1111056000,U021,120
1111056000,U019,90
1111056000,U023,87
1111056000,U024,91
1111056000,U022,71
1111056000,U026,104
1111056000,U025,106
1111056000,U027,79
1111056000,U029,71
1111056000,U028,65
1111056000,U030,90
1111056000,U031,79
1111056000,U032,96
1111056000,U033,68
1111056000,U034,108
1111056000,U035,66
1111056000,U036,98
1111056000,U037,95
1111056000,U039,84
1111056000,U038,112
1111056000,U040,76
1111056000,U041,91
1111056000,U042,81
1111056000,U045,72
1111056000,U043,101
1111056000,U044,73
1111056000,U046,86
1111056000,U047,80
1111056000,V001,80
1111056000,V002,71
1111057000,B001,41
1111057000,C001,73
1111057000,C003,40
1111057000,C005,35
1111057000,C002,48
1111057000,C004,62
1111057000,C007,50
1111057000,C006,68
1111057000,C009,58
1111057000,C008,72
1111057000,E001,57
1111057000,P001,79
1111057000,M001,67
1111057000,P002,54
1111057000,U001,52
1111057000,U003,30
1111057000,U002,57
1111057000,U004,66
1111057000,U006,60
1111057000,U007,56
1111057000,U008,69
1111057000,U009,55
1111057000,U010,71
1111057000,U011,73
1111057000,U012,48
1111057000,U013,61
1111057000,U005,36
1111057000,U016,44
1111057000,U014,45
1111057000,U015,81
1111057000,U017,52
1111057000,U018,65
1111057000,U019,77
1111057000,U020,49
1111057000,U022,40
1111057000,U023,78
1111057000,U021,85
1111057000,U024,77
1111057000,U025,86
1111057000,U027,47
1111057000,U026,83
1111057000,U028,56
1111057000,U029,61
1111057000,U030,71
1111057000,U031,51
1111057000,U032,67
1111057000,U034,75
1111057000,U036,67
1111057000,U037,67
1111057000,U035,36
1111057000,U038,83
1111057000,U033,37
1111057000,U040,65
1111057000,U042,58
1111057000,U041,71
1111057000,U043,70
1111057000,U045,72
1111057000,U044,52
1111057000,U046,52
1111057000,U039,52
1111057000,U047,46
1111057000,V001,52
1111057000,V002,37
1111058000,B001,38
1111058000,C003,34
1111058000,C002,50
1111058000,C005,36
1111058000,C001,64
1111058000,C004,71
1111058000,C006,69
1111058000,C007,45
1111058000,C009,58
1111058000,E001,59
1111058000,C008,72
1111058000,M001,70
1111058000,U003,23
1111058000,P001,72
1111058000,P002,48
1111058000,U001,49
1111058000,U002,59
1111058000,U005,28
1111058000,U004,68
1111058000,U007,58
1111058000,U006,74
1111058000,U008,71
1111058000,U009,65
1111058000,U010,65
1111058000,U011,73
1111058000,U012,50
1111058000,U013,63
1111058000,U014,47
1111058000,U015,83
1111058000,U016,40
1111058000,U017,44
1111058000,U018,65
1111058000,U019,79
1111058000,U020,51
1111058000,U022,40
1111058000,U021,82
1111058000,U023,72
1111058000,U025,83
1111058000,U027,48
1111058000,U026,73
1111058000,U028,55
1111058000,U030,61
1111058000,U031,45
1111058000,U033,36
1111058000,U034,77
1111058000,U024,80
1111058000,U036,68
1111058000,U029,65
1111058000,U037,61
1111058000,U032,62
1111058000,U038,77
1111058000,U035,34
1111058000,U040,67
1111058000,U041,73
1111058000,U042,61
1111058000,U043,71
1111058000,U044,48
1111058000,U045,70
1111058000,U046,54
1111058000,U047,51
1111058000,U039,36
1111058000,V001,55
1111058000,V002,39
1111060000,C002,60
1111060000,B001,38
1111060000,C001,85
1111060000,C004,75
1111060000,C005,48
1111060000,C007,47
1111060000,C003,44
1111060000,C006,69
1111060000,C008,76
1111060000,C009,59
1111060000,E001,58
1111060000,M001,68
1111060000,P001,80
1111060000,P002,55
1111060000,U003,45
1111060000,U002,58
1111060000,U004,66
1111060000,U001,51
1111060000,U005,51
1111060000,U007,57
1111060000,U006,61
1111060000,U009,62
1111060000,U008,70
1111060000,U010,78
1111060000,U011,81
1111060000,U012,49
1111060000,U013,61
1111060000,U014,66
1111060000,U015,82
1111060000,U016,49
1111060000,U017,58
1111060000,U022,37
1111060000,U018,62
1111060000,U019,77
1111060000,U020,60
1111060000,U021,86
1111060000,U027,30
1111060000,U023,73
1111060000,U024,78
1111060000,U025,85
1111060000,U026,83
1111060000,U028,52
1111060000,U029,63
1111060000,U030,72
1111060000,U031,60
1111060000,U032,68
1111060000,U033,52
1111060000,U035,50
1111060000,U034,75
1111060000,U036,68
1111060000,U037,70
1111060000,U038,66
1111060000,U039,61
1111060000,U040,65
1111060000,U041,72
1111060000,U043,71
1111060000,U042,59
1111060000,U044,45
1111060000,U045,67
1111060000,U046,52
1111061500,B001,26
1111060000,V001,53
1111060000,V002,38
1111060000,U047,66
1111061500,C003,40
1111061500,C002,60
1111061500,C001,82
1111061500,C004,67
1111061500,C005,46
1111061500,C007,45
1111061500,C006,66
1111061500,C008,68
1111061500,C009,57
1111061500,E001,55
1111061500,M001,61
1111061500,P002,53
1111061500,P001,77
1111061500,U002,55
1111061500,U003,39
1111061500,U005,45
1111061500,U004,64
1111061500,U006,64
1111061500,U001,38
1111061500,U007,49
1111061500,U010,75
1111061500,U008,62
1111061500,U011,71
1111061500,U009,54
1111061500,U012,46
1111061500,U013,55
1111061500,U016,47
1111061500,U015,75
1111061500,U017,56
1111061500,U014,60
1111061500,U022,23
1111061500,U018,54
1111061500,U020,57
1111061500,U019,79
1111061500,U021,83
1111061500,U023,70
1111061500,U027,40
1111061500,U024,78
1111061500,U025,95
1111061500,U026,81
1111061500,U030,57
1111061500,U028,44
1111061500,U029,55
1111061500,U031,54
1111061500,U035,44
1111061500,U033,46
1111061500,U034,73
1111061500,U032,66
1111061500,U036,65
1111061500,U037,72
1111061500,U039,55
1111061500,U040,57
1111061500,U038,64
1111061500,U041,62
1111061500,U042,56
1111061500,U045,59
1111061500,U043,68
1111061500,U046,50
1111061500,V001,50
1111061500,U047,63
1111063000,B001,20
1111061500,V002,38
1111061500,U044,37
1111063000,C003,45
1111063000,C004,47
1111063000,C001,68
1111063000,C002,74
1111063000,C005,54
1111063000,C006,71
1111063000,C007,43
1111063000,C008,58
1111063000,C009,48
1111063000,E001,65
1111063000,P002,46
1111063000,M001,52
1111063000,P001,77
1111063000,U002,55
1111063000,U004,62
1111063000,U003,46
1111063000,U005,46
1111063000,U006,45
1111063000,U001,32
1111063000,U007,39
1111063000,U008,54
1111063000,U009,50
1111063000,U012,41
1111063000,U011,58
1111063000,U010,76
1111063000,U013,46
1111063000,U014,64
1111063000,U015,69
1111063000,U017,52
1111063000,U016,56
1111063000,U018,51
1111063000,U022,27
1111063000,U019,61
1111063000,U020,74
1111063000,U021,88
1111063000,U023,50
1111063000,U024,66
1111063000,U025,74
1111063000,U026,73
1111063000,U028,41
1111063000,U029,51
1111063000,U027,40
1111063000,U030,51
1111063000,U031,48
1111063000,U032,61
1111063000,U033,51
1111063000,U034,67
1111063000,U035,60
1111063000,U036,65
1111063000,U038,63
1111063000,U040,54
1111063000,U037,59
1111063000,U039,55
1111063000,U041,71
1111063000,U042,44
1111063000,U043,63
1111063000,U045,62
1111063000,U044,37
1111063000,U046,44
1111064000,B001,15
1111063000,U047,63
1111063000,V001,54
1111063000,V002,33
1111064000,C003,48
1111064000,C001,87
1111064000,C002,63
1111064000,C005,51
1111064000,C004,49
1111064000,C006,56
1111064000,C007,39
1111064000,E001,51
1111064000,C008,52
1111064000,C009,47
1111064000,U001,26
1111064000,M001,59
1111064000,P001,76
1111064000,P002,49
1111064000,U002,51
1111064000,U003,46
1111064000,U004,54
1111064000,U005,42
1111064000,U006,54
1111064000,U007,40
1111064000,U009,42
1111064000,U008,52
1111064000,U012,39
1111064000,U010,74
1111064000,U011,49
1111064000,U013,44
1111064000,U014,69
1111064000,U016,55
1111064000,U015,71
1111064000,U017,54
1111064000,U022,15
1111064000,U018,45
1111064000,U019,62
1111064000,U020,68
1111064000,U021,74
1111064000,U023,56
1111064000,U024,72
1111064000,U025,80
1111064000,U027,34
1111064000,U028,35
1111064000,U026,78
1111064000,U029,45
1111064000,U030,48
1111064000,U032,60
1111064000,U031,44
1111064000,U033,54
1111064000,U034,63
1111064000,U036,56
1111064000,U035,53
1111064000,U038,59
1111064000,U037,62
1111064000,U039,56
1111064000,U044,28
1111064000,U040,47
1111064000,U041,50
1111064000,U042,52
1111064000,U043,59
1111064000,U045,55
1111064000,U046,40
1111064000,V002,29
1111064000,U047,62
1111065000,B001,21
1111064000,V001,46
1111065000,C003,46
1111065000,C001,85
1111065000,C004,62
1111065000,C002,67
1111065000,C005,58
1111065000,C007,46
1111065000,C006,78
1111065000,C008,55
1111065000,C009,54
1111065000,E001,58
1111065000,U001,15
1111065000,M001,56
1111065000,P002,57
1111065000,P001,83
1111065000,U002,58
1111065000,U003,45
1111065000,U004,61
1111065000,U005,52
1111065000,U006,57
1111065000,U007,43
1111065000,U009,49
1111065000,U008,55
1111065000,U012,48
1111065000,U011,62
1111065000,U010,85
1111065000,U013,52
1111065000,U016,53
1111065000,U015,70
1111065000,U014,67
1111065000,U017,62
1111065000,U018,48
1111065000,U019,65
1111065000,U022,23
1111065000,U020,64
1111065000,U021,81
1111065000,U027,30
1111065000,U023,65
1111065000,U024,66
1111065000,U025,97
1111065000,U026,84
1111065000,U028,38
1111065000,U029,48
1111065000,U030,65
1111065000,U033,52
1111065000,U031,52
1111065000,U032,67
1111065000,U034,70
1111065000,U035,51
1111065000,U036,63
1111065000,U037,78
1111065000,U038,66
1111065000,U039,62
1111065000,U040,50
1111065000,U044,33
1111065000,U041,68
1111065000,U042,55
1111065000,U045,55
1111065000,U043,66
1111065000,U046,48
1111065000,U047,68
1111065000,V001,61
1111065000,V002,36
1111067000,B001,25
1111067000,C003,49
1111067000,C005,59
1111067000,C004,42
1111067000,C001,69
1111067000,C002,69
1111067000,C006,66
1111067000,C007,42
1111067000,C009,42
1111067000,C008,52
1111067000,E001,49
1111067000,M001,45
1111067000,P002,41
1111067000,P001,78
1111067000,U002,49
1111067000,U003,47
1111067000,U004,57
1111067000,U006,40
1111067000,U005,47
1111067000,U009,53
1111067000,U007,34
1111067000,U001,37
1111067000,U008,49
1111067000,U010,76
1111067000,U012,43
1111067000,U011,52
1111067000,U013,38
1111067000,U014,69
1111067000,U015,58
1111067000,U016,57
1111067000,U017,54
1111067000,U018,58
1111067000,U019,54
1111067000,U020,66
1111067000,U023,45
1111067000,U021,77
1111067000,U024,55
1111067000,U022,33
1111067000,U025,76
1111067000,U027,45
1111067000,U028,39
1111067000,U026,74
1111067000,U029,53
1111067000,U030,46
1111067000,U033,62
1111067000,U031,48
1111067000,U034,61
1111067000,U032,62
1111067000,U035,63
1111067000,U036,60
1111067000,U039,56
1111067000,U037,61
1111067000,U038,62
1111067000,U040,44
1111067000,U044,30
1111067000,U041,51
1111067000,U042,38
1111067000,U043,58
1111067000,U045,50
1111067000,U046,38
1111067000,V001,44
1111068000,B001,29
1111067000,V002,31
1111067000,U047,52
1111068000,C003,52
1111068000,C001,72
1111068000,C004,50
1111068000,C005,55
1111068000,C002,79
1111068000,C006,74
1111068000,C007,44
1111068000,C008,57
1111068000,C009,48
1111068000,E001,56
1111068000,M001,52
1111068000,P002,49
1111068000,P001,81
1111068000,U002,56
1111068000,U001,41
1111068000,U003,52
1111068000,U004,65
1111068000,U006,45
1111068000,U005,52
1111068000,U007,42
1111068000,U009,54
1111068000,U008,54
1111068000,U011,58
1111068000,U012,44
1111068000,U010,80
1111068000,U013,46
1111068000,U015,69
1111068000,U016,62
1111068000,U014,67
1111068000,U017,56
1111068000,U018,54
1111068000,U019,61
1111068000,U022,36
1111068000,U020,74
1111068000,U023,53
1111068000,U021,79
1111068000,U024,66
1111068000,U025,78
1111068000,U027,50
1111068000,U026,77
1111068000,U028,45
1111068000,U029,50
1111068000,U030,54
1111068000,U031,50
1111068000,U032,65
1111068000,U033,66
1111068000,U034,68
1111068000,U035,55
1111068000,U036,68
1111068000,U038,64
1111068000,U037,63
1111068000,U039,60
1111068000,U040,52
1111068000,U044,46
1111068000,U042,44
1111068000,U041,60
1111068000,U043,64
1111068000,U045,56
1111068000,U046,46
1111068000,V001,51
1111068000,U047,60
1111069000,B001,34
1111068000,V002,34
1111069000,C003,59
1111069000,C002,73
1111069000,C004,48
1111069000,C001,80
1111069000,C005,68
1111069000,C006,54
1111069000,C007,47
1111069000,C009,49
1111069000,C008,54
1111069000,E001,53
1111069000,U001,40
1111069000,M001,45
1111069000,P002,46
1111069000,U002,53
1111069000,P001,82
1111069000,U003,49
1111069000,U007,34
1111069000,U004,57
1111069000,U005,49
1111069000,U006,51
1111069000,U009,49
1111069000,U008,48
1111069000,U010,81
1111069000,U011,53
1111069000,U012,46
1111069000,U013,39
1111069000,U014,73
1111069000,U016,60
1111069000,U015,59
1111069000,U017,59
1111069000,U018,55
1111069000,U019,55
1111069000,U022,38
1111069000,U021,81
1111069000,U020,71
1111069000,U023,50
1111069000,U024,55
1111069000,U028,36
1111069000,U027,50
1111069000,U025,85
1111069000,U026,83
1111069000,U030,52
1111069000,U029,50
1111069000,U031,52
1111069000,U032,69
1111069000,U034,66
1111069000,U033,65
1111069000,U035,60
1111069000,U036,59
1111069000,U037,68
1111069000,U038,66
1111069000,U039,57
1111069000,U040,44
1111069000,U044,28
1111069000,U041,52
1111069000,U042,46
1111069000,U045,51
1111069000,U043,62
1111069000,U046,43
1111069000,U047,57
1111069000,V001,53
1111069000,V002,37
1111070000,B001,34
1111070000,C001,74
1111070000,C003,56
1111070000,C002,72
1111070000,C004,47
1111070000,C005,65
1111070000,C006,53
1111070000,C007,48
1111070000,C008,56
1111070000,C009,46
1111070000,E001,52
1111070000,M001,44
1111070000,P002,45
1111070000,P001,81
1111070000,U002,52
1111070000,U004,63
1111070000,U003,48
1111070000,U005,48
1111070000,U006,44
1111070000,U007,33
1111070000,U009,46
1111070000,U001,37
1111070000,U008,53
1111070000,U011,48
1111070000,U010,80
1111070000,U013,38
1111070000,U012,45
1111070000,U014,73
1111070000,U015,58
1111070000,U018,52
1111070000,U016,59
1111070000,U017,58
1111070000,U019,54
1111070000,U020,70
1111070000,U023,50
1111070000,U021,95
1111070000,U024,54
1111070000,U022,38
1111070000,U027,50
1111070000,U025,81
1111070000,U026,79
1111070000,U029,47
1111070000,U028,33
1111070000,U030,53
1111070000,U031,51
1111070000,U032,68
1111070000,U034,65
1111070000,U033,62
1111070000,U035,62
1111070000,U036,58
1111070000,U037,66
1111070000,U040,41
1111070000,U038,65
1111070000,U039,64
1111070000,U044,25
1111070000,U041,51
1111070000,U042,42
1111070000,U043,61
1111070000,U045,46
1111070000,U046,42
1111070000,U047,56
1111070000,V001,53
1111070000,V002,38
1111071000,B001,27
1111071000,C001,72
1111071000,C003,61
1111071000,C004,41
1111071000,C002,76
1111071000,C006,65
1111071000,C007,52
1111071000,C005,61
1111071000,C009,39
1111071000,C008,50
1111071000,M001,53
1111071000,E001,53
1111071000,P002,46
1111071000,P001,82
1111071000,U002,53
1111071000,U003,49
1111071000,U004,53
1111071000,U005,49
1111071000,U006,39
1111071000,U008,47
1111071000,U009,52
1111071000,U001,42
1111071000,U012,45
1111071000,U011,49
1111071000,U007,31
1111071000,U010,80
1111071000,U013,46
1111071000,U015,63
1111071000,U016,59
1111071000,U018,44
1111071000,U014,74
1111071000,U017,58
1111071000,U019,55
1111071000,U022,33
1111071000,U020,71
1111071000,U023,44
1111071000,U024,59
1111071000,U021,92
1111071000,U027,52
1111071000,U025,79
1111071000,U028,32
1111071000,U026,77
1111071000,U029,52
1111071000,U030,43
1111071000,U033,67
1111071000,U031,58
1111071000,U032,66
1111071000,U034,67
1111071000,U035,67
1111071000,U036,57
1111071000,U038,72
1111071000,U037,64
1111071000,U039,58
1111071000,U040,43
1111071000,U041,56
1111071000,U042,37
1111071000,U043,58
1111071000,U045,47
1111071000,U044,35
1111071000,U046,43
1111071000,V001,53
1111071000,U047,56
1111071000,V002,41
1114052000,B001,43
1114052000,C001,61
1114052000,C002,61
1114052000,C005,44
1114052000,C004,54
1114052000,C006,63
1114052000,C009,49
1114052000,C008,63
1114052000,C003,43
1114052000,E001,53
1114052000,P001,68
1114052000,M001,58
1114052000,P002,51
1114052000,U001,45
1114052000,C007,35
1114052000,U002,53
1114052000,U004,57
1114052000,U007,47
1114052000,U006,51
1114052000,U008,60
1114052000,U009,58
1114052000,U010,70
1114052000,U005,35
1114052000,U003,33
1114052000,U012,46
1114052000,U011,64
1114052000,U013,52
1114052000,U014,53
1114052000,U016,46
1114052000,U017,42
1114052000,U015,75
1114052000,U018,58
1114052000,U020,56
1114052000,U019,67
1114052000,U021,75
1114052000,U022,43
1114052000,U023,57
1114052000,U024,72
1114052000,U027,50
1114052000,U025,67
1114052000,U026,65
1114052000,U028,49
1114052000,U029,54
1114052000,U031,41
1114052000,U030,51
1114052000,U033,50
1114052000,U032,54
1114052000,U035,41
1114052000,U036,60
1114052000,U039,38
1114052000,U034,66
1114052000,U038,61
1114052000,U037,52
1114052000,U040,58
1114052000,U042,50
1114052000,U043,63
1114052000,U044,46
1114052000,U041,64
1114052000,U045,62
1114052000,U046,43
1114052000,V001,65
1114052000,U047,44
1114054000,B001,35
1114054000,C001,59
1114054000,C003,42
1114054000,C002,57
1114052000,V002,33
1114054000,C004,57
1114054000,C005,43
1114054000,C008,67
1114054000,C006,59
1114054000,C009,49
1114054000,C007,31
1114054000,E001,48
1114054000,M001,62
1114054000,P001,70
1114054000,P002,43
1114054000,U001,41
1114054000,U002,43
1114054000,U003,32
1114054000,U005,35
1114054000,U004,57
1114054000,U007,50
1114054000,U006,55
1114054000,U009,61
1114054000,U008,63
1114054000,U010,68
1114054000,U012,37
1114054000,U011,60
1114054000,U014,54
1114054000,U013,55
1114054000,U016,49
1114054000,U017,51
1114054000,U018,54
1114054000,U015,79
1114054000,U019,71
1114054000,U020,59
1114054000,U021,65
1114054000,U022,36
1114054000,U023,61
1114054000,U024,75
1114054000,U025,66
1114054000,U027,51
1114054000,U026,64
1114054000,U028,45
1114054000,U031,40
1114054000,U029,50
1114054000,U030,51
1114054000,U032,57
1114054000,U033,43
1114054000,U035,38
1114054000,U034,66
1114054000,U036,58
1114054000,U038,51
1114054000,U037,56
1114054000,U039,40
1114054000,U042,53
1114054000,U040,68
1114054000,U041,60
1114054000,U043,61
1114054000,U044,41
1114054000,U046,43
1114054000,U045,58
1114054000,V001,57
1114054000,V002,20
1114054000,U047,52
1114055000,B001,33
1114055000,C003,44
1114055000,C001,73
1114055000,C004,64
1114055000,C002,65
1114055000,C007,15
1114055000,C005,47
1114055000,C006,65
1114055000,C009,51
1114055000,C008,64
1114055000,E001,47
1114055000,M001,74
1114055000,P002,49
1114055000,P001,77
1114055000,U001,40
1114055000,U002,44
1114055000,U003,42
1114055000,U004,58
1114055000,U005,45
1114055000,U007,56
1114055000,U006,51
1114055000,U009,52
1114055000,U008,59
1114055000,U010,76
1114055000,U013,53
1114055000,U014,62
1114055000,U016,54
1114055000,U011,58
1114055000,U015,75
1114055000,U017,55
1114055000,U012,36
1114055000,U018,52
1114055000,U019,67
1114055000,U020,68
1114055000,U022,35
1114055000,U021,67
1114055000,U023,67
1114055000,U024,71
1114055000,U025,74
1114055000,U027,49
1114055000,U026,72
1114055000,U028,44
1114055000,U030,53
1114055000,U029,49
1114055000,U031,37
1114055000,U032,53
1114055000,U033,57
1114055000,U035,53
1114055000,U034,67
1114055000,U036,57
1114055000,U037,64
1114055000,U039,44
1114055000,U038,52
1114055000,U040,66
1114055000,U041,59
1114055000,U043,60
1114055000,U042,49
1114055000,U044,39
1114055000,V002,15
1114055000,U045,56
1114055000,U046,45
1114055000,U047,47
1114055000,V001,42
1114057000,B001,37
1114057000,C003,48
1114057000,C001,73
1114057000,C002,63
1114057000,C004,57
1114057000,C007,55
1114057000,C005,51
1114057000,C006,61
1114057000,C009,51
1114057000,E001,51
1114057000,C008,67
1114057000,M001,61
1114057000,P002,46
1114057000,P001,81
1114057000,U002,51
1114057000,U001,43
1114057000,U003,46
1114057000,U004,59
1114057000,U006,54
1114057000,U005,46
1114057000,U007,49
1114057000,U012,15
1114057000,U009,56
1114057000,U008,63
1114057000,U011,62
1114057000,U010,79
1114057000,U013,54
1114057000,U014,60
1114057000,U016,52
1114057000,U017,65
1114057000,U018,56
1114057000,U015,75
1114057000,U019,70
1114057000,U020,63
1114057000,U021,73
1114057000,U022,38
1114057000,U023,60
1114057000,U024,71
1114057000,U027,51
1114057000,U025,80
1114057000,U028,47
1114057000,U026,78
1114057000,U029,52
1114057000,U030,60
1114057000,U031,44
1114057000,U032,59
1114057000,U033,54
1114057000,U035,52
1114057000,U034,68
1114057000,U036,60
1114057000,U038,58
1114057000,U037,62
1114057000,U039,50
1114057000,U040,64
1114057000,U041,62
1114057000,U042,53
1114057000,U043,63
1114057000,U044,43
1114057000,U045,60
1114057000,V001,46
1114057000,U046,45
1114057000,V002,28
1114057000,U047,53
1114058000,B001,36
1114058000,C003,45
1114058000,C004,58
1114058000,C001,73
1114058000,C002,60
1114058000,C005,49
1114058000,C006,70
1114058000,C009,52
1114058000,C008,69
1114058000,E001,44
1114058000,P002,41
1114058000,M001,54
1114058000,P001,76
1114058000,C007,41
1114058000,U001,43
1114058000,U002,44
1114058000,U003,42
1114058000,U004,60
1114058000,U005,42
1114058000,U006,52
1114058000,U007,50
1114058000,U012,15
1114058000,U009,62
1114058000,U008,57
1114058000,U010,74
1114058000,U011,63
1114058000,U013,48
1114058000,U014,57
1114058000,U016,49
1114058000,U015,68
1114058000,U017,51
1114058000,U018,56
1114058000,U021,72
1114058000,U020,60
1114058000,U019,64
1114058000,U022,43
1114058000,U023,60
1114058000,U024,64
1114058000,U025,82
1114058000,U027,48
1114058000,U026,80
1114058000,U028,47
1114058000,U029,52
1114058000,U030,58
1114058000,U031,44
1114058000,U033,52
1114058000,U032,54
1114058000,U034,69
1114058000,U035,50
1114058000,U036,64
1114058000,U037,59
1114058000,U038,53
1114058000,U039,48
1114058000,U040,56
1114058000,U041,62
1114058000,U043,66
1114058000,U042,59
1114058000,U044,45
1114058000,U045,60
1114059000,B001,28
1114058000,U046,46
1114058000,V002,28
1114058000,V001,39
1114058000,U047,52
1114059000,C003,45
1114059000,C004,49
1114059000,C001,67
1114059000,C002,61
1114059000,C005,48
1114059000,C007,35
1114059000,C006,54
1114059000,C009,40
1114059000,E001,55
1114059000,C008,68
1114059000,M001,60
1114059000,P002,37
1114059000,U001,35
1114059000,P001,74
1114059000,U002,47
1114059000,U003,40
1114059000,U004,47
1114059000,U007,41
1114059000,U005,40
1114059000,U006,59
1114059000,U009,48
1114059000,U008,72
1114059000,U011,54
1114059000,U010,72
1114059000,U013,44
1114059000,U014,58
1114059000,U016,51
1114059000,U015,64
1114059000,U012,32
1114059000,U017,46
1114059000,U018,48
1114059000,U022,30
1114059000,U019,60
1114059000,U020,61
1114059000,U021,70
1114059000,U023,51
1114059000,U024,61
1114059000,U027,49
1114059000,U025,73
1114059000,U026,73
1114059000,U028,39
1114059000,U029,44
1114059000,U030,42
1114059000,U031,41
1114059000,U032,56
1114059000,U033,52
1114059000,U034,56
1114059000,U035,46
1114059000,U036,54
1114059000,U037,59
1114059000,U038,56
1114059000,U039,43
1114059000,U040,47
1114059000,U041,54
1114059000,U043,57
1114059000,U042,49
1114059000,U044,36
1114059000,U045,52
1114059000,U046,33
1114060500,B001,34
1114059000,V001,43
1114059000,U047,49
1114059000,V002,25
1114060500,C001,63
1114060500,C003,43
1114060500,C002,56
1114060500,C005,47
1114060500,C004,53
1114060500,C006,52
1114060500,C009,40
1114060500,E001,49
1114060500,C008,72
1114060500,M001,63
1114060500,P002,42
1114060500,U001,35
1114060500,P001,68
1114060500,C007,37
1114060500,U002,49
1114060500,U003,33
1114060500,U004,47
1114060500,U005,34
1114060500,U006,62
1114060500,U007,40
1114060500,U009,48
1114060500,U008,75
1114060500,U010,66
1114060500,U011,56
1114060500,U012,34
1114060500,U013,45
1114060500,U014,54
1114060500,U015,65
1114060500,U016,45
1114060500,U017,42
1114060500,U018,48
1114060500,U022,31
1114060500,U019,61
1114060500,U020,56
1114060500,U021,76
1114060500,U024,61
1114060500,U023,56
1114060500,U027,53
1114060500,U025,69
1114060500,U026,68
1114060500,U028,40
1114060500,U029,45
1114060500,U030,42
1114060500,U031,41
1114060500,U032,59
1114060500,U033,48
1114060500,U035,42
1114060500,U034,56
1114060500,U036,52
1114060500,U037,56
1114060500,U038,56
1114060500,U039,38
1114060500,U040,53
1114060500,U041,55
1114060500,U042,52
1114060500,U043,55
1114060500,U044,39
1114060500,U045,72
1114060500,U046,33
1114060500,V002,26
1114060500,U047,45
1114060500,V001,44
1114061500,B001,25
1114061500,C001,70
1114061500,C003,48
1114061500,C004,52
1114061500,C005,52
1114061500,C002,64
1114061500,C006,54
1114061500,C007,40
1114061500,C009,43
1114061500,C008,54
1114061500,E001,46
1114061500,M001,45
1114061500,P002,39
1114061500,U001,40
1114061500,P001,75
1114061500,U002,46
1114061500,U003,42
1114061500,U004,50
1114061500,U005,42
1114061500,U006,43
1114061500,U007,34
1114061500,U009,53
1114061500,U011,53
1114061500,U008,48
1114061500,U010,71
1114061500,U013,39
1114061500,U015,59
1114061500,U016,59
1114061500,U014,61
1114061500,U012,33
1114061500,U017,50
1114061500,U018,47
1114061500,U019,55
1114061500,U020,64
1114061500,U022,35
1114061500,U023,48
1114061500,U024,55
1114061500,U021,83
1114061500,U025,76
1114061500,U027,48
1114061500,U028,40
1114061500,U026,76
1114061500,U029,49
1114061500,U030,45
1114061500,U031,46
1114061500,U034,59
1114061500,U033,55
1114061500,U032,61
1114061500,U035,49
1114061500,U036,52
1114061500,U038,60
1114061500,U039,46
1114061500,U037,61
1114061500,U040,43
1114061500,U041,52
1114061500,U043,55
1114061500,U042,41
1114061500,U044,34
1114061500,U045,51
1114061500,V001,45
1114061500,U046,36
1114061500,U047,50
1114061500,V002,28
1114062500,B001,36
1114062500,C003,46
1114062500,C001,72
1114062500,C004,50
1114062500,C002,61
1114062500,C005,49
1114062500,C006,59
1114062500,C009,48
1114062500,E001,41
1114062500,C008,59
1114062500,P002,37
1114062500,M001,50
1114062500,P001,74
1114062500,U001,49
1114062500,U002,41
1114062500,C007,38
1114062500,U003,42
1114062500,U004,55
1114062500,U005,42
1114062500,U006,48
1114062500,U007,39
1114062500,U009,62
1114062500,U008,53
1114062500,U012,34
1114062500,U010,72
1114062500,U011,58
1114062500,U013,44
1114062500,U015,64
1114062500,U016,50
1114062500,U014,58
1114062500,U017,50
1114062500,U018,52
1114062500,U019,60
1114062500,U020,62
1114062500,U021,70
1114062500,U022,43
1114062500,U023,58
1114062500,U024,60
1114062500,U025,84
1114062500,U026,82
1114062500,U027,49
1114062500,U028,46
1114062500,U030,56
1114062500,U031,44
1114062500,U032,52
1114062500,U029,53
1114062500,U033,52
1114062500,U034,64
1114062500,U035,50
1114062500,U036,54
1114062500,U037,57
1114062500,U038,50
1114062500,U039,48
1114062500,U040,48
1114062500,U041,57
1114062500,U042,46
1114062500,U043,57
1114062500,U044,40
1114062500,U046,41
1114062500,U045,56
1114062500,V001,39
1114062500,U047,48
1114062500,V002,28
1114063500,B001,45
1114063500,C003,54
1114063500,C001,72
1114063500,C002,65
1114063500,C004,54
1114063500,C005,57
1114063500,C006,62
1114063500,C007,49
1114063500,C008,62
1114063500,C009,46
1114063500,E001,50
1114063500,M001,54
1114063500,P002,37
1114063500,P001,74
1114063500,U001,59
1114063500,U002,49
1114063500,U003,47
1114063500,U004,58
1114063500,U007,42
1114063500,U005,47
1114063500,U006,51
1114063500,U009,56
1114063500,U008,56
1114063500,U011,61
1114063500,U010,72
1114063500,U013,47
1114063500,U012,42
1114063500,U015,67
1114063500,U016,58
1114063500,U014,65
1114063500,U017,50
1114063500,U018,56
1114063500,U021,78
1114063500,U019,63
1114063500,U020,62
1114063500,U022,52
1114063500,U023,57
1114063500,U024,64
1114063500,U025,84
1114063500,U026,87
1114063500,U027,57
1114063500,U028,49
1114063500,U030,50
1114063500,U029,74
1114063500,U032,60
1114063500,U031,44
1114063500,U033,60
1114063500,U034,67
1114063500,U035,62
1114063500,U036,57
1114063500,U037,60
1114063500,U038,58
1114063500,U039,58
1114063500,U040,51
1114063500,U041,60
1114063500,U042,50
1114063500,U043,60
1114063500,U044,43
1114063500,U046,45
1114063500,U045,59
1114063500,V001,42
1114063500,U047,48
1114063500,V002,36
1114064500,B001,40
1114064500,C003,50
1114064500,C002,65
1114064500,C001,75
1114064500,C004,58
1114064500,C005,53
1114064500,C006,54
1114064500,C007,45
1114064500,C008,61
1114064500,C009,43
1114064500,E001,45
1114064500,M001,52
1114064500,P001,77
1114064500,P002,41
1114064500,U001,44
1114064500,U002,45
1114064500,U003,43
1114064500,U004,52
1114064500,U005,43
1114064500,U006,50
1114064500,U007,41
1114064500,U009,64
1114064500,U008,55
1114064500,U010,76
1114064500,U011,59
1114064500,U013,46
1114064500,U015,66
1114064500,U014,62
1114064500,U016,54
1114064500,U012,38
1114064500,U017,54
1114064500,U018,54
1114064500,U019,61
1114064500,U020,66
1114064500,U022,47
1114064500,U021,73
1114064500,U023,56
1114064500,U024,62
1114064500,U025,82
1114064500,U027,53
1114064500,U026,81
1114064500,U028,51
1114064500,U029,66
1114064500,U030,46
1114064500,U031,48
1114064500,U033,56
1114064500,U032,56
1114064500,U034,60
1114064500,U035,56
1114064500,U036,53
1114064500,U037,61
1114064500,U039,54
1114064500,U038,54
1114064500,U040,50
1114064500,U043,56
1114064500,U042,59
1114064500,U041,59
1114064500,U044,44
1114064500,U045,57
1114064500,V001,41
1114064500,U046,41
1114064500,U047,52
1114064500,V002,32
1114065000,B001,34
1114065000,C003,52
1114065000,C004,48
1114065000,C001,74
1114065000,C002,68
1114065000,C005,56
1114065000,C006,65
1114065000,C007,50
1114065000,C009,46
1114065000,C008,79
1114065000,E001,53
1114065000,M001,60
1114065000,P002,46
1114065000,U001,42
1114065000,P001,80
1114065000,U002,53
1114065000,U004,49
1114065000,U003,45
1114065000,U006,59
1114065000,U007,40
1114065000,U005,45
1114065000,U009,55
1114065000,U012,42
1114065000,U008,55
1114065000,U011,59
1114065000,U010,78
1114065000,U013,45
1114065000,U015,81
1114065000,U016,63
1114065000,U017,53
1114065000,U014,65
1114065000,U018,55
1114065000,U019,61
1114065000,U020,71
1114065000,U022,38
1114065000,U021,89
1114065000,U024,78
1114065000,U023,54
1114065000,U027,52
1114065000,U025,80
1114065000,U026,80
1114065000,U028,47
1114065000,U029,51
1114065000,U030,49
1114065000,U031,52
1114065000,U032,68
1114065000,U033,59
1114065000,U034,58
1114065000,U035,53
1114065000,U036,53
1114065000,U037,67
1114065000,U039,50
1114065000,U038,63
1114065000,U040,50
1114065000,U041,59
1114065000,U042,49
1114065000,U043,56
1114065000,U045,57
1114065000,U046,36
1114065000,U047,57
1114065000,V001,48
1114065000,V002,38
1114066500,B001,37
1114065000,U044,42
1114066500,C002,69
1114066500,C003,51
1114066500,C001,74
1114066500,C004,59
1114066500,C005,59
1114066500,C007,44
1114066500,C006,53
1114066500,C009,42
1114066500,C008,60
1114066500,E001,49
1114066500,P002,42
1114066500,M001,51
1114066500,P001,77
1114066500,U001,44
1114066500,U002,49
1114066500,U004,52
1114066500,U003,42
1114066500,U006,49
1114066500,U005,42
1114066500,U007,40
1114066500,U008,54
1114066500,U011,58
1114066500,U010,75
1114066500,U009,53
1114066500,U013,44
1114066500,U015,65
1114066500,U016,54
1114066500,U014,69
1114066500,U017,54
1114066500,U012,43
1114066500,U019,60
1114066500,U020,66
1114066500,U018,53
1114066500,U021,89
1114066500,U022,39
1114066500,U023,53
1114066500,U024,61
1114066500,U025,82
1114066500,U027,54
1114066500,U028,46
1114066500,U029,53
1114066500,U026,81
1114066500,U030,45
1114066500,U031,48
1114066500,U033,60
1114066500,U034,60
1114066500,U035,55
1114066500,U032,64
1114066500,U036,53
1114066500,U038,62
1114066500,U039,54
1114066500,U037,64
1114066500,U040,48
1114066500,U041,58
1114066500,U042,47
1114066500,U043,56
1114066500,U044,41
1114066500,U045,56
1114066500,U046,41
1114066500,V001,45
1114066500,U047,52
1114066500,V002,34
1114067000,C001,74
1114067000,C003,52
1114067000,C004,50
1114067000,C002,67
1114067000,C006,56
1114067000,C007,42
1114067000,C005,55
1114067000,B001,35
1114067000,C008,71
1114067000,C009,42
1114067000,M001,50
1114067000,E001,52
1114067000,P001,79
1114067000,P002,44
1114067000,U001,42
1114067000,U002,52
1114067000,U003,45
1114067000,U004,55
1114067000,U005,45
1114067000,U007,37
1114067000,U006,47
1114067000,U009,58
1114067000,U008,56
1114067000,U010,77
1114067000,U012,43
1114067000,U013,44
1114067000,U011,58
1114067000,U015,64
1114067000,U014,65
1114067000,U016,63
1114067000,U017,53
1114067000,U018,59
1114067000,U019,60
1114067000,U020,69
1114067000,U022,37
1114067000,U023,52
1114067000,U021,88
1114067000,U024,61
1114067000,U025,80
1114067000,U027,52
1114067000,U028,38
1114067000,U026,79
1114067000,U029,59
1114067000,U030,44
1114067000,U031,51
1114067000,U032,68
1114067000,U033,59
1114067000,U034,58
1114067000,U035,53
1114067000,U036,53
1114067000,U037,69
1114067000,U038,62
1114067000,U039,49
1114067000,U040,43
1114067000,U041,57
1114067000,U042,46
1114067000,U043,56
1114067000,U045,56
1114067000,U046,35
1114067000,U044,38
1114067000,U047,55
1114067000,V001,49
1114067000,V002,32
1114068000,C003,47
1114068000,B001,50
1114068000,C002,57
1114068000,C001,65
1114068000,C004,62
1114068000,C007,43
1114068000,C005,52
1114068000,C006,69
1114068000,C009,55
1114068000,C008,71
1114068000,E001,58
1114068000,M001,66
1114068000,P002,50
1114068000,P001,67
1114068000,U001,50
1114068000,U002,58
1114068000,U005,30
1114068000,U004,62
1114068000,U006,60
1114068000,U007,54
1114068000,U008,68
1114068000,U003,32
1114068000,U009,70
1114068000,U011,73
1114068000,U012,49
1114068000,U013,59
1114068000,U014,54
1114068000,U015,84
1114068000,U017,44
1114068000,U018,63
1114068000,U010,66
1114068000,U020,57
1114068000,U019,76
1114068000,U021,76
1114068000,U016,57
1114068000,U022,45
1114068000,U023,66
1114068000,U024,80
1114068000,U025,77
1114068000,U026,69
1114068000,U027,59
1114068000,U031,31
1114068000,U028,54
1114068000,U030,57
1114068000,U029,59
1114068000,U032,64
1114068000,U035,45
1114068000,U033,51
1114068000,U036,67
1114068000,U034,71
1114068000,U037,56
1114068000,U038,64
1114068000,U040,66
1114068000,U042,58
1114068000,U039,32
1114068000,U043,70
1114068000,U041,69
1114068000,U044,50
1114068000,U046,48
1114068000,U045,71
1114068000,U047,46
1114068000,V001,53
1114068000,V002,32
1117051000,B001,46
1117051000,C003,48
1117051000,C002,67
1117051000,C001,65
1117051000,C007,29
1117051000,C004,87
1117051000,C005,56
1117051000,C006,73
1117051000,C008,76
1117051000,C009,61
1117051000,E001,55
1117051000,M001,67
1117051000,P002,39
1117051000,P001,81
1117051000,U001,51
1117051000,U002,62
1117051000,U003,45
1117051000,U004,68
1117051000,U005,46
1117051000,U007,56
1117051000,U006,64
1117051000,U009,62
1117051000,U008,73
1117051000,U010,79
1117051000,U011,69
1117051000,U014,64
1117051000,U013,61
1117051000,U016,50
1117051000,U012,43
1117051000,U015,81
1117051000,U017,56
1117051000,U018,64
1117051000,U020,69
1117051000,U021,82
1117051000,U022,46
1117051000,U019,80
1117051000,U023,70
1117051000,U027,65
1117051000,U024,77
1117051000,U025,72
1117051000,U028,55
1117051000,U026,70
1117051000,U030,61
1117051000,U029,60
1117051000,U033,54
1117051000,U032,56
1117051000,U035,56
1117051000,U036,73
1117051000,U034,77
1117051000,U037,55
1117051000,U031,34
1117051000,U038,71
1117051000,U039,49
1117051000,U041,73
1117051000,U040,78
1117051000,U042,62
1117051000,U043,76
1117051000,U044,50
1117051000,V002,31
1117051000,U045,68
1117051000,U046,54
1117051000,U047,57
1117051000,V001,54
1117052000,C003,56
1117052000,B001,48
1117052000,C002,64
1117052000,C001,71
1117052000,C004,73
1117052000,C005,68
1117052000,C007,39
1117052000,C006,69
1117052000,C009,61
1117052000,E001,44
1117052000,C008,72
1117052000,P002,35
1117052000,M001,64
1117052000,P001,73
1117052000,U002,35
1117052000,U001,60
1117052000,U004,63
1117052000,U003,49
1117052000,U005,49
1117052000,U007,52
1117052000,U006,61
1117052000,U009,76
1117052000,U008,66
1117052000,U010,72
1117052000,U012,48
1117052000,U011,71
1117052000,U013,57
1117052000,U016,65
1117052000,U014,64
1117052000,U015,77
1117052000,U017,56
1117052000,U018,78
1117052000,U021,72
1117052000,U019,73
1117052000,U022,54
1117052000,U020,62
1117052000,U023,67
1117052000,U024,74
1117052000,U027,61
1117052000,U025,74
1117052000,U026,72
1117052000,U028,68
1117052000,U029,65
1117052000,U031,43
1117052000,U030,57
1117052000,U032,54
1117052000,U033,62
1117052000,U035,60
1117052000,U034,77
1117052000,U036,67
1117052000,U037,54
1117052000,U038,63
1117052000,U039,56
1117052000,U040,61
1117052000,U041,70
1117052000,U042,60
1117052000,U043,64
1117052000,U045,69
1117052000,U044,53
1117052000,U047,48
1117052000,U046,55
1117052000,V001,49
1117052000,V002,29
1117053000,B001,39
1117053000,C003,54
1117053000,C001,63
1117053000,C002,59
1117053000,C005,49
1117053000,C004,60
1117053000,C006,74
1117053000,C008,70
1117053000,E001,53
1117053000,C009,54
1117053000,M001,63
1117053000,P002,36
1117053000,P001,68
1117053000,U001,46
1117053000,C007,38
1117053000,U002,44
1117053000,U003,38
1117053000,U004,61
1117053000,U005,43
1117053000,U007,51
1117053000,U006,57
1117053000,U009,67
1117053000,U008,66
1117053000,U012,41
1117053000,U011,65
1117053000,U010,71
1117053000,U013,56
1117053000,U016,55
1117053000,U014,60
1117053000,U017,44
1117053000,U015,76
1117053000,U018,59
1117053000,U020,56
1117053000,U021,62
1117053000,U019,72
1117053000,U022,41
1117053000,U023,63
1117053000,U024,73
1117053000,U025,70
1117053000,U026,68
1117053000,U027,56
1117053000,U031,24
1117053000,U028,50
1117053000,U030,62
1117053000,U029,55
1117053000,U033,54
1117053000,U032,50
1117053000,U034,70
1117053000,U035,49
1117053000,U036,63
1117053000,U037,49
1117053000,U038,47
1117053000,U039,49
1117053000,U040,67
1117053000,U041,65
1117053000,U043,66
1117053000,U042,56
1117053000,U044,45
1117053000,U045,63
1117053000,U046,48
1117053000,V002,28
1117053000,U047,42
1117053000,V001,54
1117055500,B001,50
1117055500,C003,59
1117055500,C001,66
1117055500,C002,69
1117055500,C004,70
1117055500,C005,54
1117055500,C007,50
1117055500,C006,100
1117055500,C009,65
1117055500,C008,79
1117055500,E001,59
1117055500,M001,71
1117055500,P001,76
1117055500,U001,57
1117055500,P002,43
1117055500,U002,50
1117055500,U005,47
1117055500,U003,43
1117055500,U004,72
1117055500,U006,67
1117055500,U007,60
1117055500,U009,72
1117055500,U008,76
1117055500,U010,89
1117055500,U011,75
1117055500,U012,56
1117055500,U014,63
1117055500,U013,65
1117055500,U016,59
1117055500,U015,85
1117055500,U017,48
1117055500,U018,69
1117055500,U019,80
1117055500,U020,59
1117055500,U021,77
1117055500,U022,52
1117055500,U023,73
1117055500,U024,80
1117055500,U025,79
1117055500,U027,68
1117055500,U031,15
1117055500,U026,75
1117055500,U028,61
1117055500,U029,66
1117055500,U030,73
1117055500,U032,57
1117055500,U033,59
1117055500,U035,54
1117055500,U034,81
1117055500,U036,74
1117055500,U038,72
1117055500,U037,56
1117055500,U039,52
1117055500,U040,79
1117055500,U041,76
1117055500,U042,66
1117055500,U043,77
1117055500,U044,56
1117055500,U045,73
1117055500,U046,58
1117055500,U047,47
1117055500,V001,65
1117055500,V002,39
1117056000,B001,56
1117056000,C001,58
1117056000,C003,56
1117056000,C002,59
1117056000,C004,60
1117056000,C005,66
1117056000,C007,46
1117056000,C006,65
1117056000,C008,71
1117056000,C009,55
1117056000,E001,45
1117056000,M001,65
1117056000,P001,66
1117056000,P002,33
1117056000,U001,51
1117056000,U002,36
1117056000,U004,65
1117056000,U005,42
1117056000,U003,40
1117056000,U006,59
1117056000,U007,54
1117056000,U009,69
1117056000,U010,65
1117056000,U008,73
1117056000,U011,72
1117056000,U012,52
1117056000,U013,58
1117056000,U015,79
1117056000,U014,56
1117056000,U016,57
1117056000,U017,39
1117056000,U018,64
1117056000,U021,71
1117056000,U020,55
1117056000,U022,46
1117056000,U019,74
1117056000,U024,70
1117056000,U023,64
1117056000,U027,66
1117056000,U025,71
1117056000,U026,67
1117056000,U031,25
1117056000,U028,55
1117056000,U029,60
1117056000,U032,51
1117056000,U030,71
1117056000,U033,56
1117056000,U035,52
1117056000,U034,74
1117056000,U036,69
1117056000,U037,50
1117056000,U038,66
1117056000,U039,51
1117056000,U040,63
1117056000,U042,58
1117056000,U041,72
1117056000,U043,72
1117056000,U044,55
1117056000,U045,70
1117056000,U046,51
1117056000,U047,41
1117056000,V001,50
1117056000,V002,34
1117057000,B001,57
1117057000,C003,67
1117057000,C001,56
1117057000,C002,67
1117057000,C005,67
1117057000,C004,70
1117057000,C006,74
1117057000,C007,58
1117057000,C008,84
1117057000,C009,63
1117057000,E001,58
1117057000,P001,63
1117057000,M001,74
1117057000,P002,48
1117057000,U001,63
1117057000,U002,49
1117057000,U003,43
1117057000,U005,43
1117057000,U004,73
1117057000,U007,62
1117057000,U009,80
1117057000,U010,62
1117057000,U006,72
1117057000,U008,81
1117057000,U012,62
1117057000,U011,81
1117057000,U013,67
1117057000,U014,65
1117057000,U015,87
1117057000,U016,67
1117057000,U017,41
1117057000,U018,76
1117057000,U020,64
1117057000,U019,83
1117057000,U021,70
1117057000,U022,58
1117057000,U023,73
1117057000,U024,84
1117057000,U025,69
1117057000,U026,76
1117057000,U027,81
1117057000,U028,67
1117057000,U030,66
1117057000,U029,72
1117057000,U033,58
1117057000,U035,50
1117057000,U032,50
1117057000,U034,81
1117057000,U031,33
1117057000,U038,66
1117057000,U036,73
1117057000,U037,50
1117057000,U039,46
1117057000,U043,74
1117057000,U040,71
1117057000,U041,81
1117057000,U044,64
1117057000,U042,70
1117057000,U045,79
1117057000,U047,48
1117057000,U046,60
1117057000,V001,64
1117057000,V002,47
1117058000,C003,56
1117058000,C002,57
1117058000,B001,50
1117058000,C001,61
1117058000,C004,65
1117058000,C005,66
1117058000,C007,54
1117058000,C006,73
1117058000,C009,62
1117058000,C008,73
1117058000,E001,61
1117058000,P002,41
1117058000,M001,64
1117058000,P001,66
1117058000,U001,56
1117058000,U002,52
1117058000,U003,41
1117058000,U004,69
1117058000,U005,41
1117058000,U006,63
1117058000,U007,53
1117058000,U009,83
1117058000,U010,64
1117058000,U008,67
1117058000,U011,72
1117058000,U012,51
1117058000,U013,58
1117058000,U017,39
1117058000,U014,56
1117058000,U016,67
1117058000,U015,78
1117058000,U018,66
1117058000,U019,74
1117058000,U021,77
1117058000,U022,51
1117058000,U020,54
1117058000,U023,69
1117058000,U024,74
1117058000,U025,73
1117058000,U027,66
1117058000,U026,70
1117058000,U031,22
1117058000,U029,65
1117058000,U028,60
1117058000,U030,60
1117058000,U032,56
1117058000,U033,61
1117058000,U035,48
1117058000,U034,78
1117058000,U036,68
1117058000,U037,55
1117058000,U038,54
1117058000,U039,51
1117058000,U040,62
1117058000,U042,60
1117058000,U041,71
1117058000,U043,71
1117058000,U044,54
1117058000,U045,70
1117058000,U047,40
1117058000,U046,55
1117058000,V001,54
1117058000,V002,43
1117059000,B001,47
1117059000,C003,64
1117059000,C002,54
1117059000,C001,62
1117059000,C004,62
1117059000,C005,67
1117059000,C006,70
1117059000,C007,45
1117059000,C008,70
1117059000,C009,56
1117059000,E001,57
1117059000,M001,61
1117059000,P002,38
1117059000,P001,63
1117059000,U001,53
1117059000,U002,48
1117059000,U003,39
1117059000,U005,39
1117059000,U004,66
1117059000,U007,50
1117059000,U006,60
1117059000,U009,77
1117059000,U010,61
1117059000,U008,64
1117059000,U012,49
1117059000,U011,69
1117059000,U013,55
1117059000,U014,58
1117059000,U015,75
1117059000,U016,68
1117059000,U017,41
1117059000,U018,63
1117059000,U020,51
1117059000,U021,75
1117059000,U019,71
1117059000,U022,49
1117059000,U023,65
1117059000,U024,72
1117059000,U025,74
1117059000,U026,67
1117059000,U031,26
1117059000,U027,63
1117059000,U028,57
1117059000,U029,63
1117059000,U030,58
1117059000,U032,53
1117059000,U033,63
1117059000,U035,46
1117059000,U034,75
1117059000,U036,65
1117059000,U038,51
1117059000,U037,53
1117059000,U039,47
1117059000,U040,59
1117059000,U041,68
1117059000,U042,58
1117059000,U043,68
1117059000,U044,51
1117059000,U045,67
1117059000,U046,52
1117059000,V001,51
1117059000,U047,37
1117062500,B001,43
1117059000,V002,35
1117062500,C003,54
1117062500,C001,56
1117062500,C002,58
1117062500,C005,51
1117062500,C004,55
1117062500,C006,71
1117062500,C007,41
1117062500,C008,74
1117062500,E001,50
1117062500,C009,58
1117062500,M001,62
1117062500,P001,67
1117062500,P002,40
1117062500,U002,46
1117062500,U001,49
1117062500,U003,40
1117062500,U004,66
1117062500,U005,44
1117062500,U006,54
1117062500,U007,51
1117062500,U009,62
1117062500,U010,66
1117062500,U008,71
1117062500,U012,45
1117062500,U011,68
1117062500,U013,55
1117062500,U014,62
1117062500,U015,76
1117062500,U016,56
1117062500,U017,44
1117062500,U018,62
1117062500,U021,64
1117062500,U020,56
1117062500,U019,71
1117062500,U022,45
1117062500,U023,59
1117062500,U024,72
1117062500,U025,62
1117062500,U027,59
1117062500,U026,61
1117062500,U031,35
1117062500,U028,53
1117062500,U029,59
1117062500,U030,59
1117062500,U032,44
1117062500,U033,56
1117062500,U035,51
1117062500,U034,74
1117062500,U036,67
1117062500,U037,43
1117062500,U038,44
1117062500,U039,51
1117062500,U041,68
1117062500,U040,58
1117062500,U042,61
1117062500,U043,63
1117062500,U044,49
1117062500,U045,66
1117062500,U046,51
1117062500,V001,51
1117062500,U047,42
1117062500,V002,31
1117063000,B001,58
1117063000,C001,71
1117063000,C003,69
1117063000,C002,68
1117063000,C004,62
1117063000,C005,78
1117063000,C007,57
1117063000,C006,67
1117063000,C008,73
1117063000,C009,57
1117063000,E001,65
1117063000,P002,45
1117063000,M001,71
1117063000,P001,82
1117063000,U001,65
1117063000,U002,52
1117063000,U004,67
1117063000,U003,56
1117063000,U005,58
1117063000,U006,60
1117063000,U007,66
1117063000,U009,78
1117063000,U010,81
1117063000,U008,70
1117063000,U012,60
1117063000,U011,83
1117063000,U013,71
1117063000,U015,85
1117063000,U016,72
1117063000,U014,65
1117063000,U017,58
1117063000,U021,69
1117063000,U018,78
1117063000,U020,67
1117063000,U019,77
1117063000,U022,60
1117063000,U023,66
1117063000,U024,82
1117063000,U027,75
1117063000,U026,75
1117063000,U025,76
1117063000,U028,69
1117063000,U032,49
1117063000,U031,52
1117063000,U029,74
1117063000,U030,69
1117063000,U033,72
1117063000,U034,76
1117063000,U036,71
1117063000,U035,67
1117063000,U037,48
1117063000,U038,54
1117063000,U039,67
1117063000,U042,60
1117063000,U040,67
1117063000,U041,77
1117063000,U043,73
1117063000,U044,64
1117063000,U045,82
1117063000,U046,53
1117063000,U047,57
1117063000,V001,61
1117063000,V002,47
1117064000,B001,59
1117064000,C001,65
1117064000,C002,71
1117064000,C003,68
1117064000,C005,67
1117064000,C004,69
1117064000,C007,62
1117064000,C006,75
1117064000,C008,80
1117064000,E001,71
1117064000,C009,64
1117064000,M001,79
1117064000,P002,52
1117064000,P001,80
1117064000,U002,65
1117064000,U001,65
1117064000,U003,56
1117064000,U004,104
1117064000,U005,61
1117064000,U007,68
1117064000,U006,68
1117064000,U009,88
1117064000,U008,77
1117064000,U010,88
1117064000,U012,68
1117064000,U011,84
1117064000,U013,72
1117064000,U014,78
1117064000,U015,93
1117064000,U017,56
1117064000,U016,76
1117064000,U018,79
1117064000,U021,70
1117064000,U019,88
1117064000,U020,69
1117064000,U022,60
1117064000,U023,73
1117064000,U024,89
1117064000,U027,82
1117064000,U026,77
1117064000,U025,78
1117064000,U028,69
1117064000,U031,42
1117064000,U030,76
1117064000,U029,74
1117064000,U032,50
1117064000,U033,72
1117064000,U037,49
1117064000,U035,68
1117064000,U034,84
1117064000,U036,78
1117064000,U038,65
1117064000,U039,67
1117064000,U040,75
1117064000,U042,67
1117064000,U041,86
1117064000,U043,86
1117064000,U045,82
1117064000,U044,66
1117064000,U047,55
1117064000,U046,60
1117064000,V001,71
1117065000,B001,50
1117064000,V002,50
1117065000,C002,59
1117065000,C003,54
1117065000,C001,66
1117065000,C005,77
1117065000,C004,55
1117065000,C006,64
1117065000,C007,41
1117065000,C008,64
1117065000,P002,20
1117065000,C009,52
1117065000,E001,45
1117065000,M001,55
1117065000,P001,68
1117065000,U002,36
1117065000,U001,54
1117065000,U003,43
1117065000,U004,60
1117065000,U005,44
1117065000,U006,53
1117065000,U009,57
1117065000,U008,58
1117065000,U007,44
1117065000,U010,66
1117065000,U012,42
1117065000,U011,62
1117065000,U014,59
1117065000,U013,49
1117065000,U015,69
1117065000,U016,61
1117065000,U017,51
1117065000,U018,57
1117065000,U019,64
1117065000,U020,56
1117065000,U021,66
1117065000,U022,56
1117065000,U024,65
1117065000,U023,59
1117065000,U025,78
1117065000,U027,63
1117065000,U026,72
1117065000,U028,50
1117065000,U029,63
1117065000,U030,51
1117065000,U031,38
1117065000,U033,61
1117065000,U032,54
1117065000,U035,56
1117065000,U034,69
1117065000,U036,59
1117065000,U037,53
1117065000,U038,52
1117065000,U039,52
1117065000,U040,53
1117065000,U041,62
1117065000,U043,62
1117065000,U042,51
1117065000,U044,45
1117065000,U045,60
1117065000,V001,50
1117065000,U046,46
1117065000,U047,42
1117065000,V002,31
1117066000,B001,49
1117066000,C003,53
1117066000,C002,73
1117066000,C001,69
1117066000,C005,70
1117066000,C004,74
1117066000,C006,68
1117066000,C008,70
1117066000,E001,50
1117066000,C009,67
1117066000,M001,63
1117066000,C007,40
1117066000,P001,72
1117066000,U001,61
1117066000,U004,63
1117066000,U005,51
1117066000,U002,41
1117066000,U007,52
1117066000,P002,34
1117066000,U003,48
1117066000,U006,61
1117066000,U009,68
1117066000,U010,71
1117066000,U011,70
1117066000,U013,57
1117066000,U014,70
1117066000,U016,56
1117066000,U015,77
1117066000,U012,50
1117066000,U017,52
1117066000,U008,66
1117066000,U019,72
1117066000,U018,80
1117066000,U020,61
1117066000,U021,73
1117066000,U022,56
1117066000,U024,73
1117066000,U023,75
1117066000,U027,62
1117066000,U025,75
1117066000,U028,70
1117066000,U026,74
1117066000,U029,66
1117066000,U030,56
1117066000,U031,42
1117066000,U033,64
1117066000,U032,56
1117066000,U034,83
1117066000,U035,54
1117066000,U036,67
1117066000,U038,71
1117066000,U037,55
1117066000,U039,55
1117066000,U041,67
1117066000,U040,61
1117066000,U043,69
1117066000,U042,59
1117066000,U044,63
1117066000,U045,68
1117066000,U046,60
1117066000,V001,49
1117066000,U047,47
1117066000,V002,30
1117068500,B001,39
1117068500,C003,54
1117068500,C002,73
1117068500,C001,81
1117068500,C004,64
1117068500,C005,59
1117068500,C006,65
1117068500,C007,38
1117068500,C009,57
1117068500,C008,77
1117068500,E001,46
1117068500,M001,59
1117068500,P001,80
1117068500,U001,52
1117068500,P002,32
1117068500,U002,50
1117068500,U003,46
1117068500,U004,60
1117068500,U007,59
1117068500,U005,50
1117068500,U006,72
1117068500,U009,70
1117068500,U008,62
1117068500,U012,43
1117068500,U011,66
1117068500,U010,78
1117068500,U013,52
1117068500,U016,57
1117068500,U014,70
1117068500,U015,73
1117068500,U017,61
1117068500,U018,73
1117068500,U019,68
1117068500,U020,68
1117068500,U021,78
1117068500,U022,46
1117068500,U024,69
1117068500,U023,66
1117068500,U025,94
1117068500,U027,55
1117068500,U026,83
1117068500,U028,60
1117068500,U030,53
1117068500,U029,71
1117068500,U031,50
1117068500,U032,56
1117068500,U034,73
1117068500,U036,64
1117068500,U035,58
1117068500,U033,63
1117068500,U037,66
1117068500,U038,55
1117068500,U039,59
1117068500,U040,65
1117068500,U041,64
1117068500,U042,68
1117068500,U043,67
1117068500,U044,51
1117068500,U046,51
1117068500,U045,64
1117068500,U047,54
1117068500,V001,45
1117068500,V002,39
1117069000,C001,63
1117069000,B001,51
1117069000,C003,59
1117069000,C002,62
1117069000,C004,53
1117069000,C005,63
1117069000,C006,59
1117069000,C007,50
1117069000,C009,47
1117069000,E001,49
1117069000,C008,64
1117069000,M001,62
1117069000,P002,31
1117069000,P001,76
1117069000,U002,39
1117069000,U001,58
1117069000,U003,52
1117069000,U004,57
1117069000,U006,51
1117069000,U007,56
1117069000,U005,52
1117069000,U009,71
1117069000,U008,61
1117069000,U012,48
1117069000,U011,78
1117069000,U010,74
1117069000,U013,63
1117069000,U015,80
1117069000,U014,59
1117069000,U016,72
1117069000,U017,51
1117069000,U018,71
1117069000,U021,62
1117069000,U020,60
1117069000,U019,68
1117069000,U022,53
1117069000,U024,76
1117069000,U023,57
1117069000,U027,62
1117069000,U026,67
1117069000,U025,68
1117069000,U028,62
1117069000,U029,67
1117069000,U031,50
1117069000,U030,64
1117069000,U032,50
1117069000,U033,69
1117069000,U034,66
1117069000,U035,64
1117069000,U037,50
1117069000,U036,61
1117069000,U038,47
1117069000,U039,64
1117069000,U042,51
1117069000,U040,58
1117069000,U041,68
1117069000,U043,64
1117069000,U045,74
1117069000,U044,57
1117069000,U047,51
1117069000,U046,44
1117069000,V001,44
1117069000,V002,40
1117070000,B001,47
1117070000,C003,65
1117070000,C002,62
1117070000,C001,70
1117070000,C005,61
1117070000,C004,54
1117070000,C006,61
1117070000,C007,54
1117070000,C008,68
1117070000,P002,20
1117070000,E001,43
1117070000,C009,48
1117070000,P001,71
1117070000,M001,59
1117070000,U002,36
1117070000,U001,59
1117070000,U004,56
1117070000,U003,49
1117070000,U005,47
1117070000,U006,52
1117070000,U007,47
1117070000,U009,78
1117070000,U010,70
1117070000,U008,62
1117070000,U011,66
1117070000,U012,60
1117070000,U013,52
1117070000,U014,63
1117070000,U015,73
1117070000,U016,65
1117070000,U017,55
1117070000,U018,61
1117070000,U019,68
1117070000,U021,72
1117070000,U020,60
1117070000,U022,54
1117070000,U023,58
1117070000,U024,69
1117070000,U025,77
1117070000,U027,73
1117070000,U026,76
1117070000,U028,54
1117070000,U029,72
1117070000,U030,49
1117070000,U032,53
1117070000,U031,48
1117070000,U033,65
1117070000,U034,74
1117070000,U035,60
1117070000,U036,63
1117070000,U037,58
1117070000,U038,60
1117070000,U039,60
1117070000,U040,55
1117070000,U042,55
1117070000,U041,61
1117070000,U043,62
1117070000,U044,49
1117070000,U045,64
1117070000,U046,45
1117070000,V001,42
1117070000,U047,46
1117070000,V002,43
1120052000,B001,44
1120052000,C003,58
1120052000,C001,80
1120052000,C002,74
1120052000,C004,54
1120052000,C005,61
1120052000,C006,73
1120052000,C007,48
1120052000,C008,84
1120052000,E001,68
1120052000,C009,39
1120052000,M001,65
1120052000,P001,85
1120052000,P002,51
1120052000,U001,48
1120052000,U002,62
1120052000,U004,53
1120052000,U003,51
1120052000,U005,51
1120052000,U006,63
1120052000,U007,51
1120052000,U009,61
1120052000,U008,63
1120052000,U010,84
1120052000,U012,52
1120052000,U011,69
1120052000,U013,53
1120052000,U015,85
1120052000,U014,71
1120052000,U016,62
1120052000,U017,59
1120052000,U018,61
1120052000,U019,68
1120052000,U020,74
1120052000,U022,43
1120052000,U021,92
1120052000,U023,58
1120052000,U024,82
1120052000,U027,58
1120052000,U025,86
1120052000,U026,85
1120052000,U028,52
1120052000,U029,57
1120052000,U030,50
1120052000,U031,54
1120052000,U032,71
1120052000,U033,65
1120052000,U034,61
1120052000,U035,59
1120052000,U036,54
1120052000,U039,56
1120052000,U037,73
1120052000,U038,69
1120052000,U040,54
1120052000,U041,68
1120052000,U042,54
1120052000,U043,57
1120052000,U044,48
1120052000,U045,64
1120052000,V001,49
1120052000,U046,42
1120052000,U047,62
1120052000,V002,38
1120053500,B001,37
1120053500,C003,53
1120053500,C001,75
1120053500,C004,46
1120053500,C002,68
1120053500,C005,56
1120053500,C006,69
1120053500,C007,43
1120053500,C009,40
1120053500,C008,74
1120053500,E001,63
1120053500,M001,56
1120053500,P002,48
1120053500,P001,80
1120053500,U001,43
1120053500,U002,57
1120053500,U004,48
1120053500,U003,46
1120053500,U006,55
1120053500,U005,46
1120053500,U007,33
1120053500,U009,54
1120053500,U008,66
1120053500,U011,61
1120053500,U010,79
1120053500,U012,46
1120053500,U013,51
1120053500,U014,66
1120053500,U015,77
1120053500,U016,64
1120053500,U017,54
1120053500,U018,56
1120053500,U019,76
1120053500,U020,68
1120053500,U021,86
1120053500,U022,38
1120053500,U023,49
1120053500,U024,73
1120053500,U025,81
1120053500,U027,53
1120053500,U026,80
1120053500,U028,38
1120053500,U029,52
1120053500,U030,46
1120053500,U031,49
1120053500,U032,66
1120053500,U033,60
1120053500,U034,56
1120053500,U035,54
1120053500,U036,51
1120053500,U038,63
1120053500,U039,50
1120053500,U037,68
1120053500,U040,39
1120053500,U041,58
1120053500,U043,54
1120053500,U042,45
1120053500,U046,33
1120053500,U044,43
1120053500,U045,59
1120053500,V001,51
1120053500,U047,57
1120054000,B001,42
1120053500,V002,33
1120054000,C001,79
1120054000,C003,56
1120054000,C002,77
1120054000,C004,44
1120054000,C005,64
1120054000,C006,57
1120054000,C007,49
1120054000,C009,31
1120054000,C008,61
1120054000,E001,65
1120054000,M001,57
1120054000,P002,48
1120054000,P001,82
1120054000,U001,49
1120054000,U002,56
1120054000,U003,47
1120054000,U004,44
1120054000,U006,49
1120054000,U005,47
1120054000,U007,41
1120054000,U009,61
1120054000,U008,71
1120054000,U011,66
1120054000,U010,80
1120054000,U012,49
1120054000,U013,51
1120054000,U016,59
1120054000,U014,74
1120054000,U015,71
1120054000,U017,59
1120054000,U018,62
1120054000,U019,58
1120054000,U021,82
1120054000,U022,44
1120054000,U020,72
1120054000,U023,40
1120054000,U024,67
1120054000,U025,87
1120054000,U026,86
1120054000,U027,59
1120054000,U028,47
1120054000,U029,61
1120054000,U030,37
1120054000,U033,65
1120054000,U032,65
1120054000,U031,54
1120054000,U034,52
1120054000,U035,60
1120054000,U036,44
1120054000,U038,63
1120054000,U037,70
1120054000,U039,55
1120054000,U040,46
1120054000,U043,47
1120054000,U042,48
1120054000,U041,59
1120054000,U046,34
1120054000,U045,65
1120054000,U044,47
1120054000,V001,51
1120054000,U047,58
1120054000,V002,39
1120055000,B001,41
1120055000,C003,58
1120055000,C001,80
1120055000,C002,73
1120055000,C004,49
1120055000,C005,61
1120055000,C009,20
1120055000,C006,64
1120055000,C007,48
1120055000,C008,63
1120055000,E001,60
1120055000,M001,59
1120055000,P002,52
1120055000,P001,85
1120055000,U002,54
1120055000,U001,48
1120055000,U004,47
1120055000,U003,50
1120055000,U005,51
1120055000,U007,52
1120055000,U006,47
1120055000,U009,60
1120055000,U008,60
1120055000,U011,68
1120055000,U010,83
1120055000,U012,48
1120055000,U013,52
1120055000,U014,70
1120055000,U015,72
1120055000,U017,59
1120055000,U016,69
1120055000,U018,60
1120055000,U019,65
1120055000,U021,84
1120055000,U022,43
1120055000,U020,73
1120055000,U023,46
1120055000,U024,69
1120055000,U027,57
1120055000,U025,86
1120055000,U026,85
1120055000,U028,52
1120055000,U030,45
1120055000,U029,57
1120055000,U033,65
1120055000,U031,53
1120055000,U032,64
1120055000,U034,54
1120055000,U035,58
1120055000,U036,53
1120055000,U037,74
1120055000,U038,62
1120055000,U039,55
1120055000,U040,58
1120055000,U042,49
1120055000,U041,65
1120055000,U043,56
1120055000,U046,15
1120055000,U044,47
1120055000,U045,64
1120055000,V001,49
1120055000,U047,61
1120055000,V002,37
1120056000,B001,36
1120056000,C001,75
1120056000,C003,53
1120056000,C004,45
1120056000,C002,68
1120056000,C005,56
1120056000,C006,63
1120056000,C007,43
1120056000,C009,29
1120056000,C008,56
1120056000,E001,59
1120056000,M001,54
1120056000,P002,46
1120056000,P001,80
1120056000,U001,43
1120056000,U002,48
1120056000,U004,43
1120056000,U003,46
1120056000,U005,46
1120056000,U006,43
1120056000,U007,43
1120056000,U009,55
1120056000,U008,53
1120056000,U011,63
1120056000,U010,78
1120056000,U012,43
1120056000,U013,47
1120056000,U016,57
1120056000,U015,67
1120056000,U014,65
1120056000,U017,54
1120056000,U018,55
1120056000,U019,59
1120056000,U022,38
1120056000,U021,83
1120056000,U020,68
1120056000,U023,49
1120056000,U024,64
1120056000,U027,52
1120056000,U025,81
1120056000,U026,80
1120056000,U028,47
1120056000,U029,52
1120056000,U030,40
1120056000,U031,48
1120056000,U032,57
1120056000,U033,60
1120056000,U034,53
1120056000,U035,53
1120056000,U036,46
1120056000,U037,67
1120056000,U039,50
1120056000,U038,55
1120056000,U040,48
1120056000,U041,60
1120056000,U042,43
1120056000,U043,49
1120056000,U044,42
1120056000,U046,27
1120056000,U045,59
1120056000,V001,43
1120056000,U047,56
1120056000,V002,33
1120057000,B001,37
1120057000,C001,74
1120057000,C003,50
1120057000,C002,71
1120057000,C004,54
1120057000,C005,59
1120057000,C006,46
1120057000,C009,36
1120057000,C007,44
1120057000,C008,60
1120057000,E001,50
1120057000,M001,52
1120057000,P001,76
1120057000,P002,42
1120057000,U001,44
1120057000,U002,56
1120057000,U003,42
1120057000,U004,44
1120057000,U005,42
1120057000,U007,40
1120057000,U006,46
1120057000,U009,56
1120057000,U008,54
1120057000,U012,44
1120057000,U010,75
1120057000,U011,59
1120057000,U013,45
1120057000,U015,65
1120057000,U016,53
1120057000,U017,55
1120057000,U014,69
1120057000,U018,56
1120057000,U019,59
1120057000,U022,39
1120057000,U021,86
1120057000,U020,67
1120057000,U023,45
1120057000,U024,62
1120057000,U027,53
1120057000,U026,81
1120057000,U025,81
1120057000,U028,48
1120057000,U030,38
1120057000,U029,53
1120057000,U031,49
1120057000,U033,60
1120057000,U032,66
1120057000,U034,52
1120057000,U035,55
1120057000,U036,45
1120057000,U037,69
1120057000,U038,64
1120057000,U039,54
1120057000,U040,49
1120057000,U041,59
1120057000,U042,53
1120057000,U043,48
1120057000,U046,31
1120057000,U044,41
1120057000,U045,57
1120057000,V001,46
1120057000,U047,53
1120057000,V002,34
1120058000,B001,47
1120058000,C003,54
1120058000,C001,73
1120058000,C002,70
1120058000,C004,47
1120058000,C005,57
1120058000,C006,53
1120058000,C007,46
1120058000,C009,36
1120058000,C008,58
1120058000,E001,47
1120058000,M001,56
1120058000,P002,46
1120058000,P001,83
1120058000,U001,46
1120058000,U002,47
1120058000,U004,58
1120058000,U003,49
1120058000,U005,49
1120058000,U006,45
1120058000,U007,51
1120058000,U009,68
1120058000,U008,55
1120058000,U011,73
1120058000,U010,82
1120058000,U012,42
1120058000,U013,51
1120058000,U014,67
1120058000,U015,74
1120058000,U016,58
1120058000,U017,61
1120058000,U018,69
1120058000,U019,62
1120058000,U021,75
1120058000,U020,69
1120058000,U022,41
1120058000,U023,51
1120058000,U024,70
1120058000,U027,57
1120058000,U025,79
1120058000,U026,77
1120058000,U028,54
1120058000,U029,70
1120058000,U030,57
1120058000,U031,55
1120058000,U032,57
1120058000,U033,60
1120058000,U034,56
1120058000,U035,57
1120058000,U036,49
1120058000,U037,64
1120058000,U038,57
1120058000,U039,54
1120058000,U040,53
1120058000,U041,62
1120058000,U042,45
1120058000,U046,30
1120058000,U044,46
1120058000,U045,72
1120058000,U043,52
1120058000,V001,48
1120058000,U047,61
1120058000,V002,36
1120059000,B001,45
1120059000,C001,82
1120059000,C003,59
1120059000,C002,80
1120059000,C004,57
1120059000,C005,67
1120059000,C006,54
1120059000,C007,52
1120059000,C009,42
1120059000,E001,52
1120059000,C008,69
1120059000,M001,60
1120059000,P002,50
1120059000,P001,84
1120059000,U001,52
1120059000,U002,52
1120059000,U003,50
1120059000,U004,53
1120059000,U005,50
1120059000,U006,69
1120059000,U007,48
1120059000,U009,65
1120059000,U008,63
1120059000,U010,83
1120059000,U012,53
1120059000,U011,67
1120059000,U013,53
1120059000,U015,74
1120059000,U016,61
1120059000,U014,77
1120059000,U017,63
1120059000,U018,65
1120059000,U019,67
1120059000,U021,80
1120059000,U020,75
1120059000,U022,47
1120059000,U023,60
1120059000,U024,70
1120059000,U027,62
1120059000,U025,90
1120059000,U026,89
1120059000,U028,56
1120059000,U029,61
1120059000,U030,46
1120059000,U031,57
1120059000,U032,62
1120059000,U033,68
1120059000,U034,60
1120059000,U035,63
1120059000,U036,53
1120059000,U039,62
1120059000,U037,74
1120059000,U038,60
1120059000,U040,58
1120059000,U041,67
1120059000,U042,56
1120059000,U043,56
1120059000,U044,58
1120059000,U046,37
1120059000,U045,65
1120059000,V001,54
1120059000,U047,61
1120059000,V002,42
1120061500,B001,36
1120061500,C001,73
1120061500,C003,49
1120061500,C005,57
1120061500,C004,49
1120061500,C002,70
1120061500,C006,48
1120061500,C007,42
1120061500,C009,37
1120061500,E001,43
1120061500,C008,59
1120061500,M001,50
1120061500,P002,41
1120061500,U001,42
1120061500,P001,75
1120061500,U002,43
1120061500,U003,41
1120061500,U004,46
1120061500,U005,41
1120061500,U007,39
1120061500,U006,48
1120061500,U009,55
1120061500,U008,53
1120061500,U010,73
1120061500,U011,58
1120061500,U013,44
1120061500,U012,43
1120061500,U014,68
1120061500,U015,64
1120061500,U016,52
1120061500,U017,54
1120061500,U018,55
1120061500,U019,60
1120061500,U021,71
1120061500,U020,66
1120061500,U022,38
1120061500,U023,47
1120061500,U024,61
1120061500,U025,80
1120061500,U027,52
1120061500,U026,79
1120061500,U028,46
1120061500,U029,52
1120061500,U030,40
1120061500,U032,68
1120061500,U031,48
1120061500,U033,59
1120061500,U034,54
1120061500,U035,54
1120061500,U036,47
1120061500,U038,63
1120061500,U037,68
1120061500,U040,48
1120061500,U039,52
1120061500,U041,61
1120061500,U043,50
1120061500,U042,47
1120061500,U045,56
1120061500,U046,35
1120061500,U047,52
1120061500,V001,38
1120061500,U044,40
1120061500,V002,32
1120062000,B001,41
1120062000,C003,49
1120062000,C002,64
1120062000,C001,69
1120062000,C004,54
1120062000,C005,53
1120062000,C006,54
1120062000,C007,45
1120062000,C009,39
1120062000,C008,59
1120062000,E001,39
1120062000,M001,56
1120062000,P002,44
1120062000,P001,84
1120062000,U001,47
1120062000,U002,39
1120062000,U004,60
1120062000,U003,50
1120062000,U005,50
1120062000,U007,54
1120062000,U006,47
1120062000,U009,71
1120062000,U012,38
1120062000,U008,56
1120062000,U011,69
1120062000,U010,82
1120062000,U016,53
1120062000,U013,49
1120062000,U015,69
1120062000,U014,62
1120062000,U017,76
1120062000,U019,65
1120062000,U018,72
1120062000,U020,64
1120062000,U021,67
1120062000,U022,42
1120062000,U024,88
1120062000,U023,56
1120062000,U027,52
1120062000,U026,79
1120062000,U025,75
1120062000,U030,59
1120062000,U028,57
1120062000,U029,56
1120062000,U032,49
1120062000,U031,66
1120062000,U034,65
1120062000,U035,54
1120062000,U033,56
1120062000,U036,56
1120062000,U037,55
1120062000,U038,48
1120062000,U039,60
1120062000,U040,56
1120062000,U041,63
1120062000,U042,46
1120062000,U043,59
1120062000,U045,67
1120062000,U046,41
1120062000,U044,56
1120062000,U047,53
1120062000,V001,46
1120062000,V002,32
1120064500,B001,43
1120064500,C003,51
1120064500,C001,70
1120064500,C002,66
1120064500,C005,55
1120064500,C004,49
1120064500,C006,54
1120064500,C007,47
1120064500,C009,44
1120064500,E001,41
1120064500,C008,60
1120064500,M001,57
1120064500,P002,38
1120064500,P001,82
1120064500,U002,41
1120064500,U001,49
1120064500,U003,48
1120064500,U004,66
1120064500,U005,48
1120064500,U006,48
1120064500,U007,46
1120064500,U009,68
1120064500,U012,40
1120064500,U010,77
1120064500,U011,65
1120064500,U008,57
1120064500,U013,51
1120064500,U016,55
1120064500,U014,63
1120064500,U017,59
1120064500,U015,71
1120064500,U018,62
1120064500,U020,66
1120064500,U021,69
1120064500,U022,44
1120064500,U019,67
1120064500,U023,53
1120064500,U024,67
1120064500,U027,54
1120064500,U025,76
1120064500,U026,81
1120064500,U028,53
1120064500,U030,55
1120064500,U029,58
1120064500,U031,50
1120064500,U032,51
1120064500,U033,58
1120064500,U034,63
1120064500,U035,56
1120064500,U036,58
1120064500,U037,56
1120064500,U038,50
1120064500,U039,54
1120064500,U040,54
1120064500,U041,64
1120064500,U043,63
1120064500,U042,47
1120064500,U044,47
1120064500,U045,65
1120064500,U046,47
1120064500,V001,34
1120064500,U047,55
1120065000,B001,45
1120064500,V002,34
1120065000,C001,80
1120065000,C003,61
1120065000,C002,77
1120065000,C005,65
1120065000,C004,50
1120065000,C007,51
1120065000,C006,55
1120065000,C008,61
1120065000,C009,43
1120065000,E001,48
1120065000,P002,54
1120065000,M001,59
1120065000,U001,51
1120065000,U002,44
1120065000,P001,77
1120065000,U004,51
1120065000,U003,56
1120065000,U007,58
1120065000,U006,48
1120065000,U005,56
1120065000,U009,64
1120065000,U012,57
1120065000,U008,57
1120065000,U011,72
1120065000,U010,79
1120065000,U013,56
1120065000,U016,68
1120065000,U014,74
1120065000,U015,80
1120065000,U017,63
1120065000,U018,64
1120065000,U021,72
1120065000,U019,68
1120065000,U022,47
1120065000,U020,77
1120065000,U023,55
1120065000,U024,77
1120065000,U026,83
1120065000,U027,78
1120065000,U025,81
1120065000,U028,55
1120065000,U029,61
1120065000,U030,43
1120065000,U032,54
1120065000,U031,61
1120065000,U033,68
1120065000,U034,62
1120065000,U035,62
1120065000,U036,56
1120065000,U037,59
1120065000,U038,52
1120065000,U039,59
1120065000,U040,51
1120065000,U041,69
1120065000,U042,48
1120065000,U043,53
1120065000,U044,51
1120065000,U046,37
1120065000,U045,103
1120065000,V001,39
1120065000,U047,65
1120065000,V002,41
1120066000,B001,42
1120066000,C001,81
1120066000,C003,59
1120066000,C002,74
1120066000,C004,50
1120066000,C005,62
1120066000,C006,62
1120066000,C009,36
1120066000,C007,49
1120066000,C008,61
1120066000,E001,58
1120066000,M001,60
1120066000,P002,54
1120066000,P001,86
1120066000,U001,49
1120066000,U002,46
1120066000,U004,41
1120066000,U003,52
1120066000,U005,52
1120066000,U006,48
1120066000,U007,48
1120066000,U009,62
1120066000,U008,62
1120066000,U012,49
1120066000,U010,85
1120066000,U011,69
1120066000,U013,53
1120066000,U014,72
1120066000,U015,74
1120066000,U016,70
1120066000,U017,60
1120066000,U018,62
1120066000,U021,81
1120066000,U019,62
1120066000,U020,74
1120066000,U022,44
1120066000,U023,48
1120066000,U024,70
1120066000,U025,87
1120066000,U027,59
1120066000,U026,85
1120066000,U028,53
1120066000,U029,58
1120066000,U030,40
1120066000,U031,54
1120066000,U033,66
1120066000,U032,55
1120066000,U034,51
1120066000,U036,54
1120066000,U035,60
1120066000,U038,54
1120066000,U037,60
1120066000,U039,56
1120066000,U040,64
1120066000,U041,62
1120066000,U042,57
1120066000,U043,55
1120066000,U046,30
1120066000,U044,48
1120066000,U045,65
1120066000,V001,40
1120066000,U047,63
1120066000,V002,39
1120067000,B001,51
1120067000,C002,83
1120067000,C003,67
1120067000,C001,84
1120067000,C005,70
1120067000,C004,52
1120067000,C006,62
1120067000,C007,57
1120067000,C009,45
1120067000,E001,60
1120067000,C008,72
1120067000,M001,68
1120067000,P002,66
1120067000,U001,57
1120067000,P001,81
1120067000,U002,50
1120067000,U004,39
1120067000,U003,59
1120067000,U005,59
1120067000,U007,59
1120067000,U006,50
1120067000,U008,71
1120067000,U009,72
1120067000,U012,65
1120067000,U010,82
1120067000,U011,75
1120067000,U013,62
1120067000,U015,81
1120067000,U014,80
1120067000,U016,70
1120067000,U017,68
1120067000,U018,70
1120067000,U021,74
1120067000,U019,64
1120067000,U022,52
1120067000,U020,83
1120067000,U023,57
1120067000,U024,78
1120067000,U025,86
1120067000,U027,80
1120067000,U026,89
1120067000,U029,66
1120067000,U028,60
1120067000,U030,41
1120067000,U032,59
1120067000,U031,63
1120067000,U034,59
1120067000,U033,74
1120067000,U035,68
1120067000,U036,55
1120067000,U037,61
1120067000,U038,58
1120067000,U039,65
1120067000,U041,78
1120067000,U040,84
1120067000,U042,61
1120067000,U043,52
1120067000,U044,57
1120067000,U046,39
1120067000,U045,73
1120067000,V001,42
1120067000,U047,71
1120067000,V002,47
1120069000,B001,40
1120069000,C003,57
1120069000,C002,72
1120069000,C001,79
1120069000,C004,48
1120069000,C005,60
1120069000,C009,33
1120069000,C006,44
1120069000,C007,47
1120069000,C008,62
1120069000,E001,53
1120069000,M001,58
1120069000,P001,84
1120069000,P002,52
1120069000,U001,47
1120069000,U002,47
1120069000,U004,39
1120069000,U003,50
1120069000,U005,50
1120069000,U007,46
1120069000,U006,46
1120069000,U008,59
1120069000,U009,60
1120069000,U012,47
1120069000,U010,83
1120069000,U011,62
1120069000,U013,51
1120069000,U014,70
1120069000,U016,68
1120069000,U015,69
1120069000,U017,58
1120069000,U018,60
1120069000,U021,76
1120069000,U019,57
1120069000,U020,72
1120069000,U022,42
1120069000,U023,47
1120069000,U024,65
1120069000,U025,85
1120069000,U027,57
1120069000,U026,84
1120069000,U030,32
1120069000,U028,48
1120069000,U029,56
1120069000,U032,56
1120069000,U033,64
1120069000,U031,52
1120069000,U034,46
1120069000,U035,58
1120069000,U036,46
1120069000,U038,54
1120069000,U039,54
1120069000,U037,61
1120069000,U040,58
1120069000,U041,57
1120069000,U043,55
1120069000,U042,48
1120069000,U044,46
1120069000,U046,30
1120069000,U045,60
1120069000,V001,41
1120069000,U047,61
1120069000,V002,37
1120072000,B001,62
1120072000,C001,89
1120072000,C003,70
1120072000,C002,85
1120072000,C004,57
1120072000,C005,73
1120072000,C006,49
1120072000,C007,60
1120072000,C009,51
1120072000,E001,69
1120072000,C008,73
1120072000,M001,75
1120072000,P002,69
1120072000,U002,55
1120072000,P001,90
1120072000,U001,60
1120072000,U003,69
1120072000,U004,38
1120072000,U006,72
1120072000,U007,63
1120072000,U005,69
1120072000,U008,74
1120072000,U009,77
1120072000,U012,70
1120072000,U011,75
1120072000,U010,91
1120072000,U013,70
1120072000,U015,68
1120072000,U014,82
1120072000,U016,80
1120072000,U017,71
1120072000,U018,72
1120072000,U019,68
1120072000,U021,90
1120072000,U020,85
1120072000,U024,64
1120072000,U022,55
1120072000,U023,55
1120072000,U025,95
1120072000,U026,94
1120072000,U027,85
1120072000,U028,66
1120072000,U029,77
1120072000,U030,15
1120072000,U034,62
1120072000,U035,70
1120072000,U032,64
1120072000,U031,65
1120072000,U033,77
1120072000,U036,53
1120072000,U038,63
1120072000,U040,71
1120072000,U037,72
1120072000,U039,67
1120072000,U041,64
1120072000,U043,65
1120072000,U042,59
1120072000,U046,45
1120072000,U045,73
1120072000,U044,67
1120072000,V001,51
1120072000,U047,73
1120072000,V002,50
1120079000,B001,48
1120079000,C001,87
1120079000,C003,64
1120079000,C004,50
1120079000,C002,85
1120079000,C005,72
1120079000,C006,48
1120079000,C009,45
1120079000,C007,57
1120079000,C008,63
1120079000,E001,60
1120079000,M001,54
1120079000,P001,90
1120079000,P002,56
1120079000,U001,57
1120079000,U002,55
1120079000,U003,55
1120079000,U004,38
1120079000,U005,55
1120079000,U006,66
1120079000,U007,45
1120079000,U009,62
1120079000,U008,54
1120079000,U011,66
1120079000,U010,88
1120079000,U012,57
1120079000,U013,50
1120079000,U014,90
1120079000,U015,74
1120079000,U016,67
1120079000,U018,70
1120079000,U017,67
1120079000,U019,58
1120079000,U021,91
1120079000,U020,81
1120079000,U023,40
1120079000,U022,54
1120079000,U024,71
1120079000,U028,51
1120079000,U027,70
1120079000,U025,95
1120079000,U026,94
1120079000,U030,31
1120079000,U029,62
1120079000,U031,62
1120079000,U033,73
1120079000,U032,65
1120079000,U034,55
1120079000,U035,68
1120079000,U036,45
1120079000,U039,74
1120079000,U038,63
1120079000,U037,70
1120079000,U040,59
1120079000,U041,58
1120079000,U042,43
1120079000,U046,44
1120079000,U043,47
1120079000,U044,52
1120079000,U045,64
1120079000,V001,50
1120079000,V002,47
1120079000,U047,67
1121571000,B001,46
1121571000,C001,83
1121571000,C004,54
1121571000,C002,78
1121571000,C003,62
1121571000,C005,66
1121571000,C006,39
1121571000,C009,42
1121571000,C007,52
1121571000,C008,59
1121571000,E001,47
1121571000,M001,56
1121571000,P002,53
1121571000,U001,52
1121571000,P001,90
1121571000,U002,42
1121571000,U004,15
1121571000,U003,55
1121571000,U005,55
1121571000,U007,52
1121571000,U006,52
1121571000,U009,65
1121571000,U008,61
1121571000,U012,53
1121571000,U011,73
1121571000,U010,88
1121571000,U013,56
1121571000,U014,75
1121571000,U015,64
1121571000,U016,73
1121571000,U017,63
1121571000,U018,65
1121571000,U019,52
1121571000,U021,78
1121571000,U020,78
1121571000,U023,57
1121571000,U022,48
1121571000,U024,60
1121571000,U025,89
1121571000,U026,81
1121571000,U030,15
1121571000,U027,62
1121571000,U028,56
1121571000,U029,61
1121571000,U034,47
1121571000,U033,69
1121571000,U031,58
1121571000,U032,51
1121571000,U036,43
1121571000,U037,56
1121571000,U035,63
1121571000,U038,49
1121571000,U039,60
1121571000,U040,64
1121571000,U042,52
1121571000,U043,53
1121571000,U041,52
1121571000,U044,52
1121571000,V001,36
1121571000,U046,36
1121571000,U045,69
1121571000,U047,66
1121571000,V002,42
1121573000,B001,54
1121573000,C003,67
1121573000,C002,88
1121573000,C001,90
1121573000,C004,56
1121573000,C006,46
1121573000,C005,75
1121573000,C007,60
1121573000,C009,46
1121573000,C008,62
1121573000,E001,55
1121573000,M001,59
1121573000,P002,59
1121573000,U001,60
1121573000,P001,93
1121573000,U002,49
1121573000,U003,59
1121573000,U004,30
1121573000,U005,59
1121573000,U006,76
1121573000,U007,55
1121573000,U008,63
1121573000,U009,73
1121573000,U011,76
1121573000,U012,61
1121573000,U010,91
1121573000,U013,59
1121573000,U014,85
1121573000,U015,67
1121573000,U016,70
1121573000,U017,71
1121573000,U018,73
1121573000,U021,85
1121573000,U019,55
1121573000,U022,55
1121573000,U020,84
1121573000,U023,50
1121573000,U024,63
1121573000,U025,97
1121573000,U027,80
1121573000,U026,89
1121573000,U028,61
1121573000,U030,15
1121573000,U029,72
1121573000,U034,50
1121573000,U032,59
1121573000,U031,65
1121573000,U033,76
1121573000,U035,72
1121573000,U036,43
1121573000,U038,57
1121573000,U037,64
1121573000,U039,67
1121573000,U041,45
1121573000,U040,69
1121573000,U043,46
1121573000,U042,58
1121573000,U044,62
1121573000,U046,39
1121573000,U045,74
1121573000,V001,44
1121573000,U047,70
1121574000,B001,55
1121573000,V002,50
1121574000,C003,67
1121574000,C002,88
1121574000,C001,91
1121574000,C004,52
1121574000,C005,75
1121574000,C006,44
1121574000,C007,61
1121574000,C008,68
1121574000,C009,46
1121574000,E001,57
1121574000,M001,59
1121574000,P002,59
1121574000,P001,93
1121574000,U001,60
1121574000,U002,52
1121574000,U004,39
1121574000,U003,59
1121574000,U006,72
1121574000,U005,59
1121574000,U007,51
1121574000,U009,69
1121574000,U008,70
1121574000,U010,92
1121574000,U011,73
1121574000,U012,61
1121574000,U013,59
1121574000,U014,86
1121574000,U015,63
1121574000,U016,70
1121574000,U017,71
1121574000,U019,63
1121574000,U018,77
1121574000,U021,88
1121574000,U020,84
1121574000,U022,56
1121574000,U023,47
1121574000,U024,59
1121574000,U027,77
1121574000,U025,98
1121574000,U026,91
1121574000,U028,57
1121574000,U029,68
1121574000,U030,26
1121574000,U034,55
1121574000,U031,66
1121574000,U033,77
1121574000,U032,61
1121574000,U035,72
1121574000,U036,45
1121574000,U037,66
1121574000,U038,60
1121574000,U039,67
1121574000,U040,65
1121574000,U041,60
1121574000,U042,54
1121574000,U043,46
1121574000,U044,59
1121574000,U046,45
1121574000,U045,71
1121574000,U047,70
1121574000,V001,46
1121574000,V002,50
1121575000,B001,51
1121575000,C001,88
1121575000,C003,64
1121575000,C004,54
1121575000,C002,85
1121575000,C006,41
1121575000,C005,72
1121575000,C007,57
1121575000,C009,46
1121575000,C008,59
1121575000,E001,54
1121575000,M001,56
1121575000,P002,56
1121575000,P001,90
1121575000,U001,57
1121575000,U002,49
1121575000,U003,56
1121575000,U005,56
1121575000,U006,53
1121575000,U004,38
1121575000,U007,52
1121575000,U008,60
1121575000,U009,69
1121575000,U010,89
1121575000,U011,73
1121575000,U012,58
1121575000,U013,56
1121575000,U015,64
1121575000,U014,83
1121575000,U016,67
1121575000,U017,68
1121575000,U018,70
1121575000,U019,52
1121575000,U021,85
1121575000,U022,53
1121575000,U020,81
1121575000,U023,47
1121575000,U024,60
1121575000,U027,77
1121575000,U025,97
1121575000,U026,88
1121575000,U030,28
1121575000,U028,58
1121575000,U029,69
1121575000,U032,58
1121575000,U031,63
1121575000,U034,49
1121575000,U033,74
1121575000,U035,69
1121575000,U036,40
1121575000,U037,63
1121575000,U038,57
1121575000,U039,64
1121575000,U040,54
1121575000,U041,52
1121575000,U043,43
1121575000,U042,52
1121575000,U046,44
1121575000,U044,59
1121575000,U045,71
1121575000,V001,43
1121575000,U047,67
1121575000,V002,47
1121576000,B001,55
1121576000,C001,92
1121576000,C003,68
1121576000,C002,89
1121576000,C004,51
1121576000,C006,38
1121576000,C005,77
1121576000,C007,61
1121576000,C009,53
1121576000,E001,56
1121576000,C008,57
1121576000,M001,53
1121576000,P001,94
1121576000,P002,62
1121576000,U001,61
1121576000,U002,51
1121576000,U003,60
1121576000,U004,40
1121576000,U005,60
1121576000,U006,50
1121576000,U007,56
1121576000,U009,86
1121576000,U008,58
1121576000,U010,93
1121576000,U012,61
1121576000,U011,77
1121576000,U013,53
1121576000,U014,86
1121576000,U015,63
1121576000,U016,71
1121576000,U017,74
1121576000,U019,49
1121576000,U018,82
1121576000,U021,86
1121576000,U020,85
1121576000,U022,56
1121576000,U024,59
1121576000,U023,50
1121576000,U025,98
1121576000,U026,90
1121576000,U027,73
1121576000,U028,60
1121576000,U029,70
1121576000,U030,29
1121576000,U032,60
1121576000,U034,58
1121576000,U033,78
1121576000,U035,74
1121576000,U031,66
1121576000,U036,44
1121576000,U037,65
1121576000,U038,58
1121576000,U040,62
1121576000,U039,71
1121576000,U041,50
1121576000,U043,47
1121576000,U044,64
1121576000,U045,73
1121576000,U046,47
1121576000,V001,45
1121576000,U047,71
1121576000,U042,50
1121576000,V002,51
1121577000,B001,61
1121577000,C003,74
1121577000,C002,95
1121577000,C004,63
1121577000,C005,83
1121577000,C001,98
1121577000,C006,51
1121577000,C009,56
1121577000,C007,68
1121577000,C008,69
1121577000,E001,64
1121577000,M001,66
1121577000,P002,66
1121577000,P001,100
1121577000,U001,68
1121577000,U002,59
1121577000,U003,66
1121577000,U004,51
1121577000,U006,63
1121577000,U007,61
1121577000,U005,66
1121577000,U009,80
1121577000,U008,71
1121577000,U012,68
1121577000,U011,83
1121577000,U010,99
1121577000,U013,66
1121577000,U014,93
1121577000,U016,77
1121577000,U015,74
1121577000,U017,78
1121577000,U018,77
1121577000,U019,62
1121577000,U021,95
1121577000,U020,91
1121577000,U022,63
1121577000,U024,70
1121577000,U023,64
1121577000,U027,80
1121577000,U026,98
1121577000,U025,107
1121577000,U028,72
1121577000,U030,41
1121577000,U029,78
1121577000,U032,68
1121577000,U031,73
1121577000,U034,57
1121577000,U036,49
1121577000,U033,84
1121577000,U035,79
1121577000,U037,74
1121577000,U038,67
1121577000,U039,74
1121577000,U040,72
1121577000,U041,62
1121577000,U043,53
1121577000,U042,62
1121577000,U044,65
1121577000,U046,54
1121577000,U045,81
1121577000,V001,54
1121577000,U047,77
1121577000,V002,58
1121578000,B001,56
1121578000,C001,93
1121578000,C003,69
1121578000,C002,90
1121578000,C004,60
1121578000,C005,78
1121578000,C006,50
1121578000,C007,63
1121578000,C008,58
1121578000,C009,53
1121578000,E001,60
1121578000,M001,65
1121578000,P002,61
1121578000,P001,95
1121578000,U001,63
1121578000,U004,37
1121578000,U002,54
1121578000,U003,61
1121578000,U005,61
1121578000,U006,79
1121578000,U007,61
1121578000,U009,78
1121578000,U008,59
1121578000,U012,63
1121578000,U011,79
1121578000,U010,94
1121578000,U013,64
1121578000,U014,88
1121578000,U015,60
1121578000,U016,72
1121578000,U017,73
1121578000,U018,75
1121578000,U019,49
1121578000,U021,90
1121578000,U020,86
1121578000,U022,58
1121578000,U023,53
1121578000,U024,56
1121578000,U027,83
1121578000,U028,64
1121578000,U025,100
1121578000,U026,94
1121578000,U029,78
1121578000,U030,15
1121578000,U034,48
1121578000,U033,79
1121578000,U032,64
1121578000,U031,68
1121578000,U035,74
1121578000,U036,42
1121578000,U038,62
1121578000,U037,69
1121578000,U039,69
1121578000,U040,72
1121578000,U041,48
1121578000,U043,44
1121578000,U042,62
1121578000,U045,77
1121578000,U044,65
1121578000,U046,49
1121578000,V001,49
1121578000,U047,72
1121578000,V002,53
1121581000,B001,55
1121581000,C001,91
1121581000,C003,68
1121581000,C002,89
1121581000,C005,76
1121581000,C004,64
1121581000,C006,44
1121581000,C009,49
1121581000,C007,61
1121581000,C008,64
1121581000,E001,60
1121581000,M001,69
1121581000,P002,60
1121581000,P001,94
1121581000,U001,61
1121581000,U002,55
1121581000,U003,59
1121581000,U004,41
1121581000,U005,59
1121581000,U007,61
1121581000,U006,60
1121581000,U009,78
1121581000,U008,66
1121581000,U012,61
1121581000,U011,76
1121581000,U010,92
1121581000,U013,63
1121581000,U015,63
1121581000,U016,71
1121581000,U014,86
1121581000,U017,71
1121581000,U019,57
1121581000,U018,74
1121581000,U021,84
1121581000,U020,85
1121581000,U022,56
1121581000,U023,54
1121581000,U024,66
1121581000,U026,94
1121581000,U027,71
1121581000,U025,99
1121581000,U028,65
1121581000,U030,36
1121581000,U029,78
1121581000,U032,64
1121581000,U031,66
1121581000,U036,15
1121581000,U034,48
1121581000,U033,77
1121581000,U035,72
1121581000,U037,69
1121581000,U038,62
1121581000,U039,68
1121581000,U040,63
1121581000,U041,58
1121581000,U043,38
1121581000,U042,58
1121581000,U044,59
1121581000,U045,74
1121581000,U046,48
1121581000,U047,70
1121581000,V001,49
1121581000,V002,51
1121582000,B001,50
1121582000,C001,88
1121582000,C003,66
1121582000,C002,82
1121582000,C004,58
1121582000,C005,70
1121582000,C006,56
1121582000,C007,56
1121582000,C009,46
1121582000,C008,64
1121582000,E001,53
1121582000,M001,67
1121582000,P002,61
1121582000,P001,94
1121582000,U002,46
1121582000,U001,56
1121582000,U004,15
1121582000,U003,59
1121582000,U007,56
1121582000,U005,59
1121582000,U006,56
1121582000,U008,65
1121582000,U009,69
1121582000,U012,57
1121582000,U011,77
1121582000,U010,92
1121582000,U013,61
1121582000,U015,69
1121582000,U014,79
1121582000,U016,77
1121582000,U017,67
1121582000,U018,69
1121582000,U019,57
1121582000,U021,77
1121582000,U020,82
1121582000,U022,52
1121582000,U024,65
1121582000,U023,64
1121582000,U027,66
1121582000,U025,94
1121582000,U026,85
1121582000,U030,33
1121582000,U029,65
1121582000,U028,60
1121582000,U032,55
1121582000,U034,47
1121582000,U031,62
1121582000,U035,67
1121582000,U033,73
1121582000,U036,37
1121582000,U038,54
1121582000,U037,61
1121582000,U039,64
1121582000,U040,83
1121582000,U041,57
1121582000,U043,47
1121582000,U042,56
1121582000,U044,56
1121582000,U045,73
1121582000,U046,40
1121582000,V001,41
1121582000,U047,70
1121583000,B001,58
1121582000,V002,46
1121583000,C001,96
1121583000,C003,74
1121583000,C002,90
1121583000,C005,77
1121583000,C004,71
1121583000,C006,56
1121583000,C007,64
1121583000,C008,71
1121583000,C009,54
1121583000,E001,51
1121583000,M001,68
1121583000,P001,106
1121583000,P002,69
1121583000,U002,54
1121583000,U001,64
1121583000,U003,72
1121583000,U004,32
1121583000,U005,72
1121583000,U007,79
1121583000,U006,90
1121583000,U008,83
1121583000,U011,90
1121583000,U012,64
1121583000,U010,104
1121583000,U009,77
1121583000,U013,69
1121583000,U015,76
1121583000,U016,83
1121583000,U014,87
1121583000,U017,75
1121583000,U018,77
1121583000,U021,74
1121583000,U019,64
1121583000,U020,90
1121583000,U022,59
1121583000,U023,65
1121583000,U024,73
1121583000,U027,74
1121583000,U025,94
1121583000,U026,93
1121583000,U028,74
1121583000,U030,38
1121583000,U029,73
1121583000,U032,63
1121583000,U031,70
1121583000,U033,81
1121583000,U034,48
1121583000,U036,43
1121583000,U035,75
1121583000,U037,68
1121583000,U038,61
1121583000,U039,72
1121583000,U040,83
1121583000,U041,64
1121583000,U043,46
1121583000,U042,73
1121583000,U044,64
1121583000,U045,88
1121583000,U046,48
1121583000,V001,48
1121583000,U047,78
1121583000,V002,54
1121584000,B001,53
1121584000,C001,84
1121584000,C003,77
1121584000,C002,85
1121584000,C004,60
1121584000,C006,44
1121584000,C005,80
1121584000,C008,65
1121584000,C009,50
1121584000,C007,60
1121584000,E001,48
1121584000,M001,62
1121584000,P002,55
1121584000,P001,84
1121584000,U002,43
1121584000,U001,60
1121584000,U004,36
1121584000,U003,64
1121584000,U005,65
1121584000,U007,64
1121584000,U006,58
1121584000,U009,84
1121584000,U008,66
1121584000,U012,65
1121584000,U011,85
1121584000,U010,86
1121584000,U013,62
1121584000,U015,70
1121584000,U014,83
1121584000,U016,76
1121584000,U017,71
1121584000,U019,58
1121584000,U018,90
1121584000,U021,79
1121584000,U020,85
1121584000,U024,66
1121584000,U022,55
1121584000,U023,61
1121584000,U025,91
1121584000,U026,82
1121584000,U027,80
1121584000,U028,68
1121584000,U029,78
1121584000,U030,32
1121584000,U034,54
1121584000,U031,71
1121584000,U033,77
1121584000,U032,53
1121584000,U035,71
1121584000,U036,49
1121584000,U037,58
1121584000,U038,51
1121584000,U039,67
1121584000,U040,70
1121584000,U041,58
1121584000,U043,52
1121584000,U042,58
1121584000,U045,81
1121584000,U044,72
1121584000,U046,43
1121584000,V001,38
1121584000,U047,74
1121584700,B001,55
1121584000,V002,50
1121584700,C001,84
1121584700,C002,87
1121584700,C003,77
1121584700,C004,59
1121584700,C005,75
1121584700,C006,44
1121584700,C008,64
1121584700,C007,61
1121584700,C009,54
1121584700,E001,48
1121584700,M001,61
1121584700,P002,55
1121584700,P001,81
1121584700,U001,61
1121584700,U004,39
1121584700,U002,43
1121584700,U003,64
1121584700,U005,64
1121584700,U006,58
1121584700,U007,64
1121584700,U008,66
1121584700,U009,74
1121584700,U010,86
1121584700,U012,65
1121584700,U011,85
1121584700,U013,61
1121584700,U015,69
1121584700,U014,84
1121584700,U016,75
1121584700,U017,72
1121584700,U018,74
1121584700,U019,57
1121584700,U020,87
1121584700,U021,79
1121584700,U024,66
1121584700,U022,57
1121584700,U023,61
1121584700,U025,91
1121584700,U026,82
1121584700,U027,71
1121584700,U029,70
1121584700,U030,32
1121584700,U028,65
1121584700,U031,71
1121584700,U032,52
1121584700,U034,59
1121584700,U033,78
1121584700,U035,72
1121584700,U036,48
1121584700,U037,57
1121584700,U038,51
1121584700,U039,69
1121584700,U040,70
1121584700,U041,58
1121584700,U043,51
1121584700,U042,58
1121584700,U045,82
1121584700,U044,61
1121584700,U046,48
1121584700,V001,37
1121584700,U047,75
1121585000,B001,48
1121584700,V002,51
1121585000,C001,87
1121585000,C003,65
1121585000,C002,80
1121585000,C004,56
1121585000,C006,49
1121585000,C005,68
1121585000,C007,55
1121585000,C008,68
1121585000,C009,45
1121585000,E001,52
1121585000,M001,66
1121585000,P001,92
1121585000,P002,60
1121585000,U001,55
1121585000,U004,31
1121585000,U002,51
1121585000,U003,58
1121585000,U005,58
1121585000,U007,54
1121585000,U006,55
1121585000,U009,68
1121585000,U008,64
1121585000,U010,91
1121585000,U011,75
1121585000,U012,55
1121585000,U013,59
1121585000,U014,78
1121585000,U015,73
1121585000,U016,76
1121585000,U017,66
1121585000,U018,68
1121585000,U019,61
1121585000,U021,75
1121585000,U020,80
1121585000,U022,50
1121585000,U023,57
1121585000,U024,70
1121585000,U027,65
1121585000,U025,93
1121585000,U026,90
1121585000,U028,59
1121585000,U029,64
1121585000,U030,30
1121585000,U032,60
1121585000,U034,45
1121585000,U031,61
1121585000,U033,72
1121585000,U035,66
1121585000,U036,34
1121585000,U037,65
1121585000,U038,67
1121585000,U039,62
1121585000,U040,75
1121585000,U043,45
1121585000,U041,61
1121585000,U042,55
1121585000,U044,54
1121585000,U045,71
1121585000,U046,38
1121585000,V001,45
1121585000,U047,69
1121585000,V002,45
1121586000,B001,52
1121586000,C001,88
1121586000,C003,65
1121586000,C002,86
1121586000,C004,58
1121586000,C005,73
1121586000,C006,42
1121586000,C007,58
1121586000,C009,46
1121586000,C008,62
1121586000,E001,59
1121586000,M001,66
1121586000,P001,91
1121586000,P002,57
1121586000,U001,58
1121586000,U002,52
1121586000,U003,56
1121586000,U005,57
1121586000,U006,57
1121586000,U007,55
1121586000,U004,33
1121586000,U008,63
1121586000,U009,73
1121586000,U010,89
1121586000,U012,58
1121586000,U011,76
1121586000,U013,60
1121586000,U015,65
1121586000,U014,83
1121586000,U016,68
1121586000,U017,68
1121586000,U018,71
1121586000,U021,83
1121586000,U019,55
1121586000,U020,82
1121586000,U022,53
1121586000,U023,51
1121586000,U024,63
1121586000,U025,96
1121586000,U027,68
1121586000,U026,91
1121586000,U030,33
1121586000,U028,61
1121586000,U029,72
1121586000,U032,61
1121586000,U031,63
1121586000,U033,74
1121586000,U034,43
1121586000,U035,70
1121586000,U036,33
1121586000,U037,66
1121586000,U038,59
1121586000,U039,65
1121586000,U041,55
1121586000,U043,40
1121586000,U040,57
1121586000,U042,59
1121586000,U044,62
1121586000,U045,74
1121586000,U046,45
1121586000,U047,68
1121586000,V001,46
1121586000,V002,48
1121587000,B001,46
1121587000,C001,84
1121587000,C003,63
1121587000,C002,78
1121587000,C004,54
1121587000,C005,66
1121587000,C006,46
1121587000,C007,53
1121587000,C009,43
1121587000,C008,66
1121587000,E001,47
1121587000,M001,64
1121587000,P002,58
1121587000,P001,90
1121587000,U002,48
1121587000,U001,53
1121587000,U004,35
1121587000,U003,56
1121587000,U005,56
1121587000,U006,52
1121587000,U009,66
1121587000,U007,52
1121587000,U008,66
1121587000,U010,88
1121587000,U011,73
1121587000,U012,53
1121587000,U013,57
1121587000,U014,76
1121587000,U015,71
1121587000,U016,74
1121587000,U017,64
1121587000,U018,66
1121587000,U019,59
1121587000,U021,70
1121587000,U020,78
1121587000,U022,48
1121587000,U023,58
1121587000,U024,67
1121587000,U025,90
1121587000,U026,88
1121587000,U027,63
1121587000,U028,57
1121587000,U029,62
1121587000,U030,34
1121587000,U032,58
1121587000,U033,70
1121587000,U031,58
1121587000,U035,64
1121587000,U036,33
1121587000,U034,37
1121587000,U037,63
1121587000,U038,62
1121587000,U039,60
1121587000,U041,59
1121587000,U040,56
1121587000,U043,40
1121587000,U042,52
1121587000,U046,36
1121587000,U044,52
1121587000,V001,43
1121587000,U045,69
1121587000,U047,67
1121587000,V002,43
1123053600,B001,37
1123053600,C003,55
1123053600,C001,75
1123053600,C002,69
1123053600,C004,39
1123053600,C006,64
1123053600,C005,58
1123053600,C008,48
1123053600,C007,49
1123053600,C009,39
1123053600,M001,49
1123053600,E001,63
1123053600,U001,49
1123053600,P002,48
1123053600,P001,84
1123053600,U002,63
1123053600,U003,59
1123053600,U004,52
1123053600,U006,36
1123053600,U005,50
1123053600,U009,60
1123053600,U008,45
1123053600,U011,53
1123053600,U010,82
1123053600,U012,55
1123053600,U013,45
1123053600,U015,70
1123053600,U007,30
1123053600,U014,70
1123053600,U016,63
1123053600,U017,59
1123053600,U018,62
1123053600,U019,52
1123053600,U020,73
1123053600,U022,44
1123053600,U023,43
1123053600,U021,95
1123053600,U024,67
1123053600,U027,59
1123053600,U025,81
1123053600,U026,79
1123053600,U029,57
1123053600,U030,42
1123053600,U031,56
1123053600,U033,74
1123053600,U032,68
1123053600,U028,40
1123053600,U034,66
1123053600,U035,58
1123053600,U036,56
1123053600,U037,66
1123053600,U038,74
1123053600,U039,55
1123053600,U040,42
1123053600,U041,55
1123053600,U042,39
1123053600,U043,57
1123053600,U044,39
1123053600,U045,51
1123053600,U046,43
1123053600,U047,59
1123053600,V001,54
1123053600,V002,39
1123054500,B001,43
1123054500,C001,83
1123054500,C004,36
1123054500,C003,74
1123054500,C005,67
1123054500,C002,82
1123054500,C006,56
1123054500,C008,55
1123054500,C007,57
1123054500,C009,46
1123054500,M001,47
1123054500,E001,62
1123054500,P002,55
1123054500,P001,91
1123054500,U001,55
1123054500,U002,62
1123054500,U003,65
1123054500,U007,26
1123054500,U004,61
1123054500,U005,58
1123054500,U009,47
1123054500,U008,57
1123054500,U010,90
1123054500,U011,64
1123054500,U012,61
1123054500,U013,43
1123054500,U006,40
1123054500,U014,82
1123054500,U015,58
1123054500,U016,68
1123054500,U018,48
1123054500,U017,68
1123054500,U019,69
1123054500,U020,80
1123054500,U022,52
1123054500,U024,54
1123054500,U021,103
1123054500,U025,90
1123054500,U027,65
1123054500,U026,88
1123054500,U023,38
1123054500,U029,47
1123054500,U030,43
1123054500,U031,61
1123054500,U028,37
1123054500,U032,79
1123054500,U034,67
1123054500,U033,80
1123054500,U036,57
1123054500,U035,80
1123054500,U037,75
1123054500,U039,73
1123054500,U038,75
1123054500,U041,51
1123054500,U042,36
1123054500,U043,59
1123054500,U040,33
1123054500,U044,44
1123054500,U045,59
1123054500,U046,44
1123054500,V001,55
1123054500,V002,47
1123054500,U047,66
1123056000,B001,45
1123056000,C004,37
1123056000,C001,84
1123056000,C003,64
1123056000,C002,77
1123056000,C005,67
1123056000,C006,50
1123056000,C007,58
1123056000,C008,53
1123056000,C009,43
1123056000,E001,54
1123056000,M001,49
1123056000,P001,91
1123056000,P002,54
1123056000,U001,60
1123056000,U002,54
1123056000,U003,58
1123056000,U004,58
1123056000,U005,58
1123056000,U008,50
1123056000,U009,63
1123056000,U006,39
1123056000,U010,90
1123056000,U011,62
1123056000,U012,52
1123056000,U013,59
1123056000,U007,40
1123056000,U015,70
1123056000,U014,75
1123056000,U016,72
1123056000,U017,66
1123056000,U018,73
1123056000,U019,69
1123056000,U023,28
1123056000,U020,76
1123056000,U022,50
1123056000,U021,76
1123056000,U024,66
1123056000,U025,83
1123056000,U027,70
1123056000,U026,89
1123056000,U028,53
1123056000,U029,63
1123056000,U030,51
1123056000,U032,62
1123056000,U033,86
1123056000,U034,63
1123056000,U031,60
1123056000,U035,63
1123056000,U036,53
1123056000,U038,61
1123056000,U037,75
1123056000,U039,60
1123056000,U041,49
1123056000,U043,56
1123056000,U044,48
1123056000,U042,38
1123056000,U040,39
1123056000,U045,60
1123056000,U046,40
1123056000,V001,49
1123056000,U047,66
1123056000,V002,48
1123057000,B001,51
1123057000,C004,52
1123057000,C003,84
1123057000,C002,100
1123057000,C001,94
1123057000,C005,86
1123057000,C006,42
1123057000,C007,74
1123057000,C009,45
1123057000,C008,63
1123057000,E001,69
1123057000,M001,51
1123057000,P002,61
1123057000,U001,65
1123057000,P001,95
1123057000,U002,68
1123057000,U003,75
1123057000,U004,53
1123057000,U005,61
1123057000,U006,57
1123057000,U007,50
1123057000,U008,51
1123057000,U009,68
1123057000,U012,72
1123057000,U010,94
1123057000,U011,72
1123057000,U013,56
1123057000,U014,97
1123057000,U015,72
1123057000,U016,84
1123057000,U017,79
1123057000,U018,77
1123057000,U019,71
1123057000,U023,32
1123057000,U020,86
1123057000,U021,105
1123057000,U022,62
1123057000,U024,68
1123057000,U025,100
1123057000,U027,78
1123057000,U026,99
1123057000,U028,55
1123057000,U029,67
1123057000,U030,46
1123057000,U033,90
1123057000,U034,64
1123057000,U031,68
1123057000,U032,77
1123057000,U035,84
1123057000,U036,57
1123057000,U039,76
1123057000,U038,75
1123057000,U037,82
1123057000,U041,53
1123057000,U044,60
1123057000,U043,60
1123057000,U040,50
1123057000,U045,79
1123057000,U042,40
1123057000,U046,50
1123057000,V001,62
1123057000,U047,72
1123057000,V002,53
1123060000,B001,41
1123060000,C001,84
1123060000,C003,60
1123060000,C004,43
1123060000,C002,81
1123060000,C005,69
1123060000,C006,49
1123060000,C009,37
1123060000,C007,54
1123060000,C008,59
1123060000,M001,51
1123060000,E001,70
1123060000,P002,52
1123060000,U001,53
1123060000,P001,86
1123060000,U002,56
1123060000,U003,52
1123060000,U004,47
1123060000,U005,52
1123060000,U006,52
1123060000,U007,50
1123060000,U009,68
1123060000,U008,59
1123060000,U011,64
1123060000,U010,85
1123060000,U012,54
1123060000,U013,55
1123060000,U015,72
1123060000,U016,63
1123060000,U014,79
1123060000,U017,64
1123060000,U018,73
1123060000,U019,73
1123060000,U021,93
1123060000,U020,77
1123060000,U022,48
1123060000,U024,68
1123060000,U025,91
1123060000,U027,62
1123060000,U026,91
1123060000,U023,32
1123060000,U028,52
1123060000,U030,40
1123060000,U029,60
1123060000,U031,59
1123060000,U034,52
1123060000,U032,65
1123060000,U033,70
1123060000,U035,65
1123060000,U036,45
1123060000,U037,70
1123060000,U039,60
1123060000,U038,64
1123060000,U040,43
1123060000,U041,59
1123060000,U042,40
1123060000,U043,48
1123060000,U044,49
1123060000,U045,79
1123060000,U046,40
1123060000,V001,50
1123060000,U047,63
1123061000,B001,49
1123060000,V002,44
1123061000,C001,89
1123061000,C003,65
1123061000,C004,48
1123061000,C002,86
1123061000,C005,88
1123061000,C006,45
1123061000,C007,59
1123061000,C008,62
1123061000,M001,52
1123061000,E001,68
1123061000,C009,56
1123061000,P002,52
1123061000,P001,91
1123061000,U001,61
1123061000,U002,63
1123061000,U003,57
1123061000,U004,46
1123061000,U007,51
1123061000,U005,57
1123061000,U006,60
1123061000,U009,70
1123061000,U008,52
1123061000,U011,75
1123061000,U012,59
1123061000,U010,90
1123061000,U013,61
1123061000,U015,74
1123061000,U014,84
1123061000,U016,68
1123061000,U017,69
1123061000,U018,80
1123061000,U019,73
1123061000,U020,82
1123061000,U022,56
1123061000,U021,101
1123061000,U024,71
1123061000,U027,70
1123061000,U025,99
1123061000,U026,100
1123061000,U023,34
1123061000,U028,58
1123061000,U030,39
1123061000,U029,68
1123061000,U031,82
1123061000,U033,78
1123061000,U032,72
1123061000,U034,57
1123061000,U035,73
1123061000,U036,57
1123061000,U037,77
1123061000,U038,70
1123061000,U039,63
1123061000,U040,53
1123061000,U041,55
1123061000,U042,42
1123061000,U043,53
1123061000,U044,58
1123061000,U045,81
1123061000,V001,71
1123061000,U047,68
1123061000,V002,49
1123065000,B001,57
1123061000,U046,53
1123065000,C001,89
1123065000,C003,65
1123065000,C002,86
1123065000,C004,53
1123065000,C005,74
1123065000,C006,39
1123065000,C008,66
1123065000,C007,59
1123065000,M001,57
1123065000,E001,59
1123065000,C009,46
1123065000,P002,57
1123065000,U001,69
1123065000,P001,91
1123065000,U002,57
1123065000,U003,57
1123065000,U004,40
1123065000,U006,59
1123065000,U005,57
1123065000,U007,52
1123065000,U009,69
1123065000,U008,56
1123065000,U012,59
1123065000,U011,73
1123065000,U010,90
1123065000,U013,60
1123065000,U014,84
1123065000,U015,69
1123065000,U016,68
1123065000,U017,69
1123065000,U018,77
1123065000,U019,57
1123065000,U021,93
1123065000,U020,82
1123065000,U022,63
1123065000,U023,48
1123065000,U024,75
1123065000,U025,96
1123065000,U027,77
1123065000,U026,96
1123065000,U028,58
1123065000,U029,69
1123065000,U030,30
1123065000,U032,66
1123065000,U031,64
1123065000,U033,75
1123065000,U034,53
1123065000,U035,70
1123065000,U036,46
1123065000,U037,71
1123065000,U038,64
1123065000,U040,66
1123065000,U039,65
1123065000,U041,61
1123065000,U043,49
1123065000,U045,71
1123065000,U042,45
1123065000,U044,59
1123065000,U046,45
1123065000,V001,51
1123065000,U047,68
1123065000,V002,49
1123066000,B001,51
1123066000,C001,89
1123066000,C003,66
1123066000,C002,87
1123066000,C005,74
1123066000,C006,37
1123066000,C004,35
1123066000,C009,52
1123066000,C007,59
1123066000,C008,59
1123066000,E001,61
1123066000,M001,49
1123066000,P002,58
1123066000,P001,92
1123066000,U001,64
1123066000,U002,56
1123066000,U004,45
1123066000,U003,58
1123066000,U006,41
1123066000,U005,58
1123066000,U007,51
1123066000,U008,49
1123066000,U009,72
1123066000,U010,90
1123066000,U011,70
1123066000,U012,59
1123066000,U013,58
1123066000,U015,63
1123066000,U016,69
1123066000,U014,84
1123066000,U017,69
1123066000,U018,82
1123066000,U021,92
1123066000,U019,62
1123066000,U020,83
1123066000,U022,58
1123066000,U024,60
1123066000,U025,98
1123066000,U026,95
1123066000,U027,72
1123066000,U028,57
1123066000,U023,39
1123066000,U030,35
1123066000,U029,69
1123066000,U031,85
1123066000,U034,53
1123066000,U032,65
1123066000,U033,75
1123066000,U036,46
1123066000,U035,71
1123066000,U038,64
1123066000,U037,71
1123066000,U039,66
1123066000,U040,42
1123066000,U041,44
1123066000,U042,40
1123066000,U043,49
1123066000,U044,60
1123066000,U045,77
1123066000,U046,46
1123066000,V001,51
1123066000,U047,69
1123070500,B001,56
1123066000,V002,49
1123070500,C001,91
1123070500,C003,81
1123070500,C005,74
1123070500,C002,89
1123070500,C006,50
1123070500,C007,67
1123070500,C008,67
1123070500,C009,58
1123070500,E001,69
1123070500,C004,39
1123070500,M001,48
1123070500,P002,62
1123070500,P001,98
1123070500,U002,69
1123070500,U001,62
1123070500,U003,72
1123070500,U006,36
1123070500,U004,65
1123070500,U005,71
1123070500,U007,31
1123070500,U009,55
1123070500,U008,60
1123070500,U011,66
1123070500,U010,91
1123070500,U012,68
1123070500,U013,36
1123070500,U014,102
1123070500,U015,69
1123070500,U016,76
1123070500,U018,55
1123070500,U017,75
1123070500,U019,68
1123070500,U020,87
1123070500,U022,57
1123070500,U024,65
1123070500,U021,112
1123070500,U027,72
1123070500,U025,98
1123070500,U026,96
1123070500,U023,32
1123070500,U028,46
1123070500,U030,58
1123070500,U029,54
1123070500,U031,68
1123070500,U032,90
1123070500,U033,87
1123070500,U036,69
1123070500,U034,70
1123070500,U035,87
1123070500,U040,15
1123070500,U037,83
1123070500,U038,74
1123070500,U041,50
1123070500,U039,80
1123070500,U042,31
1123070500,U043,66
1123070500,U044,53
1123070500,U045,66
1123070500,U046,53
1123070500,V001,68
1123070500,U047,73
1123070500,V002,61
1123071000,B001,55
1123071000,C001,82
1123071000,C003,76
1123071000,C002,88
1123071000,C005,65
1123071000,C006,60
1123071000,C004,32
1123071000,C008,60
1123071000,C007,56
1123071000,C009,47
1123071000,M001,41
1123071000,E001,57
1123071000,P002,61
1123071000,U001,61
1123071000,P001,92
1123071000,U002,57
1123071000,U006,15
1123071000,U003,57
1123071000,U004,73
1123071000,U005,57
1123071000,U009,57
1123071000,U008,53
1123071000,U011,65
1123071000,U010,90
1123071000,U013,51
1123071000,U012,56
1123071000,U007,33
1123071000,U015,70
1123071000,U016,71
1123071000,U014,78
1123071000,U018,66
1123071000,U017,70
1123071000,U019,50
1123071000,U020,85
1123071000,U022,56
1123071000,U021,102
1123071000,U024,67
1123071000,U023,47
1123071000,U027,70
1123071000,U025,89
1123071000,U028,46
1123071000,U026,87
1123071000,U029,57
1123071000,U030,66
1123071000,U031,67
1123071000,U032,75
1123071000,U033,82
1123071000,U034,66
1123071000,U035,80
1123071000,U036,61
1123071000,U040,27
1123071000,U037,74
1123071000,U042,29
1123071000,U038,65
1123071000,U041,51
1123071000,U039,62
1123071000,U043,64
1123071000,U044,53
1123071000,U045,63
1123071000,U046,43
1123071000,U047,71
1123071000,V001,79
1123071000,V002,46
1123072000,B001,44
1123072000,C004,15
1123072000,C001,83
1123072000,C003,79
1123072000,C006,44
1123072000,C005,66
1123072000,C002,81
1123072000,C007,57
1123072000,C008,47
1123072000,C009,47
1123072000,E001,57
1123072000,P002,57
1123072000,P001,93
1123072000,U001,60
1123072000,U002,57
1123072000,U004,52
1123072000,U003,70
1123072000,M001,43
1123072000,U006,32
1123072000,U005,69
1123072000,U009,63
1123072000,U007,42
1123072000,U008,43
1123072000,U011,62
1123072000,U010,91
1123072000,U012,66
1123072000,U015,54
1123072000,U013,48
1123072000,U014,79
1123072000,U016,72
1123072000,U019,53
1123072000,U018,73
1123072000,U017,70
1123072000,U023,42
1123072000,U021,103
1123072000,U020,82
1123072000,U024,50
1123072000,U022,50
1123072000,U027,70
1123072000,U026,88
1123072000,U025,90
1123072000,U028,53
1123072000,U029,56
1123072000,U030,45
1123072000,U031,64
1123072000,U033,85
1123072000,U032,73
1123072000,U034,66
1123072000,U035,67
1123072000,U036,68
1123072000,U038,65
1123072000,U039,64
1123072000,U037,75
1123072000,U042,29
1123072000,U041,35
1123072000,U043,64
1123072000,U044,48
1123072000,U040,33
1123072000,U045,60
1123072000,U046,44
1123072000,V001,58
1123072000,U047,67
1123072000,V002,47
1123073000,B001,56
1123073000,C004,15
1123073000,C001,89
1123073000,C003,83
1123073000,C002,87
1123073000,C006,48
1123073000,C005,86
1123073000,C007,77
1123073000,C008,43
1123073000,C009,53
1123073000,M001,49
1123073000,E001,63
1123073000,P002,62
1123073000,P001,99
1123073000,U001,64
1123073000,U002,68
1123073000,U003,73
1123073000,U004,56
1123073000,U007,46
1123073000,U005,73
1123073000,U008,49
1123073000,U009,67
1123073000,U011,68
1123073000,U006,38
1123073000,U012,70
1123073000,U010,97
1123073000,U013,59
1123073000,U015,58
1123073000,U016,84
1123073000,U018,77
1123073000,U014,104
1123073000,U017,76
1123073000,U023,47
1123073000,U019,57
1123073000,U022,66
1123073000,U020,87
1123073000,U021,109
1123073000,U024,54
1123073000,U025,96
1123073000,U027,74
1123073000,U028,57
1123073000,U029,66
1123073000,U026,94
1123073000,U030,49
1123073000,U033,89
1123073000,U031,70
1123073000,U032,77
1123073000,U035,89
1123073000,U034,72
1123073000,U036,72
1123073000,U037,81
1123073000,U038,75
1123073000,U039,82
1123073000,U042,39
1123073000,U041,39
1123073000,U043,64
1123073000,U040,37
1123073000,U044,54
1123073000,U045,66
1123073000,U046,49
1123073000,V001,62
1123073000,U047,73
1123073000,V002,66
1123074000,B001,44
1123074000,C004,38
1123074000,C001,84
1123074000,C003,64
1123074000,C002,78
1123074000,C005,67
1123074000,C006,55
1123074000,M001,29
1123074000,C008,48
1123074000,C007,58
1123074000,C009,52
1123074000,E001,72
1123074000,P002,57
1123074000,U001,55
1123074000,P001,93
1123074000,U002,72
1123074000,U006,15
1123074000,U003,59
1123074000,U004,58
1123074000,U005,59
1123074000,U007,38
1123074000,U008,41
1123074000,U009,61
1123074000,U011,74
1123074000,U012,58
1123074000,U010,91
1123074000,U013,39
1123074000,U015,55
1123074000,U014,79
1123074000,U016,72
1123074000,U018,61
1123074000,U017,68
1123074000,U019,47
1123074000,U020,82
1123074000,U022,61
1123074000,U021,104
1123074000,U024,52
1123074000,U023,44
1123074000,U027,65
1123074000,U026,88
1123074000,U025,90
1123074000,U028,50
1123074000,U029,61
1123074000,U030,52
1123074000,U033,72
1123074000,U032,77
1123074000,U031,65
1123074000,U034,68
1123074000,U036,73
1123074000,U035,67
1123074000,U037,75
1123074000,U038,83
1123074000,U039,64
1123074000,U040,32
1123074000,U042,15
1123074000,U041,53
1123074000,U044,48
1123074000,U043,67
1123074000,U045,60
1123074000,U046,46
1123074000,U047,68
1123074000,V001,78
1123074000,V002,48
1123075000,B001,44
1123075000,C001,83
1123075000,C004,37
1123075000,C003,63
1123075000,C002,78
1123075000,C005,66
1123075000,C006,52
1123075000,M001,15
1123075000,C007,57
1123075000,C008,39
1123075000,C009,51
1123075000,E001,72
1123075000,P002,57
1123075000,U001,54
1123075000,P001,93
1123075000,U002,64
1123075000,U006,42
1123075000,U003,58
1123075000,U004,53
1123075000,U008,35
1123075000,U005,58
1123075000,U007,43
1123075000,U009,56
1123075000,U011,62
1123075000,U010,91
1123075000,U012,58
1123075000,U013,38
1123075000,U015,52
1123075000,U014,79
1123075000,U016,72
1123075000,U018,60
1123075000,U017,67
1123075000,U019,44
1123075000,U023,41
1123075000,U020,82
1123075000,U021,103
1123075000,U022,50
1123075000,U024,48
1123075000,U028,48
1123075000,U026,88
1123075000,U025,90
1123075000,U027,65
1123075000,U029,59
1123075000,U030,46
1123075000,U034,68
1123075000,U031,65
1123075000,U033,71
1123075000,U032,74
1123075000,U035,67
1123075000,U036,58
1123075000,U037,75
1123075000,U038,83
1123075000,U039,63
1123075000,U042,29
1123075000,U040,45
1123075000,U041,52
1123075000,U043,61
1123075000,U044,48
1123075000,U045,63
1123075000,U046,45
1123075000,U047,67
1123075000,V001,59
1123075000,V002,47
1126052000,B001,59
1126052000,C001,93
1126052000,C004,35
1126052000,C003,89
1126052000,C002,90
1126052000,C005,89
1126052000,C007,76
1126052000,C008,57
1126052000,C009,52
1126052000,C006,30
1126052000,E001,66
1126052000,M001,50
1126052000,P002,65
1126052000,P001,103
1126052000,U002,59
1126052000,U001,70
1126052000,U003,76
1126052000,U004,49
1126052000,U006,44
1126052000,U007,52
1126052000,U005,78
1126052000,U008,48
1126052000,U009,70
1126052000,U012,75
1126052000,U011,75
1126052000,U010,101
1126052000,U013,54
1126052000,U014,87
1126052000,U015,51
1126052000,U016,86
1126052000,U017,79
1126052000,U018,70
1126052000,U019,52
1126052000,U020,89
1126052000,U021,95
1126052000,U024,48
1126052000,U022,65
1126052000,U025,98
1126052000,U027,80
1126052000,U028,58
1126052000,U023,40
1126052000,U026,99
1126052000,U030,38
1126052000,U029,69
1126052000,U033,95
1126052000,U032,69
1126052000,U031,73
1126052000,U034,60
1126052000,U035,92
1126052000,U036,53
1126052000,U037,74
1126052000,U038,67
1126052000,U039,85
1126052000,U040,43
1126052000,U041,48
1126052000,U043,56
1126052000,U042,39
1126052000,U045,73
1126052000,U046,56
1126052000,U044,62
1126052000,U047,86
1126052000,V001,54
1126054000,B001,55
1126052000,V002,72
1126054000,C001,92
1126054000,C003,69
1126054000,C004,49
1126054000,C006,34
1126054000,C002,89
1126054000,C005,77
1126054000,C009,53
1126054000,C007,62
1126054000,C008,53
1126054000,E001,56
1126054000,M001,50
1126054000,P002,62
1126054000,U001,82
1126054000,P001,95
1126054000,U003,60
1126054000,U004,39
1126054000,U005,61
1126054000,U007,53
1126054000,U002,51
1126054000,U008,57
1126054000,U009,73
1126054000,U010,93
1126054000,U006,57
1126054000,U012,65
1126054000,U011,74
1126054000,U013,50
1126054000,U015,58
1126054000,U016,72
1126054000,U014,86
1126054000,U017,75
1126054000,U019,46
1126054000,U018,79
1126054000,U021,87
1126054000,U020,97
1126054000,U024,55
1126054000,U022,62
1126054000,U023,46
1126054000,U025,99
1126054000,U026,90
1126054000,U028,57
1126054000,U027,92
1126054000,U029,67
1126054000,U034,59
1126054000,U033,78
1126054000,U031,78
1126054000,U036,45
1126054000,U035,74
1126054000,U037,65
1126054000,U038,59
1126054000,U039,71
1126054000,U040,54
1126054000,U041,47
1126054000,U042,46
1126054000,U043,48
1126054000,U030,32
1126054000,U045,70
1126054000,U032,60
1126054000,U044,61
1126054000,U046,47
1126054000,V001,45
1126054000,U047,82
1126054000,V002,52
1126055000,B001,60
1126055000,C003,75
1126055000,C001,99
1126055000,C005,96
1126055000,C002,96
1126055000,C004,41
1126055000,C007,69
1126055000,C009,57
1126055000,C008,62
1126055000,C006,33
1126055000,E001,63
1126055000,M001,57
1126055000,P002,69
1126055000,P001,101
1126055000,U001,77
1126055000,U002,58
1126055000,U004,47
1126055000,U003,67
1126055000,U006,49
1126055000,U005,67
1126055000,U007,59
1126055000,U008,52
1126055000,U009,77
1126055000,U011,93
1126055000,U010,100
1126055000,U012,83
1126055000,U013,59
1126055000,U015,57
1126055000,U014,94
1126055000,U016,78
1126055000,U017,81
1126055000,U018,77
1126055000,U019,57
1126055000,U021,94
1126055000,U020,105
1126055000,U022,67
1126055000,U024,53
1126055000,U023,45
1126055000,U027,87
1126055000,U025,105
1126055000,U026,97
1126055000,U028,67
1126055000,U030,39
1126055000,U029,76
1126055000,U032,67
1126055000,U031,79
1126055000,U033,102
1126055000,U034,58
1126055000,U036,51
1126055000,U035,81
1126055000,U038,65
1126055000,U037,72
1126055000,U039,78
1126055000,U040,49
1126055000,U042,47
1126055000,U041,53
1126055000,U043,54
1126055000,U044,70
1126055000,U045,80
1126055000,U046,58
1126055000,V001,52
1126055000,U047,91
1126055000,V002,59
1126056500,B001,58
1126056500,C003,88
1126056500,C001,92
1126056500,C002,89
1126056500,C006,22
1126056500,C004,37
1126056500,C005,77
1126056500,C007,62
1126056500,C008,47
1126056500,C009,53
1126056500,M001,44
1126056500,E001,56
1126056500,P002,62
1126056500,P001,95
1126056500,U001,69
1126056500,U002,51
1126056500,U003,60
1126056500,U004,39
1126056500,U006,44
1126056500,U007,46
1126056500,U005,60
1126056500,U008,48
1126056500,U009,74
1126056500,U011,67
1126056500,U012,65
1126056500,U010,93
1126056500,U013,44
1126056500,U014,86
1126056500,U015,52
1126056500,U016,72
1126056500,U017,75
1126056500,U018,74
1126056500,U019,40
1126056500,U020,90
1126056500,U023,43
1126056500,U022,71
1126056500,U021,87
1126056500,U024,48
1126056500,U027,79
1126056500,U028,50
1126056500,U029,60
1126056500,U025,98
1126056500,U026,90
1126056500,U030,32
1126056500,U033,94
1126056500,U031,72
1126056500,U032,60
1126056500,U034,59
1126056500,U035,74
1126056500,U036,44
1126056500,U038,58
1126056500,U037,65
1126056500,U040,42
1126056500,U039,71
1126056500,U041,40
1126056500,U042,40
1126056500,U043,48
1126056500,U045,63
1126056500,U046,47
1126056500,U044,54
1126056500,V001,45
1126056500,U047,76
1126057000,B001,65
1126056500,V002,52
1126057000,C003,78
1126057000,C002,98
1126057000,C001,101
1126057000,C006,30
1126057000,C004,57
1126057000,C005,86
1126057000,C009,63
1126057000,C007,71
1126057000,C008,60
1126057000,E001,66
1126057000,M001,56
1126057000,P002,72
1126057000,U001,89
1126057000,P001,104
1126057000,U002,60
1126057000,U004,48
1126057000,U003,70
1126057000,U006,53
1126057000,U005,70
1126057000,U007,59
1126057000,U009,87
1126057000,U008,61
1126057000,U010,103
1126057000,U011,80
1126057000,U012,75
1126057000,U013,56
1126057000,U015,65
1126057000,U014,96
1126057000,U016,81
1126057000,U017,84
1126057000,U018,85
1126057000,U019,52
1126057000,U020,103
1126057000,U021,96
1126057000,U024,61
1126057000,U023,51
1126057000,U022,68
1126057000,U027,99
1126057000,U025,108
1126057000,U026,99
1126057000,U028,63
1126057000,U029,73
1126057000,U030,42
1126057000,U032,70
1126057000,U031,84
1126057000,U033,88
1126057000,U034,68
1126057000,U035,84
1126057000,U036,54
1126057000,U037,75
1126057000,U038,68
1126057000,U039,80
1126057000,U040,61
1126057000,U041,53
1126057000,U043,57
1126057000,U042,53
1126057000,U045,76
1126057000,U044,67
1126057000,U046,56
1126057000,V001,55
1126057000,U047,89
1126057000,V002,61
1126057500,B001,86
1126057500,C001,114
1126057500,C003,112
1126057500,C006,15
1126057500,C004,64
1126057500,C002,112
1126057500,C005,118
1126057500,C008,69
1126057500,C007,84
1126057500,C009,80
1126057500,E001,78
1126057500,M001,66
1126057500,P002,84
1126057500,P001,117
1126057500,U002,73
1126057500,U001,93
1126057500,U003,82
1126057500,U004,61
1126057500,U006,71
1126057500,U005,82
1126057500,U007,82
1126057500,U008,70
1126057500,U009,99
1126057500,U011,89
1126057500,U010,115
1126057500,U012,87
1126057500,U013,66
1126057500,U015,74
1126057500,U014,109
1126057500,U016,94
1126057500,U017,97
1126057500,U018,99
1126057500,U019,62
1126057500,U020,112
1126057500,U021,109
1126057500,U024,70
1126057500,U023,68
1126057500,U022,95
1126057500,U027,103
1126057500,U025,120
1126057500,U028,72
1126057500,U029,82
1126057500,U026,112
1126057500,U030,54
1126057500,U034,81
1126057500,U032,82
1126057500,U033,118
1126057500,U031,94
1126057500,U035,96
1126057500,U036,66
1126057500,U037,87
1126057500,U038,80
1126057500,U039,93
1126057500,U040,69
1126057500,U041,62
1126057500,U042,70
1126057500,U043,70
1126057500,U044,76
1126057500,U045,105
1126057500,U046,69
1126057500,V001,67
1126057500,U047,98
1126057500,V002,74
1126058000,B001,51
1126058000,C003,74
1126058000,C001,89
1126058000,C002,88
1126058000,C004,45
1126058000,C005,78
1126058000,C007,61
1126058000,C008,53
1126058000,C009,52
1126058000,E001,64
1126058000,M001,51
1126058000,C006,39
1126058000,P002,63
1126058000,P001,101
1126058000,U001,61
1126058000,U002,62
1126058000,U004,50
1126058000,U003,66
1126058000,U005,67
1126058000,U006,40
1126058000,U007,60
1126058000,U008,50
1126058000,U009,75
1126058000,U011,68
1126058000,U010,99
1126058000,U012,63
1126058000,U013,51
1126058000,U015,48
1126058000,U014,85
1126058000,U016,78
1126058000,U018,93
1126058000,U019,55
1126058000,U017,77
1126058000,U020,86
1126058000,U021,88
1126058000,U023,46
1126058000,U022,57
1126058000,U024,55
1126058000,U025,95
1126058000,U027,71
1126058000,U028,55
1126058000,U026,93
1126058000,U029,65
1126058000,U030,43
1126058000,U034,71
1126058000,U031,71
1126058000,U032,71
1126058000,U033,78
1126058000,U035,72
1126058000,U036,66
1126058000,U037,75
1126058000,U039,69
1126058000,U038,69
1126058000,U040,54
1126058000,U041,47
1126058000,U042,42
1126058000,U043,69
1126058000,U044,54
1126058000,U046,49
1126058000,U045,66
1126058000,U047,77
1126058000,V001,56
1126058000,V002,51
1126059000,B001,45
1126059000,C004,31
1126059000,C003,83
1126059000,C002,81
1126059000,C001,81
1126059000,C006,34
1126059000,C007,67
1126059000,C005,71
1126059000,C008,43
1126059000,C009,46
1126059000,E001,55
1126059000,M001,40
1126059000,P002,61
1126059000,P001,94
1126059000,U002,50
1126059000,U001,64
1126059000,U004,38
1126059000,U006,41
1126059000,U003,60
1126059000,U007,42
1126059000,U005,60
1126059000,U008,44
1126059000,U009,67
1126059000,U012,56
1126059000,U011,63
1126059000,U010,92
1126059000,U013,40
1126059000,U016,71
1126059000,U015,48
1126059000,U014,78
1126059000,U017,69
1126059000,U018,74
1126059000,U019,36
1126059000,U021,86
1126059000,U022,66
1126059000,U020,80
1126059000,U023,37
1126059000,U024,44
1126059000,U027,74
1126059000,U026,89
1126059000,U025,86
1126059000,U028,59
1126059000,U029,56
1126059000,U030,31
1126059000,U032,59
1126059000,U033,89
1126059000,U031,63
1126059000,U034,58
1126059000,U035,66
1126059000,U036,44
1126059000,U038,58
1126059000,U037,65
1126059000,U039,63
1126059000,U040,40
1126059000,U042,34
1126059000,U041,36
1126059000,U043,47
1126059000,U045,59
1126059000,U044,50
1126059000,U046,43
1126059000,U047,72
1126059000,V001,45
1126059000,V002,57
1126060000,B001,72
1126060000,C003,76
1126060000,C001,99
1126060000,C002,91
1126060000,C004,38
1126060000,C006,34
1126060000,C005,84
1126060000,C007,84
1126060000,C008,46
1126060000,C009,60
1126060000,M001,40
1126060000,E001,63
1126060000,P002,64
1126060000,U001,78
1126060000,P001,102
1126060000,U002,58
1126060000,U003,67
1126060000,U004,46
1126060000,U006,45
1126060000,U007,50
1126060000,U005,67
1126060000,U008,45
1126060000,U009,73
1126060000,U012,77
1126060000,U011,66
1126060000,U010,100
1126060000,U013,42
1126060000,U014,87
1126060000,U015,46
1126060000,U016,79
1126060000,U018,83
1126060000,U017,77
1126060000,U019,45
1126060000,U020,89
1126060000,U024,42
1126060000,U023,44
1126060000,U021,94
1126060000,U022,73
1126060000,U025,105
1126060000,U027,87
1126060000,U029,59
1126060000,U028,62
1126060000,U026,97
1126060000,U030,39
1126060000,U031,70
1126060000,U032,67
1126060000,U033,95
1126060000,U034,65
1126060000,U035,81
1126060000,U036,51
1126060000,U037,72
1126060000,U038,65
1126060000,U039,78
1126060000,U040,44
1126060000,U041,43
1126060000,U042,32
1126060000,U043,54
1126060000,U044,53
1126060000,U045,62
1126060000,U046,54
1126060000,V001,52
1126060000,U047,75
1126060000,V002,73
1126061000,B001,69
1126061000,C003,75
1126061000,C002,88
1126061000,C001,89
1126061000,C005,78
1126061000,C006,37
1126061000,C004,34
1126061000,C008,48
1126061000,C007,81
1126061000,C009,53
1126061000,E001,66
1126061000,P002,67
1126061000,P001,104
1126061000,U001,75
1126061000,U002,60
1126061000,M001,43
1126061000,U004,48
1126061000,U003,70
1126061000,U006,42
1126061000,U005,70
1126061000,U007,47
1126061000,U009,70
1126061000,U008,42
1126061000,U012,74
1126061000,U011,69
1126061000,U010,103
1126061000,U013,45
1126061000,U014,86
1126061000,U015,50
1126061000,U016,81
1126061000,U018,80
1126061000,U017,77
1126061000,U019,49
1126061000,U020,91
1126061000,U023,40
1126061000,U021,96
1126061000,U022,70
1126061000,U024,46
1126061000,U025,96
1126061000,U027,84
1126061000,U028,59
1126061000,U026,99
1126061000,U029,62
1126061000,U030,42
1126061000,U033,98
1126061000,U032,70
1126061000,U031,71
1126061000,U034,68
1126061000,U035,72
1126061000,U036,54
1126061000,U038,68
1126061000,U037,75
1126061000,U039,69
1126061000,U042,29
1126061000,U041,47
1126061000,U040,41
1126061000,U043,57
1126061000,U044,66
1126061000,U045,70
1126061000,U046,49
1126061000,U047,77
1126061000,V001,55
1126061000,V002,70
1126062000,B001,66
1126062000,C003,75
1126062000,C001,102
1126062000,C004,42
1126062000,C002,90
1126062000,C005,87
1126062000,C006,37
1126062000,C008,44
1126062000,C007,88
1126062000,C009,63
1126062000,M001,42
1126062000,E001,66
1126062000,U001,68
1126062000,P002,63
1126062000,P001,104
1126062000,U002,61
1126062000,U003,70
1126062000,U004,49
1126062000,U006,50
1126062000,U005,70
1126062000,U007,44
1126062000,U008,39
1126062000,U009,65
1126062000,U011,65
1126062000,U012,81
1126062000,U010,103
1126062000,U013,42
1126062000,U014,91
1126062000,U015,42
1126062000,U016,81
1126062000,U017,76
1126062000,U018,60
1126062000,U019,41
1126062000,U020,88
1126062000,U023,48
1126062000,U022,68
1126062000,U021,96
1126062000,U024,38
1126062000,U025,108
1126062000,U027,70
1126062000,U028,48
1126062000,U026,100
1126062000,U029,59
1126062000,U030,42
1126062000,U033,85
1126062000,U031,70
1126062000,U032,70
1126062000,U034,68
1126062000,U035,84
1126062000,U036,54
1126062000,U038,68
1126062000,U037,75
1126062000,U039,81
1126062000,U040,47
1126062000,U041,41
1126062000,U042,41
1126062000,U043,57
1126062000,U044,52
1126062000,U046,57
1126062000,U045,62
1126062000,V001,55
1126062000,U047,74
1126062000,V002,77
1126063000,B001,66
1126063000,C003,75
1126063000,C001,102
1126063000,C002,91
1126063000,C004,42
1126063000,C006,37
1126063000,C005,87
1126063000,C007,86
1126063000,C008,44
1126063000,C009,63
1126063000,E001,66
1126063000,M001,42
1126063000,P002,63
1126063000,U001,68
1126063000,P001,105
1126063000,U002,61
1126063000,U004,49
1126063000,U003,70
1126063000,U006,49
1126063000,U005,70
1126063000,U007,45
1126063000,U008,39
1126063000,U009,65
1126063000,U010,103
1126063000,U011,65
1126063000,U012,79
1126063000,U013,42
1126063000,U014,91
1126063000,U015,45
1126063000,U016,82
1126063000,U018,60
1126063000,U017,76
1126063000,U019,44
1126063000,U020,88
1126063000,U024,41
1126063000,U021,97
1126063000,U023,48
1126063000,U022,68
1126063000,U025,108
1126063000,U027,70
1126063000,U028,49
1126063000,U026,100
1126063000,U029,59
1126063000,U030,42
1126063000,U034,69
1126063000,U031,70
1126063000,U033,86
1126063000,U032,70
1126063000,U036,54
1126063000,U035,84
1126063000,U037,75
1126063000,U038,68
1126063000,U039,81
1126063000,U041,41
1126063000,U040,52
1126063000,U042,40
1126063000,U043,57
1126063000,U044,53
1126063000,U045,62
1126063000,U046,57
1126063000,V001,55
1126063000,U047,74
1126063000,V002,76
1126065500,B001,69
1126065500,C003,80
1126065500,C001,95
1126065500,C002,93
1126065500,C004,46
1126065500,C006,34
1126065500,C005,84
1126065500,C008,59
1126065500,C007,67
1126065500,C009,58
1126065500,E001,70
1126065500,M001,61
1126065500,P002,69
1126065500,U001,78
1126065500,P001,107
1126065500,U002,67
1126065500,U003,86
1126065500,U004,55
1126065500,U006,52
1126065500,U005,73
1126065500,U007,55
1126065500,U008,56
1126065500,U009,81
1126065500,U011,85
1126065500,U010,105
1126065500,U012,69
1126065500,U013,52
1126065500,U014,90
1126065500,U015,50
1126065500,U017,83
1126065500,U016,97
1126065500,U018,91
1126065500,U019,68
1126065500,U024,47
1126065500,U023,52
1126065500,U022,75
1126065500,U021,103
1126065500,U020,92
1126065500,U027,91
1126065500,U028,68
1126065500,U026,100
1126065500,U025,101
1126065500,U029,83
1126065500,U030,48
1126065500,U033,84
1126065500,U032,76
1126065500,U034,63
1126065500,U031,77
1126065500,U035,78
1126065500,U036,53
1126065500,U038,75
1126065500,U037,82
1126065500,U039,75
1126065500,U040,51
1126065500,U041,53
1126065500,U042,46
1126065500,U044,61
1126065500,U043,64
1126065500,U045,83
1126065500,U046,55
1126065500,U047,83
1126065500,V001,61
1126065500,V002,57
1126066000,B001,75
1126066000,C001,109
1126066000,C003,102
1126066000,C006,15
1126066000,C004,50
1126066000,C002,121
1126066000,C005,109
1126066000,C008,60
1126066000,C009,70
1126066000,C007,92
1126066000,M001,66
1126066000,E001,69
1126066000,P002,76
1126066000,U001,83
1126066000,P001,108
1126066000,U002,64
1126066000,U004,52
1126066000,U003,92
1126066000,U006,58
1126066000,U007,64
1126066000,U008,66
1126066000,U009,89
1126066000,U011,91
1126066000,U010,106
1126066000,U013,57
1126066000,U005,94
1126066000,U015,62
1126066000,U012,88
1126066000,U017,110
1126066000,U016,102
1126066000,U018,90
1126066000,U019,53
1126066000,U020,103
1126066000,U023,57
1126066000,U021,100
1126066000,U022,80
1126066000,U024,58
1126066000,U014,119
1126066000,U027,96
1126066000,U026,103
1126066000,U025,115
1126066000,U028,74
1126066000,U029,74
1126066000,U030,45
1126066000,U031,83
1126066000,U032,73
1126066000,U034,72
1126066000,U033,107
1126066000,U035,108
1126066000,U036,58
1126066000,U037,78
1126066000,U038,72
1126066000,U040,55
1126066000,U039,101
1126066000,U041,53
1126066000,U042,57
1126066000,U043,61
1126066000,U044,78
1126066000,U045,89
1126066000,U046,60
1126066000,V001,58
1126066000,U047,89
1126066000,V002,78
1126068000,B001,70
1126068000,C001,101
1126068000,C003,78
1126068000,C002,94
1126068000,C004,45
1126068000,C005,81
1126068000,C006,35
1126068000,C007,87
1126068000,C008,57
1126068000,M001,45
1126068000,C009,63
1126068000,E001,74
1126068000,P002,66
1126068000,U001,78
1126068000,U002,67
1126068000,P001,103
1126068000,U003,87
1126068000,U004,55
1126068000,U006,59
1126068000,U005,87
1126068000,U008,51
1126068000,U007,48
1126068000,U009,80
1126068000,U011,70
1126068000,U012,66
1126068000,U013,45
1126068000,U010,101
1126068000,U014,94
1126068000,U015,45
1126068000,U018,99
1126068000,U019,54
1126068000,U017,79
1126068000,U016,97
1126068000,U020,91
1126068000,U024,41
1126068000,U023,51
1126068000,U022,75
1126068000,U021,103
1126068000,U025,110
1126068000,U028,52
1126068000,U027,91
1126068000,U029,67
1126068000,U026,107
1126068000,U030,59
1126068000,U034,72
1126068000,U031,73
1126068000,U033,103
1126068000,U032,77
1126068000,U035,97
1126068000,U036,61
1126068000,U037,84
1126068000,U038,75
1126068000,U039,77
1126068000,U041,45
1126068000,U040,58
1126068000,U042,46
1126068000,U043,64
1126068000,U044,56
1126068000,U045,68
1126068000,U046,60
1126068000,V001,62
1126068000,U047,77
1126068000,V002,73
1126069000,B001,83
1126069000,C003,96
1126069000,C001,103
1126069000,C004,49
1126069000,C002,106
1126069000,C006,44
1126069000,C005,114
1126069000,C008,60
1126069000,C007,77
1126069000,C009,67
1126069000,E001,73
1126069000,M001,52
1126069000,P002,78
1126069000,U001,77
1126069000,P001,112
1126069000,U002,68
1126069000,U003,77
1126069000,U004,56
1126069000,U006,56
1126069000,U005,77
1126069000,U007,61
1126069000,U009,84
1126069000,U008,57
1126069000,U011,82
1126069000,U012,78
1126069000,U010,113
1126069000,U013,57
1126069000,U014,96
1126069000,U015,55
1126069000,U017,91
1126069000,U018,95
1126069000,U019,56
1126069000,U016,92
1126069000,U020,103
1126069000,U024,54
1126069000,U023,55
1126069000,U022,84
1126069000,U021,104
1126069000,U025,109
1126069000,U027,87
1126069000,U028,74
1126069000,U026,107
1126069000,U029,69
1126069000,U030,49
1126069000,U032,77
1126069000,U031,85
1126069000,U033,102
1126069000,U034,76
1126069000,U035,102
1126069000,U036,61
1126069000,U038,75
1126069000,U037,82
1126069000,U039,83
1126069000,U040,55
1126069000,U041,54
1126069000,U042,43
1126069000,U043,64
1126069000,U044,68
1126069000,U045,80
1126069000,U046,64
1126069000,V001,62
1129052500,B001,36
1126069000,U047,89
1126069000,V002,67
1129052500,C003,62
1129052500,C001,100
1129052500,C002,90
1129052500,C004,65
1129052500,C005,65
1129052500,C006,71
1129052500,C007,53
1129052500,C008,60
1129052500,C009,61
1129052500,E001,65
1129052500,M001,72
1129052500,P001,91
1129052500,P002,66
1129052500,U001,38
1129052500,U002,65
1129052500,U004,69
1129052500,U003,61
1129052500,U005,56
1129052500,U006,63
1129052500,U007,48
1129052500,U008,78
1129052500,U009,53
1129052500,U012,53
1129052500,U011,63
1129052500,U010,88
1129052500,U013,64
1129052500,U015,76
1129052500,U016,73
1129052500,U014,82
1129052500,U017,68
1129052500,U022,37
1129052500,U018,57
1129052500,U019,71
1129052500,U021,88
1129052500,U020,91
1129052500,U027,41
1129052500,U023,64
1129052500,U024,72
1129052500,U026,93
1129052500,U025,112
1129052500,U028,45
1129052500,U029,53
1129052500,U030,71
1129052500,U031,59
1129052500,U032,74
1129052500,U033,68
1129052500,U034,78
1129052500,U035,66
1129052500,U036,70
1129052500,U038,72
1129052500,U039,64
1129052500,U037,77
1129052500,U040,56
1129052500,U041,60
1129052500,U042,60
1129052500,U045,58
1129052500,U043,73
1129052500,U046,55
1129052500,U047,77
1129052500,V001,59
1129052500,V002,43
1129055500,B001,37
1129052500,U044,33
1129055500,C003,57
1129055500,C001,95
1129055500,C004,59
1129055500,C002,78
1129055500,C005,70
1129055500,C006,75
1129055500,C007,52
1129055500,C009,60
1129055500,C008,59
1129055500,U001,36
1129055500,M001,65
1129055500,E001,64
1129055500,P002,60
1129055500,P001,90
1129055500,U002,64
1129055500,U003,56
1129055500,U004,68
1129055500,U005,63
1129055500,U006,56
1129055500,U009,51
1129055500,U008,59
1129055500,U011,58
1129055500,U007,41
1129055500,U010,88
1129055500,U012,52
1129055500,U013,58
1129055500,U014,77
1129055500,U015,70
1129055500,U016,64
1129055500,U017,67
1129055500,U018,52
1129055500,U019,69
1129055500,U020,82
1129055500,U022,38
1129055500,U021,87
1129055500,U023,62
1129055500,U024,66
1129055500,U028,42
1129055500,U027,51
1129055500,U025,108
1129055500,U026,92
1129055500,U029,52
1129055500,U030,64
1129055500,U031,58
1129055500,U032,73
1129055500,U033,63
1129055500,U034,77
1129055500,U035,61
1129055500,U036,69
1129055500,U037,76
1129055500,U038,73
1129055500,U039,72
1129055500,U040,49
1129055500,U044,22
1129055500,U041,72
1129055500,U042,54
1129055500,U043,72
1129055500,U045,57
1129055500,U046,54
1129055500,U047,80
1129055500,V001,59
1129055500,V002,42
1129057500,B001,28
1129057500,C003,49
1129057500,C001,87
1129057500,C002,72
1129057500,C004,57
1129057500,C005,54
1129057500,C006,73
1129057500,C007,42
1129057500,C008,43
1129057500,C009,45
1129057500,E001,54
1129057500,M001,44
1129057500,P002,48
1129057500,P001,80
1129057500,U001,29
1129057500,U002,54
1129057500,U004,58
1129057500,U003,48
1129057500,U005,45
1129057500,U006,54
1129057500,U007,32
1129057500,U009,35
1129057500,U008,43
1129057500,U011,41
1129057500,U012,42
1129057500,U010,78
1129057500,U013,37
1129057500,U015,57
1129057500,U014,76
1129057500,U016,55
1129057500,U017,57
1129057500,U018,38
1129057500,U019,53
1129057500,U022,29
1129057500,U020,71
1129057500,U021,77
1129057500,U023,50
1129057500,U028,15
1129057500,U024,54
1129057500,U027,39
1129057500,U025,99
1129057500,U029,36
1129057500,U030,53
1129057500,U026,82
1129057500,U031,48
1129057500,U032,63
1129057500,U033,58
1129057500,U035,53
1129057500,U036,59
1129057500,U034,67
1129057500,U038,62
1129057500,U037,66
1129057500,U039,53
1129057500,U041,56
1129057500,U040,47
1129057500,U044,26
1129057500,U042,42
1129057500,U043,62
1129057500,U045,41
1129057500,U046,44
1129057500,U047,57
1129057500,V001,49
1129057500,V002,32
1129058000,B001,35
1129058000,C001,94
1129058000,C003,56
1129058000,C002,77
1129058000,C005,57
1129058000,C004,53
1129058000,C006,74
1129058000,C007,53
1129058000,C008,46
1129058000,C009,58
1129058000,E001,65
1129058000,M001,46
1129058000,P002,58
1129058000,U001,36
1129058000,P001,90
1129058000,U002,65
1129058000,U004,68
1129058000,U003,55
1129058000,U006,51
1129058000,U005,61
1129058000,U009,34
1129058000,U007,35
1129058000,U008,47
1129058000,U011,51
1129058000,U010,88
1129058000,U012,57
1129058000,U016,59
1129058000,U014,76
1129058000,U015,74
1129058000,U013,39
1129058000,U017,67
1129058000,U019,57
1129058000,U020,68
1129058000,U022,37
1129058000,U024,71
1129058000,U023,57
1129058000,U018,36
1129058000,U021,88
1129058000,U028,41
1129058000,U027,46
1129058000,U025,106
1129058000,U029,39
1129058000,U030,64
1129058000,U026,92
1129058000,U031,58
1129058000,U033,65
1129058000,U034,77
1129058000,U032,74
1129058000,U035,60
1129058000,U036,70
1129058000,U037,76
1129058000,U038,73
1129058000,U039,71
1129058000,U040,44
1129058000,U041,59
1129058000,U042,49
1129058000,U045,44
1129058000,U044,33
1129058000,U043,73
1129058000,U046,54
1129058000,V001,68
1129059000,B001,33
1129058000,U047,68
1129058000,V002,42
1129059000,C003,61
1129059000,C001,99
1129059000,C004,66
1129059000,C005,64
1129059000,C002,82
1129059000,C006,85
1129059000,C007,48
1129059000,C009,56
1129059000,E001,60
1129059000,C008,61
1129059000,M001,68
1129059000,P002,58
1129059000,U001,33
1129059000,P001,85
1129059000,U002,60
1129059000,U007,44
1129059000,U004,63
1129059000,U003,60
1129059000,U006,63
1129059000,U005,51
1129059000,U009,45
1129059000,U011,56
1129059000,U012,48
1129059000,U008,61
1129059000,U010,83
1129059000,U013,60
1129059000,U015,70
1129059000,U016,66
1129059000,U014,81
1129059000,U017,62
1129059000,U018,46
1129059000,U019,71
1129059000,U020,77
1129059000,U022,35
1129059000,U021,83
1129059000,U023,70
1129059000,U024,67
1129059000,U028,37
1129059000,U027,53
1129059000,U025,89
1129059000,U029,45
1129059000,U026,87
1129059000,U030,67
1129059000,U031,53
1129059000,U032,69
1129059000,U033,67
1129059000,U035,65
1129059000,U036,65
1129059000,U034,72
1129059000,U037,71
1129059000,U038,68
1129059000,U039,59
1129059000,U040,56
1129059000,U041,55
1129059000,U042,61
1129059000,U044,29
1129059000,U045,54
1129059000,U043,68
1129059000,U046,49
1129059000,V001,55
1129059000,U047,63
1129059000,V002,37
1129060000,B001,41
1129060000,C001,85
1129060000,C003,61
1129060000,C004,47
1129060000,C002,78
1129060000,C005,71
1129060000,C006,52
1129060000,C007,59
1129060000,C008,52
1129060000,C009,54
1129060000,E001,58
1129060000,M001,44
1129060000,P002,51
1129060000,P001,87
1129060000,U002,58
1129060000,U003,54
1129060000,U007,28
1129060000,U004,64
1129060000,U006,44
1129060000,U005,54
1129060000,U001,44
1129060000,U009,51
1129060000,U008,59
1129060000,U011,51
1129060000,U012,51
1129060000,U010,86
1129060000,U013,37
1129060000,U015,57
1129060000,U016,65
1129060000,U014,81
1129060000,U018,52
1129060000,U017,64
1129060000,U019,53
1129060000,U020,76
1129060000,U022,42
1129060000,U021,86
1129060000,U023,51
1129060000,U024,54
1129060000,U028,15
1129060000,U027,56
1129060000,U025,89
1129060000,U026,87
1129060000,U030,58
1129060000,U029,52
1129060000,U031,57
1129060000,U033,67
1129060000,U032,74
1129060000,U034,71
1129060000,U035,65
1129060000,U036,64
1129060000,U040,37
1129060000,U037,73
1129060000,U038,71
1129060000,U039,62
1129060000,U042,42
1129060000,U044,38
1129060000,U041,50
1129060000,U043,67
1129060000,U045,49
1129060000,U046,48
1129060000,U047,62
1129060000,V001,53
1129060000,V002,49
1129061000,B001,39
1129061000,C003,57
1129061000,C001,81
1129061000,C002,74
1129061000,C004,45
1129061000,C006,51
1129061000,C005,62
1129061000,C007,52
1129061000,C008,51
1129061000,C009,47
1129061000,M001,43
1129061000,E001,54
1129061000,P002,47
1129061000,P001,83
1129061000,U001,38
1129061000,U002,54
1129061000,U003,49
1129061000,U004,63
1129061000,U005,50
1129061000,U007,32
1129061000,U006,47
1129061000,U009,42
1129061000,U008,45
1129061000,U011,47
1129061000,U010,81
1129061000,U012,47
1129061000,U013,36
1129061000,U015,56
1129061000,U014,78
1129061000,U016,64
1129061000,U017,59
1129061000,U018,51
1129061000,U019,52
1129061000,U020,71
1129061000,U023,49
1129061000,U021,82
1129061000,U024,53
1129061000,U027,48
1129061000,U028,34
1129061000,U025,85
1129061000,U022,40
1129061000,U026,83
1129061000,U030,50
1129061000,U029,50
1129061000,U033,63
1129061000,U031,53
1129061000,U032,69
1129061000,U034,66
1129061000,U036,60
1129061000,U035,63
1129061000,U038,67
1129061000,U037,69
1129061000,U040,40
1129061000,U042,45
1129061000,U039,58
1129061000,U044,29
1129061000,U041,49
1129061000,U043,63
1129061000,U045,45
1129061000,U046,44
1129061000,V001,49
1129061000,U047,57
1129061000,V002,42
1129062000,B001,41
1129062000,C002,64
1129062000,C003,61
1129062000,C001,87
1129062000,C004,63
1129062000,C005,49
1129062000,C007,55
1129062000,C006,80
1129062000,C008,48
1129062000,C009,54
1129062000,E001,67
1129062000,M001,53
1129062000,P002,57
1129062000,U001,42
1129062000,P001,92
1129062000,U002,65
1129062000,U003,60
1129062000,U004,73
1129062000,U006,61
1129062000,U005,67
1129062000,U007,41
1129062000,U009,30
1129062000,U011,46
1129062000,U008,54
1129062000,U010,100
1129062000,U012,55
1129062000,U013,45
1129062000,U018,25
1129062000,U015,66
1129062000,U014,69
1129062000,U016,51
1129062000,U017,69
1129062000,U019,62
1129062000,U022,44
1129062000,U020,64
1129062000,U023,67
1129062000,U021,90
1129062000,U024,63
1129062000,U028,38
1129062000,U027,52
1129062000,U025,94
1129062000,U026,92
1129062000,U029,45
1129062000,U030,62
1129062000,U033,67
1129062000,U031,61
1129062000,U032,76
1129062000,U034,79
1129062000,U035,67
1129062000,U036,72
1129062000,U038,75
1129062000,U037,79
1129062000,U039,77
1129062000,U040,54
1129062000,U041,62
1129062000,U042,51
1129062000,U044,38
1129062000,U043,75
1129062000,U045,44
1129062000,U046,56
1129062000,U047,67
1129062000,V001,64
1129063000,B001,37
1129062000,V002,45
1129063000,C001,84
1129063000,C003,57
1129063000,C005,44
1129063000,C004,55
1129063000,C002,59
1129063000,C007,52
1129063000,C006,76
1129063000,C008,47
1129063000,C009,51
1129063000,E001,61
1129063000,M001,48
1129063000,U001,38
1129063000,P002,54
1129063000,P001,90
1129063000,U002,62
1129063000,U004,70
1129063000,U003,56
1129063000,U005,63
1129063000,U006,52
1129063000,U009,25
1129063000,U007,37
1129063000,U008,53
1129063000,U012,52
1129063000,U011,43
1129063000,U010,95
1129063000,U013,41
1129063000,U016,46
1129063000,U014,64
1129063000,U015,63
1129063000,U018,35
1129063000,U017,81
1129063000,U019,59
1129063000,U020,59
1129063000,U021,87
1129063000,U022,40
1129063000,U023,58
1129063000,U024,60
1129063000,U028,34
1129063000,U027,48
1129063000,U025,91
1129063000,U026,89
1129063000,U029,40
1129063000,U030,59
1129063000,U031,58
1129063000,U033,63
1129063000,U032,76
1129063000,U035,61
1129063000,U034,73
1129063000,U036,75
1129063000,U038,72
1129063000,U037,76
1129063000,U039,72
1129063000,U040,45
1129063000,U041,60
1129063000,U042,48
1129063000,U044,34
1129063000,U045,41
1129063000,U043,70
1129063000,U046,51
1129063000,U047,64
1129063000,V002,42
1129064000,B001,56
1129063000,V001,73
1129064000,C001,94
1129064000,C002,70
1129064000,C003,71
1129064000,C005,55
1129064000,C004,70
1129064000,C006,91
1129064000,C007,70
1129064000,C009,61
1129064000,C008,67
1129064000,E001,82
1129064000,M001,59
1129064000,P002,63
1129064000,U001,59
1129064000,P001,108
1129064000,U002,82
1129064000,U003,72
1129064000,U004,79
1129064000,U005,78
1129064000,U009,15
1129064000,U007,52
1129064000,U006,59
1129064000,U008,72
1129064000,U012,70
1129064000,U013,52
1129064000,U011,48
1129064000,U010,106
1129064000,U016,57
1129064000,U018,42
1129064000,U015,73
1129064000,U014,74
1129064000,U017,90
1129064000,U019,68
1129064000,U020,69
1129064000,U022,61
1129064000,U021,105
1129064000,U023,74
1129064000,U024,69
1129064000,U027,69
1129064000,U026,98
1129064000,U025,100
1129064000,U028,55
1129064000,U029,56
1129064000,U030,68
1129064000,U033,78
1129064000,U031,76
1129064000,U034,95
1129064000,U032,91
1129064000,U035,77
1129064000,U036,87
1129064000,U037,85
1129064000,U038,91
1129064000,U040,58
1129064000,U039,88
1129064000,U041,68
1129064000,U042,58
1129064000,U043,90
1129064000,U045,46
1129064000,U044,55
1129064000,U046,72
1129064000,U047,74
1129064000,V001,70
1129064000,V002,60
1129065000,B001,56
1129065000,C003,76
1129065000,C004,71
1129065000,C002,76
1129065000,C005,61
1129065000,C006,92
1129065000,C007,65
1129065000,C009,64
1129065000,C008,67
1129065000,E001,74
1129065000,M001,66
1129065000,P001,118
1129065000,P002,67
1129065000,U001,57
1129065000,U004,93
1129065000,U003,74
1129065000,C001,98
1129065000,U005,80
1129065000,U007,59
1129065000,U006,73
1129065000,U009,37
1129065000,U002,93
1129065000,U011,52
1129065000,U008,70
1129065000,U012,66
1129065000,U010,115
1129065000,U013,59
1129065000,U016,60
1129065000,U015,77
1129065000,U014,81
1129065000,U018,39
1129065000,U017,96
1129065000,U019,72
1129065000,U022,59
1129065000,U021,107
1129065000,U020,75
1129065000,U023,68
1129065000,U024,73
1129065000,U027,67
1129065000,U028,54
1129065000,U025,104
1129065000,U026,102
1129065000,U029,58
1129065000,U030,83
1129065000,U031,71
1129065000,U033,83
1129065000,U034,86
1129065000,U032,93
1129065000,U035,81
1129065000,U036,93
1129065000,U039,89
1129065000,U038,86
1129065000,U037,89
1129065000,U040,66
1129065000,U042,62
1129065000,U041,70
1129065000,U045,50
1129065000,U043,83
1129065000,U044,54
1129065000,V001,91
1129065000,U046,80
1129065000,V002,55
1129065000,U047,78
1129066000,B001,42
1129066000,C003,64
1129066000,C001,102
1129066000,C002,73
1129066000,C004,72
1129066000,C005,58
1129066000,C006,80
1129066000,C007,55
1129066000,C008,51
1129066000,C009,64
1129066000,E001,67
1129066000,M001,58
1129066000,P002,64
1129066000,U001,43
1129066000,P001,93
1129066000,U002,67
1129066000,U003,61
1129066000,U006,63
1129066000,U004,71
1129066000,U005,59
1129066000,U007,48
1129066000,U009,38
1129066000,U008,51
1129066000,U011,49
1129066000,U012,56
1129066000,U010,91
1129066000,U015,79
1129066000,U014,82
1129066000,U016,60
1129066000,U018,31
1129066000,U017,70
1129066000,U013,43
1129066000,U019,61
1129066000,U022,43
1129066000,U020,72
1129066000,U023,62
1129066000,U021,90
1129066000,U024,75
1129066000,U027,53
1129066000,U028,39
1129066000,U025,114
1129066000,U029,44
1129066000,U026,95
1129066000,U030,70
1129066000,U031,61
1129066000,U033,73
1129066000,U032,77
1129066000,U034,80
1129066000,U035,68
1129066000,U036,73
1129066000,U038,76
1129066000,U037,79
1129066000,U040,56
1129066000,U039,67
1129066000,U042,61
1129066000,U041,64
1129066000,U043,76
1129066000,U044,39
1129066000,U045,42
1129066000,U046,57
1129066000,V001,63
1129066000,U047,71
1129066000,V002,45
1129068500,B001,38
1129068500,C003,62
1129068500,C001,100
1129068500,C002,73
1129068500,C005,58
1129068500,C004,61
1129068500,C006,82
1129068500,C008,43
1129068500,C007,52
1129068500,C009,60
1129068500,E001,64
1129068500,M001,50
1129068500,U001,42
1129068500,P002,63
1129068500,P001,90
1129068500,U002,64
1129068500,U003,55
1129068500,U004,68
1129068500,U005,55
1129068500,U006,55
1129068500,U007,39
1129068500,U009,38
1129068500,U008,48
1129068500,U011,49
1129068500,U012,53
1129068500,U010,88
1129068500,U014,77
1129068500,U015,71
1129068500,U016,60
1129068500,U013,41
1129068500,U017,67
1129068500,U019,54
1129068500,U020,82
1129068500,U022,39
1129068500,U023,58
1129068500,U021,87
1129068500,U018,44
1129068500,U024,68
1129068500,U028,39
1129068500,U027,52
1129068500,U025,112
1129068500,U029,36
1129068500,U026,92
1129068500,U030,63
1129068500,U031,58
1129068500,U032,73
1129068500,U033,71
1129068500,U034,77
1129068500,U035,66
1129068500,U036,69
1129068500,U037,76
1129068500,U038,73
1129068500,U039,63
1129068500,U041,56
1129068500,U040,48
1129068500,U042,53
1129068500,U043,73
1129068500,U044,39
1129068500,U045,41
1129068500,U046,54
1129068500,U047,68
1129068500,V001,76
1129068500,V002,42
1129070500,B001,42
1129070500,C001,88
1129070500,C003,69
1129070500,C004,45
1129070500,C002,84
1129070500,C005,61
1129070500,C007,58
1129070500,C006,66
1129070500,C008,47
1129070500,C009,56
1129070500,E001,84
1129070500,M001,42
1129070500,P002,54
1129070500,U001,52
1129070500,P001,91
1129070500,U002,62
1129070500,U007,27
1129070500,U003,67
1129070500,U004,59
1129070500,U005,69
1129070500,U009,41
1129070500,U008,49
1129070500,U011,55
1129070500,U013,35
1129070500,U010,94
1129070500,U006,43
1129070500,U012,63
1129070500,U016,63
1129070500,U015,67
1129070500,U014,89
1129070500,U017,67
1129070500,U018,42
1129070500,U019,61
1129070500,U020,75
1129070500,U023,46
1129070500,U022,50
1129070500,U024,64
1129070500,U021,93
1129070500,U027,60
1129070500,U025,95
1129070500,U028,40
1129070500,U026,93
1129070500,U029,41
1129070500,U030,51
1129070500,U031,61
1129070500,U033,75
1129070500,U034,76
1129070500,U032,77
1129070500,U036,66
1129070500,U035,73
1129070500,U038,77
1129070500,U039,73
1129070500,U040,36
1129070500,U041,56
1129070500,U037,80
1129070500,U042,41
1129070500,U043,67
1129070500,U044,46
1129070500,U046,53
1129070500,U045,53
1129070500,V001,64
1129070500,U047,65
1129070500,V002,48
1129071500,B001,45
1129071500,C003,68
1129071500,C002,79
1129071500,C001,88
1129071500,C004,50
1129071500,C005,60
1129071500,C006,47
1129071500,C007,60
1129071500,C009,65
1129071500,C008,38
1129071500,M001,37
1129071500,E001,60
1129071500,P001,90
1129071500,P002,53
1129071500,U001,49
1129071500,U002,61
1129071500,U003,56
1129071500,U004,59
1129071500,U007,32
1129071500,U005,56
1129071500,U009,41
1129071500,U008,36
1129071500,U011,51
1129071500,U010,88
1129071500,U013,22
1129071500,U006,52
1129071500,U012,60
1129071500,U015,52
1129071500,U016,62
1129071500,U014,88
1129071500,U017,66
1129071500,U018,41
1129071500,U019,49
1129071500,U020,78
1129071500,U022,51
1129071500,U023,58
1129071500,U021,95
1129071500,U024,48
1129071500,U027,59
1129071500,U028,45
1129071500,U025,91
1129071500,U026,89
1129071500,U029,38
1129071500,U030,52
1129071500,U033,77
1129071500,U031,60
1129071500,U034,73
1129071500,U032,81
1129071500,U035,72
1129071500,U036,76
1129071500,U037,75
1129071500,U038,80
1129071500,U039,64
1129071500,U041,47
1129071500,U042,39
1129071500,U044,45
1129071500,U043,69
1129071500,U045,50
1129071500,U040,41
1129071500,U046,50
1129071500,V001,74
1129071500,U047,64
1129071500,V002,50
1129072500,B001,49
1129072500,C003,66
1129072500,C001,89
1129072500,C002,82
1129072500,C004,52
1129072500,C005,79
1129072500,C006,47
1129072500,C008,43
1129072500,C007,62
1129072500,M001,31
1129072500,C009,58
1129072500,E001,62
1129072500,P002,55
1129072500,U001,63
1129072500,P001,91
1129072500,U003,58
1129072500,U006,37
1129072500,U002,62
1129072500,U004,59
1129072500,U005,58
1129072500,U009,50
1129072500,U007,38
1129072500,U008,37
1129072500,U013,15
1129072500,U010,90
1129072500,U011,62
1129072500,U012,55
1129072500,U015,52
1129072500,U014,82
1129072500,U016,69
1129072500,U018,45
1129072500,U017,68
1129072500,U019,47
1129072500,U020,80
1129072500,U024,48
1129072500,U023,54
1129072500,U022,51
1129072500,U021,90
1129072500,U025,93
1129072500,U027,66
1129072500,U028,50
1129072500,U029,49
1129072500,U026,91
1129072500,U030,52
1129072500,U033,77
1129072500,U031,61
1129072500,U032,80
1129072500,U034,75
1129072500,U036,68
1129072500,U035,69
1129072500,U037,77
1129072500,U038,75
1129072500,U040,30
1129072500,U039,66
1129072500,U042,35
1129072500,U041,45
1129072500,U044,44
1129072500,U043,71
1129072500,U045,53
1129072500,U046,52
1129072500,U047,66
1129072500,V001,65
1129072500,V002,60
1129076000,C003,69
1129076000,B001,48
1129076000,C001,107
1129076000,C002,86
1129076000,C004,57
1129076000,C005,65
1129076000,C006,57
1129076000,C007,70
1129076000,C009,71
1129076000,C008,34
1129076000,E001,72
1129076000,P002,65
1129076000,P001,101
1129076000,M001,37
1129076000,U001,49
1129076000,U002,81
1129076000,U003,68
1129076000,U004,69
1129076000,U006,52
1129076000,U005,74
1129076000,U007,45
1129076000,U009,45
1129076000,U008,33
1129076000,U013,33
1129076000,U011,55
1129076000,U010,99
1129076000,U012,64
1129076000,U015,63
1129076000,U016,67
1129076000,U014,89
1129076000,U017,78
1129076000,U018,52
1129076000,U019,45
1129076000,U020,90
1129076000,U022,51
1129076000,U021,99
1129076000,U023,58
1129076000,U024,60
1129076000,U027,59
1129076000,U028,46
1129076000,U029,42
1129076000,U025,119
1129076000,U026,106
1129076000,U030,63
1129076000,U031,70
1129076000,U033,75
1129076000,U032,91
1129076000,U034,85
1129076000,U035,73
1129076000,U036,75
1129076000,U037,96
1129076000,U038,85
1129076000,U039,88
1129076000,U040,52
1129076000,U041,51
1129076000,U042,40
1129076000,U043,78
1129076000,U044,46
1129076000,U045,51
1129076000,U046,62
1129076000,V001,61
1129076000,U047,76
1129076000,V002,54
1129077000,B001,50
1129077000,C003,67
1129077000,C001,90
1129077000,C002,83
1129077000,C004,47
1129077000,C005,70
1129077000,C006,43
1129077000,C008,38
1129077000,C007,62
1129077000,M001,28
1129077000,C009,59
1129077000,E001,63
1129077000,P002,55
1129077000,U001,52
1129077000,P001,92
1129077000,U002,63
1129077000,U003,58
1129077000,U004,55
1129077000,U007,41
1129077000,U008,32
1129077000,U005,58
1129077000,U009,53
1129077000,U011,64
1129077000,U013,30
1129077000,U006,43
1129077000,U012,55
1129077000,U010,90
1129077000,U015,55
1129077000,U016,69
1129077000,U017,68
1129077000,U014,83
1129077000,U018,48
1129077000,U019,43
1129077000,U023,49
1129077000,U020,80
1129077000,U022,51
1129077000,U024,52
1129077000,U021,90
1129077000,U027,62
1129077000,U028,40
1129077000,U029,51
1129077000,U026,91
1129077000,U025,93
1129077000,U030,48
1129077000,U031,62
1129077000,U033,77
1129077000,U032,76
1129077000,U034,75
1129077000,U035,70
1129077000,U036,68
1129077000,U039,66
1129077000,U038,74
1129077000,U037,77
1129077000,U042,30
1129077000,U041,41
1129077000,U040,42
1129077000,U043,71
1129077000,U045,57
1129077000,U044,44
1129077000,U046,52
1129077000,U047,66
1129077000,V001,61
1129077000,V002,60
1129078000,B001,57
1129078000,C001,100
1129078000,C002,88
1129078000,C003,77
1129078000,C004,55
1129078000,C005,73
1129078000,C008,33
1129078000,C006,65
1129078000,C007,72
1129078000,C009,73
1129078000,E001,72
1129078000,M001,37
1129078000,P002,65
1129078000,P001,101
1129078000,U001,58
1129078000,U002,80
1129078000,U004,68
1129078000,U003,76
1129078000,U008,27
1129078000,U006,52
1129078000,U005,68
1129078000,U007,53
1129078000,U009,54
1129078000,U013,42
1129078000,U011,55
1129078000,U012,73
1129078000,U010,100
1129078000,U015,57
1129078000,U014,97
1129078000,U016,75
1129078000,U017,78
1129078000,U018,60
1129078000,U019,44
1129078000,U020,90
1129078000,U023,58
1129078000,U022,60
1129078000,U024,54
1129078000,U021,108
1129078000,U027,68
1129078000,U029,50
1129078000,U028,54
1129078000,U025,107
1129078000,U026,105
1129078000,U030,62
1129078000,U032,89
1129078000,U033,83
1129078000,U031,71
1129078000,U034,85
1129078000,U035,81
1129078000,U036,74
1129078000,U038,88
1129078000,U037,92
1129078000,U039,97
1129078000,U040,52
1129078000,U041,45
1129078000,U042,40
1129078000,U043,77
1129078000,U044,54
1129078000,U045,56
1129078000,U046,62
1129078000,U047,76
1129078000,V001,56
1129078000,V002,62
1129081000,B001,51
1129081000,C003,68
1129081000,C001,91
1129081000,C004,41
1129081000,C002,83
1129081000,C005,71
1129081000,C006,43
1129081000,C008,39
1129081000,C009,60
1129081000,M001,22
1129081000,C007,63
1129081000,E001,63
1129081000,P002,56
1129081000,U001,53
1129081000,P001,92
1129081000,U002,63
1129081000,U003,59
1129081000,U004,55
1129081000,U007,37
1129081000,U005,59
1129081000,U008,32
1129081000,U006,37
1129081000,U009,56
1129081000,U013,30
1129081000,U012,56
1129081000,U011,65
1129081000,U010,91
1129081000,U015,50
1129081000,U014,84
1129081000,U016,70
1129081000,U017,69
1129081000,U018,50
1129081000,U019,42
1129081000,U020,81
1129081000,U024,46
1129081000,U023,43
1129081000,U022,52
1129081000,U021,91
1129081000,U027,63
1129081000,U029,52
1129081000,U028,41
1129081000,U025,94
1129081000,U026,92
1129081000,U030,49
1129081000,U033,78
1129081000,U031,63
1129081000,U032,77
1129081000,U034,76
1129081000,U035,70
1129081000,U036,69
1129081000,U037,78
1129081000,U038,75
1129081000,U039,67
1129081000,U040,36
1129081000,U041,44
1129081000,U042,24
1129081000,U043,72
1129081000,U044,45
1129081000,U045,58
1129081000,U047,67
1129081000,U046,53
1129081000,V001,62
1130553400,B001,44
1129081000,V002,61
1130553400,C001,93
1130553400,C002,73
1130553400,C003,71
1130553400,C004,61
1130553400,C005,58
1130553400,C007,58
1130553400,C006,65
1130553400,C008,58
1130553400,C009,60
1130553400,E001,70
1130553400,M001,61
1130553400,P002,63
1130553400,P001,95
1130553400,U001,54
1130553400,U002,70
1130553400,U003,70
1130553400,U004,73
1130553400,U006,59
1130553400,U005,61
1130553400,U007,49
1130553400,U009,36
1130553400,U008,58
1130553400,U011,40
1130553400,U010,94
1130553400,U012,58
1130553400,U013,52
1130553400,U018,35
1130553400,U015,73
1130553400,U016,60
1130553400,U014,93
1130553400,U017,75
1130553400,U019,65
1130553400,U020,88
1130553400,U021,93
1130553400,U022,45
1130553400,U023,73
1130553400,U024,69
1130553400,U027,64
1130553400,U025,100
1130553400,U029,32
1130553400,U026,98
1130553400,U028,48
1130553400,U030,68
1130553400,U033,79
1130553400,U034,82
1130553400,U032,79
1130553400,U031,64
1130553400,U035,75
1130553400,U036,75
1130553400,U038,78
1130553400,U037,85
1130553400,U039,69
1130553400,U040,58
1130553400,U041,52
1130553400,U045,23
1130553400,U042,57
1130553400,U043,78
1130553400,U044,50
1130553400,U046,60
1130553400,U047,73
1130553400,V001,65
1130553400,V002,48
1130553500,B001,37
1130553500,C003,68
1130553500,C002,80
1130553500,C001,86
1130553500,C004,60
1130553500,C005,65
1130553500,C006,59
1130553500,C007,52
1130553500,C008,45
1130553500,C009,60
1130553500,E001,64
1130553500,M001,55
1130553500,P002,62
1130553500,U001,40
1130553500,P001,89
1130553500,U002,64
1130553500,U003,55
1130553500,U004,67
1130553500,U006,53
1130553500,U005,55
1130553500,U007,43
1130553500,U009,45
1130553500,U011,36
1130553500,U012,52
1130553500,U008,44
1130553500,U010,88
1130553500,U013,46
1130553500,U015,65
1130553500,U016,67
1130553500,U014,73
1130553500,U017,67
1130553500,U018,43
1130553500,U019,58
1130553500,U020,81
1130553500,U022,39
1130553500,U023,56
1130553500,U021,87
1130553500,U024,62
1130553500,U029,15
1130553500,U027,59
1130553500,U028,40
1130553500,U026,91
1130553500,U025,93
1130553500,U030,64
1130553500,U031,57
1130553500,U032,73
1130553500,U033,78
1130553500,U034,76
1130553500,U035,73
1130553500,U036,69
1130553500,U037,75
1130553500,U038,72
1130553500,U039,63
1130553500,U040,51
1130553500,U041,43
1130553500,U045,28
1130553500,U042,58
1130553500,U043,72
1130553500,U044,39
1130553500,U046,53
1130553500,U047,67
1130553500,V001,59
1130553500,V002,42
1130554500,B001,40
1130554500,C001,106
1130554500,C003,68
1130554500,C005,64
1130554500,C004,63
1130554500,C002,83
1130554500,C006,72
1130554500,C009,63
1130554500,E001,67
1130554500,M001,46
1130554500,P001,92
1130554500,P002,65
1130554500,U001,43
1130554500,U002,67
1130554500,U003,58
1130554500,U004,70
1130554500,U005,58
1130554500,U006,61
1130554500,U007,45
1130554500,C008,39
1130554500,C007,55
1130554500,U009,44
1130554500,U008,40
1130554500,U011,50
1130554500,U010,90
1130554500,U012,55
1130554500,U013,37
1130554500,U014,87
1130554500,U015,67
1130554500,U016,66
1130554500,U017,69
1130554500,U019,60
1130554500,U020,84
1130554500,U021,90
1130554500,U022,42
1130554500,U018,46
1130554500,U023,60
1130554500,U024,64
1130554500,U027,58
1130554500,U029,37
1130554500,U028,50
1130554500,U025,96
1130554500,U026,94
1130554500,U030,70
1130554500,U031,60
1130554500,U032,76
1130554500,U033,77
1130554500,U034,79
1130554500,U035,72
1130554500,U036,72
1130554500,U037,78
1130554500,U039,66
1130554500,U038,75
1130554500,U041,58
1130554500,U040,54
1130554500,U042,49
1130554500,U043,75
1130554500,U044,42
1130554500,U045,42
1130554500,U046,56
1130554500,V001,78
1130554500,U047,70
1130555500,B001,41
1130554500,V002,44
1130555500,C003,65
1130555500,C001,104
1130555500,C005,62
1130555500,C004,53
1130555500,C002,77
1130555500,C007,56
1130555500,C006,74
1130555500,C008,45
1130555500,C009,60
1130555500,E001,68
1130555500,M001,52
1130555500,U001,46
1130555500,P002,62
1130555500,P001,93
1130555500,U002,68
1130555500,U004,71
1130555500,U003,70
1130555500,U006,51
1130555500,U007,35
1130555500,U005,59
1130555500,U009,34
1130555500,U008,46
1130555500,U011,36
1130555500,U012,56
1130555500,U010,92
1130555500,U015,73
1130555500,U016,64
1130555500,U014,81
1130555500,U017,71
1130555500,U018,32
1130555500,U013,41
1130555500,U019,66
1130555500,U020,80
1130555500,U022,48
1130555500,U023,54
1130555500,U024,69
1130555500,U021,91
1130555500,U029,30
1130555500,U027,56
1130555500,U028,43
1130555500,U025,116
1130555500,U026,98
1130555500,U030,64
1130555500,U031,61
1130555500,U033,75
1130555500,U032,77
1130555500,U034,80
1130555500,U035,70
1130555500,U036,78
1130555500,U037,79
1130555500,U038,76
1130555500,U039,67
1130555500,U040,44
1130555500,U041,50
1130555500,U042,55
1130555500,U043,76
1130555500,U045,34
1130555500,U044,42
1130555500,U046,57
1130555500,V001,76
1130557500,B001,47
1130555500,U047,73
1130555500,V002,46
1130557500,C001,106
1130557500,C003,67
1130557500,C005,64
1130557500,C002,79
1130557500,C004,62
1130557500,C007,58
1130557500,C006,83
1130557500,C008,51
1130557500,C009,62
1130557500,E001,70
1130557500,M001,58
1130557500,U001,48
1130557500,P001,95
1130557500,P002,64
1130557500,U002,70
1130557500,U003,66
1130557500,U004,73
1130557500,U006,62
1130557500,U005,61
1130557500,U007,46
1130557500,U009,39
1130557500,U011,44
1130557500,U012,69
1130557500,U010,92
1130557500,U008,50
1130557500,U013,43
1130557500,U018,31
1130557500,U015,74
1130557500,U016,66
1130557500,U014,88
1130557500,U017,77
1130557500,U019,69
1130557500,U020,89
1130557500,U021,93
1130557500,U022,48
1130557500,U023,67
1130557500,U024,70
1130557500,U027,58
1130557500,U028,45
1130557500,U026,100
1130557500,U025,101
1130557500,U029,39
1130557500,U030,69
1130557500,U033,73
1130557500,U031,64
1130557500,U032,79
1130557500,U034,82
1130557500,U035,72
1130557500,U036,75
1130557500,U037,86
1130557500,U039,69
1130557500,U038,76
1130557500,U040,55
1130557500,U041,58
1130557500,U042,60
1130557500,U043,78
1130557500,U044,44
1130557500,U045,29
1130557500,U046,60
1130557500,V001,82
1130559500,B001,44
1130557500,U047,75
1130557500,V002,48
1130559500,C003,81
1130559500,C001,115
1130559500,C005,74
1130559500,C004,65
1130559500,C002,83
1130559500,C006,62
1130559500,C008,40
1130559500,C007,58
1130559500,C009,67
1130559500,E001,70
1130559500,M001,56
1130559500,U001,46
1130559500,P002,69
1130559500,P001,96
1130559500,U002,70
1130559500,U003,61
1130559500,U004,74
1130559500,U006,63
1130559500,U005,61
1130559500,U007,51
1130559500,U011,33
1130559500,U009,55
1130559500,U008,43
1130559500,U010,94
1130559500,U012,59
1130559500,U013,56
1130559500,U015,66
1130559500,U014,80
1130559500,U016,76
1130559500,U017,73
1130559500,U018,50
1130559500,U019,61
1130559500,U020,88
1130559500,U022,46
1130559500,U021,93
1130559500,U023,61
1130559500,U024,63
1130559500,U029,29
1130559500,U027,68
1130559500,U028,46
1130559500,U025,100
1130559500,U026,98
1130559500,U030,67
1130559500,U031,64
1130559500,U032,79
1130559500,U033,90
1130559500,U034,83
1130559500,U035,85
1130559500,U036,75
1130559500,U038,79
1130559500,U037,82
1130559500,U039,70
1130559500,U040,59
1130559500,U041,40
1130559500,U042,50
1130559500,U043,79
1130559500,U044,46
1130559500,U046,60
1130559500,U047,74
1130559500,V001,66
1130559500,U045,30
1130559500,V002,48
1130560300,B001,45
1130560300,C003,74
1130560300,C002,83
1130560300,C001,111
1130560300,C004,68
1130560300,C005,69
1130560300,C006,77
1130560300,C008,40
1130560300,C007,59
1130560300,C009,67
1130560300,E001,71
1130560300,M001,50
1130560300,P002,70
1130560300,P001,97
1130560300,U001,47
1130560300,U002,71
1130560300,U003,62
1130560300,U004,75
1130560300,U005,62
1130560300,U006,66
1130560300,U007,47
1130560300,U009,49
1130560300,U008,46
1130560300,U011,52
1130560300,U010,95
1130560300,U012,59
1130560300,U013,42
1130560300,U015,71
1130560300,U014,83
1130560300,U016,71
1130560300,U018,51
1130560300,U017,74
1130560300,U019,61
1130560300,U020,89
1130560300,U021,94
1130560300,U022,46
1130560300,U023,71
1130560300,U024,67
1130560300,U029,35
1130560300,U027,63
1130560300,U025,100
1130560300,U028,50
1130560300,U026,99
1130560300,U030,77
1130560300,U031,65
1130560300,U033,82
1130560300,U032,80
1130560300,U034,84
1130560300,U035,77
1130560300,U036,76
1130560300,U038,80
1130560300,U037,83
1130560300,U039,70
1130560300,U041,48
1130560300,U040,66
1130560300,U042,53
1130560300,U043,79
1130560300,U044,47
1130560300,U045,40
1130560300,U046,61
1130560300,V001,83
1130560300,U047,74
1130560300,V002,49
1130560800,B001,51
1130560800,C001,117
1130560800,C003,79
1130560800,C002,90
1130560800,C004,72
1130560800,C008,44
1130560800,C005,75
1130560800,C006,67
1130560800,C007,66
1130560800,C009,74
1130560800,M001,51
1130560800,E001,78
1130560800,P002,76
1130560800,P001,103
1130560800,U001,61
1130560800,U002,78
1130560800,U003,69
1130560800,U004,79
1130560800,U008,44
1130560800,U006,66
1130560800,U005,69
1130560800,U007,53
1130560800,U009,56
1130560800,U011,59
1130560800,U012,66
1130560800,U010,101
1130560800,U013,47
1130560800,U015,72
1130560800,U014,100
1130560800,U016,77
1130560800,U017,80
1130560800,U019,54
1130560800,U018,56
1130560800,U022,53
1130560800,U021,101
1130560800,U020,95
1130560800,U024,68
1130560800,U023,72
1130560800,U027,71
1130560800,U029,49
1130560800,U028,57
1130560800,U025,107
1130560800,U026,105
1130560800,U030,72
1130560800,U032,87
1130560800,U031,71
1130560800,U033,88
1130560800,U034,90
1130560800,U036,83
1130560800,U037,89
1130560800,U035,83
1130560800,U038,86
1130560800,U039,77
1130560800,U040,66
1130560800,U042,54
1130560800,U041,53
1130560800,U043,86
1130560800,U044,57
1130560800,U045,48
1130560800,U047,81
1130560800,U046,67
1130560800,V001,71
1130560800,V002,55
1130561500,B001,55
1130561500,C003,82
1130561500,C001,123
1130561500,C002,95
1130561500,C004,69
1130561500,C005,81
1130561500,C006,73
1130561500,C007,69
1130561500,C009,69
1130561500,C008,60
1130561500,E001,81
1130561500,M001,71
1130561500,U001,57
1130561500,P001,107
1130561500,P002,71
1130561500,U002,81
1130561500,U004,85
1130561500,U006,83
1130561500,U003,72
1130561500,U007,56
1130561500,U005,72
1130561500,U009,43
1130561500,U011,42
1130561500,U008,62
1130561500,U012,70
1130561500,U010,105
1130561500,U013,62
1130561500,U015,79
1130561500,U016,83
1130561500,U014,91
1130561500,U018,41
1130561500,U017,84
1130561500,U019,72
1130561500,U021,104
1130561500,U022,56
1130561500,U020,99
1130561500,U023,80
1130561500,U024,76
1130561500,U029,41
1130561500,U027,71
1130561500,U026,109
1130561500,U025,111
1130561500,U028,59
1130561500,U030,78
1130561500,U031,75
1130561500,U033,91
1130561500,U034,94
1130561500,U032,90
1130561500,U035,86
1130561500,U036,86
1130561500,U038,90
1130561500,U037,93
1130561500,U039,80
1130561500,U040,76
1130561500,U041,55
1130561500,U045,33
1130561500,U042,61
1130561500,U044,57
1130561500,U046,71
1130561500,U043,90
1130561500,U047,85
1130561500,V001,76
1130561500,V002,59
1130562500,B001,45
1130562500,C001,99
1130562500,C003,79
1130562500,C002,86
1130562500,C004,67
1130562500,C005,71
1130562500,C006,62
1130562500,C008,40
1130562500,C007,59
1130562500,C009,66
1130562500,E001,71
1130562500,M001,61
1130562500,P002,68
1130562500,P001,96
1130562500,U001,47
1130562500,U002,71
1130562500,U004,74
1130562500,U003,62
1130562500,U006,76
1130562500,U005,62
1130562500,U011,22
1130562500,U009,51
1130562500,U007,49
1130562500,U008,60
1130562500,U010,93
1130562500,U013,52
1130562500,U012,59
1130562500,U014,90
1130562500,U015,83
1130562500,U016,73
1130562500,U018,52
1130562500,U017,81
1130562500,U019,60
1130562500,U020,89
1130562500,U022,46
1130562500,U021,94
1130562500,U023,82
1130562500,U024,66
1130562500,U029,31
1130562500,U027,70
1130562500,U025,106
1130562500,U028,51
1130562500,U026,104
1130562500,U030,68
1130562500,U031,65
1130562500,U032,80
1130562500,U033,88
1130562500,U034,84
1130562500,U035,83
1130562500,U036,76
1130562500,U037,83
1130562500,U038,78
1130562500,U039,70
1130562500,U040,63
1130562500,U041,44
1130562500,U045,29
1130562500,U042,64
1130562500,U044,45
1130562500,U043,79
1130562500,U046,61
1130562500,V001,85
1130562500,U047,79
1130563500,B001,42
1130562500,V002,49
1130563500,C001,92
1130563500,C003,73
1130563500,C004,57
1130563500,C005,70
1130563500,C002,85
1130563500,C006,60
1130563500,C007,57
1130563500,C008,45
1130563500,E001,69
1130563500,C009,65
1130563500,M001,60
1130563500,P001,94
1130563500,U001,45
1130563500,P002,67
1130563500,U002,69
1130563500,U003,60
1130563500,U004,72
1130563500,U005,60
1130563500,U006,54
1130563500,U007,50
1130563500,U011,28
1130563500,U009,50
1130563500,U008,48
1130563500,U012,57
1130563500,U010,93
1130563500,U013,51
1130563500,U015,72
1130563500,U016,72
1130563500,U014,89
1130563500,U018,51
1130563500,U017,72
1130563500,U019,60
1130563500,U020,86
1130563500,U022,44
1130563500,U021,92
1130563500,U024,64
1130563500,U023,63
1130563500,U029,30
1130563500,U027,64
1130563500,U025,98
1130563500,U028,45
1130563500,U026,96
1130563500,U030,65
1130563500,U031,62
1130563500,U033,82
1130563500,U032,78
1130563500,U034,81
1130563500,U035,77
1130563500,U036,74
1130563500,U038,77
1130563500,U037,80
1130563500,U039,68
1130563500,U041,41
1130563500,U040,58
1130563500,U042,63
1130563500,U045,31
1130563500,U043,77
1130563500,U044,44
1130563500,U046,59
1130563500,V001,64
1130563500,V002,47
1130564500,B001,72
1130563500,U047,72
1130564500,C001,119
1130564500,C003,98
1130564500,C005,104
1130564500,C004,87
1130564500,C002,119
1130564500,C006,91
1130564500,C009,86
1130564500,C007,87
1130564500,C008,91
1130564500,E001,96
1130564500,M001,93
1130564500,U001,75
1130564500,P002,88
1130564500,P001,125
1130564500,U003,97
1130564500,U004,103
1130564500,U002,97
1130564500,U006,85
1130564500,U005,90
1130564500,U009,84
1130564500,U011,47
1130564500,U007,83
1130564500,U008,88
1130564500,U010,128
1130564500,U012,87
1130564500,U013,84
1130564500,U014,123
1130564500,U015,98
1130564500,U016,106
1130564500,U018,73
1130564500,U017,101
1130564500,U019,88
1130564500,U020,113
1130564500,U022,74
1130564500,U021,122
1130564500,U023,91
1130564500,U024,95
1130564500,U029,63
1130564500,U027,88
1130564500,U028,71
1130564500,U025,126
1130564500,U026,124
1130564500,U030,94
1130564500,U033,106
1130564500,U031,93
1130564500,U032,108
1130564500,U034,108
1130564500,U035,102
1130564500,U036,102
1130564500,U038,107
1130564500,U039,98
1130564500,U037,111
1130564500,U040,84
1130564500,U041,72
1130564500,U042,96
1130564500,U044,81
1130564500,U043,105
1130564500,U045,55
1130564500,U046,85
1130564500,V001,96
1130564500,U047,99
1130564500,V002,77
1130566000,B001,58
1130566000,C003,82
1130566000,C004,73
1130566000,C001,106
1130566000,C005,85
1130566000,C002,97
1130566000,C006,76
1130566000,C009,73
1130566000,C007,73
1130566000,C008,64
1130566000,E001,85
1130566000,M001,73
1130566000,P001,110
1130566000,P002,75
1130566000,U001,61
1130566000,U002,85
1130566000,U004,88
1130566000,U003,76
1130566000,U006,72
1130566000,U005,76
1130566000,U007,62
1130566000,U009,65
1130566000,U011,47
1130566000,U008,66
1130566000,U010,109
1130566000,U012,73
1130566000,U013,64
1130566000,U015,89
1130566000,U016,86
1130566000,U014,94
1130566000,U018,54
1130566000,U017,88
1130566000,U019,76
1130566000,U021,108
1130566000,U020,100
1130566000,U022,60
1130566000,U023,86
1130566000,U024,80
1130566000,U027,82
1130566000,U025,113
1130566000,U026,111
1130566000,U028,58
1130566000,U029,45
1130566000,U030,81
1130566000,U031,78
1130566000,U033,97
1130566000,U032,94
1130566000,U034,97
1130566000,U035,95
1130566000,U036,90
1130566000,U037,96
1130566000,U038,93
1130566000,U039,84
1130566000,U040,71
1130566000,U041,59
1130566000,U045,31
1130566000,U042,65
1130566000,U043,93
1130566000,U044,60
1130566000,U046,75
1130566000,U047,86
1130566000,V001,80
1130566000,V002,63
1132051100,B001,54
1132051100,C003,87
1132051100,C004,55
1132051100,C001,101
1132051100,C005,83
1132051100,C002,96
1132051100,C008,45
1132051100,C006,55
1132051100,C007,69
1132051100,C009,69
1132051100,E001,81
1132051100,M001,55
1132051100,P002,75
1132051100,U001,68
1132051100,P001,111
1132051100,U002,78
1132051100,U003,76
1132051100,U004,66
1132051100,U007,61
1132051100,U006,53
1132051100,U005,77
1132051100,U008,44
1132051100,U009,64
1132051100,U011,46
1132051100,U012,69
1132051100,U010,109
1132051100,U013,54
1132051100,U015,65
1132051100,U014,97
1132051100,U016,85
1132051100,U017,85
1132051100,U018,70
1132051100,U019,57
1132051100,U020,100
1132051100,U021,104
1132051100,U024,61
1132051100,U022,70
1132051100,U023,59
1132051100,U027,78
1132051100,U026,106
1132051100,U028,64
1132051100,U029,43
1132051100,U025,108
1132051100,U030,60
1132051100,U034,86
1132051100,U033,93
1132051100,U031,74
1132051100,U032,88
1132051100,U035,91
1132051100,U036,72
1132051100,U037,93
1132051100,U038,86
1132051100,U039,82
1132051100,U040,60
1132051100,U041,33
1132051100,U042,47
1132051100,U043,75
1132051100,U045,42
1132051100,U044,64
1132051100,U046,63
1132051100,V001,73
1132051100,U047,86
1132051100,V002,58
1132051200,B001,47
1132051200,C001,122
1132051200,C003,84
1132051200,C005,78
1132051200,C002,86
1132051200,C004,56
1132051200,C006,58
1132051200,C007,61
1132051200,C008,42
1132051200,E001,73
1132051200,C009,69
1132051200,M001,69
1132051200,P002,72
1132051200,P001,99
1132051200,U001,49
1132051200,U002,73
1132051200,U003,64
1132051200,U004,70
1132051200,U005,64
1132051200,U006,54
1132051200,U007,57
1132051200,U009,59
1132051200,U008,49
1132051200,U011,41
1132051200,U012,61
1132051200,U010,97
1132051200,U013,59
1132051200,U015,66
1132051200,U014,85
1132051200,U016,80
1132051200,U017,76
1132051200,U018,53
1132051200,U019,53
1132051200,U021,96
1132051200,U022,48
1132051200,U020,91
1132051200,U023,71
1132051200,U024,63
1132051200,U029,39
1132051200,U027,74
1132051200,U028,60
1132051200,U026,101
1132051200,U025,103
1132051200,U030,64
1132051200,U031,67
1132051200,U032,82
1132051200,U033,89
1132051200,U034,86
1132051200,U035,88
1132051200,U036,78
1132051200,U038,82
1132051200,U037,85
1132051200,U039,72
1132051200,U041,37
1132051200,U040,66
1132051200,U042,48
1132051200,U043,81
1132051200,U045,40
1132051200,U044,49
1132051200,U046,63
1132051200,U047,77
1132051200,V001,77
1132051200,V002,51
1132051300,B001,52
1132051300,C001,101
1132051300,C003,81
1132051300,C004,55
1132051300,C005,77
1132051300,C002,91
1132051300,C008,31
1132051300,C007,67
1132051300,C009,85
1132051300,C006,55
1132051300,E001,79
1132051300,M001,55
1132051300,U001,61
1132051300,P001,104
1132051300,P002,80
1132051300,U002,79
1132051300,U003,80
1132051300,U004,67
1132051300,U006,66
1132051300,U007,66
1132051300,U005,70
1132051300,U008,42
1132051300,U009,57
1132051300,U011,49
1132051300,U012,67
1132051300,U013,54
1132051300,U010,102
1132051300,U015,68
1132051300,U014,101
1132051300,U016,79
1132051300,U018,63
1132051300,U017,81
1132051300,U019,60
1132051300,U021,102
1132051300,U020,96
1132051300,U022,63
1132051300,U024,64
1132051300,U023,59
1132051300,U029,37
1132051300,U025,108
1132051300,U027,72
1132051300,U028,58
1132051300,U026,106
1132051300,U030,60
1132051300,U031,72
1132051300,U032,88
1132051300,U034,87
1132051300,U033,87
1132051300,U035,85
1132051300,U036,73
1132051300,U038,87
1132051300,U037,93
1132051300,U039,78
1132051300,U040,65
1132051300,U041,34
1132051300,U042,47
1132051300,U044,58
1132051300,U043,76
1132051300,U045,36
1132051300,U046,68
1132051300,U047,82
1132051300,V001,73
1132051300,V002,56
1132051400,B001,47
1132051400,C001,96
1132051400,C003,70
1132051400,C005,73
1132051400,C004,50
1132051400,C002,85
1132051400,C006,48
1132051400,C008,41
1132051400,C007,61
1132051400,C009,64
1132051400,E001,73
1132051400,M001,50
1132051400,P002,72
1132051400,P001,99
1132051400,U001,49
1132051400,U002,73
1132051400,U004,60
1132051400,U003,64
1132051400,U006,48
1132051400,U005,64
1132051400,U007,51
1132051400,U009,53
1132051400,U008,38
1132051400,U011,40
1132051400,U010,97
1132051400,U012,61
1132051400,U013,48
1132051400,U015,60
1132051400,U016,75
1132051400,U014,83
1132051400,U017,76
1132051400,U018,53
1132051400,U019,42
1132051400,U022,48
1132051400,U024,59
1132051400,U021,96
1132051400,U020,90
1132051400,U023,54
1132051400,U027,63
1132051400,U029,39
1132051400,U028,49
1132051400,U025,103
1132051400,U026,101
1132051400,U030,53
1132051400,U032,82
1132051400,U031,67
1132051400,U033,77
1132051400,U034,86
1132051400,U035,76
1132051400,U036,78
1132051400,U037,88
1132051400,U038,81
1132051400,U039,72
1132051400,U041,31
1132051400,U040,54
1132051400,U042,42
1132051400,U043,81
1132051400,U044,49
1132051400,U045,42
1132051400,U046,63
1132051400,V001,66
1132051400,U047,76
1132051400,V002,51
1132051500,B001,51
1132051500,C003,75
1132051500,C001,99
1132051500,C004,53
1132051500,C002,90
1132051500,C005,83
1132051500,C006,58
1132051500,C008,42
1132051500,C007,66
1132051500,C009,67
1132051500,E001,78
1132051500,M001,53
1132051500,P001,103
1132051500,P002,72
1132051500,U001,54
1132051500,U002,78
1132051500,U003,69
1132051500,U004,70
1132051500,U006,51
1132051500,U005,69
1132051500,U007,65
1132051500,U009,63
1132051500,U008,41
1132051500,U011,39
1132051500,U012,66
1132051500,U010,102
1132051500,U013,51
1132051500,U015,63
1132051500,U014,87
1132051500,U016,85
1132051500,U017,81
1132051500,U018,58
1132051500,U020,95
1132051500,U022,53
1132051500,U019,54
1132051500,U021,101
1132051500,U023,57
1132051500,U024,59
1132051500,U027,77
1132051500,U025,106
1132051500,U026,104
1132051500,U028,54
1132051500,U029,43
1132051500,U030,63
1132051500,U031,71
1132051500,U034,90
1132051500,U033,93
1132051500,U032,87
1132051500,U035,80
1132051500,U036,83
1132051500,U038,86
1132051500,U039,77
1132051500,U037,91
1132051500,U041,38
1132051500,U040,57
1132051500,U042,45
1132051500,U043,86
1132051500,U044,53
1132051500,U045,44
1132051500,U046,68
1132051500,U047,81
1132051500,V001,61
1132051500,V002,56
1132052100,B001,80
1132052100,C001,126
1132052100,C003,115
1132052100,C005,111
1132052100,C002,119
1132052100,C004,80
1132052100,C006,81
1132052100,C008,67
1132052100,C007,95
1132052100,C009,94
1132052100,E001,107
1132052100,M001,79
1132052100,P002,99
1132052100,P001,132
1132052100,U001,83
1132052100,U002,107
1132052100,U003,98
1132052100,U004,105
1132052100,U006,77
1132052100,U007,95
1132052100,U005,98
1132052100,U008,69
1132052100,U009,92
1132052100,U011,73
1132052100,U012,95
1132052100,U010,131
1132052100,U013,89
1132052100,U015,90
1132052100,U014,116
1132052100,U016,113
1132052100,U018,98
1132052100,U019,82
1132052100,U017,110
1132052100,U021,130
1132052100,U020,124
1132052100,U024,86
1132052100,U022,82
1132052100,U023,84
1132052100,U025,133
1132052100,U026,131
1132052100,U027,81
1132052100,U029,71
1132052100,U028,92
1132052100,U030,79
1132052100,U032,116
1132052100,U033,124
1132052100,U031,101
1132052100,U034,119
1132052100,U035,119
1132052100,U036,98
1132052100,U038,115
1132052100,U037,118
1132052100,U039,106
1132052100,U041,65
1132052100,U040,84
1132052100,U042,72
1132052100,U043,101
1132052100,U044,83
1132052100,U045,73
1132052100,U046,97
1132052100,V001,127
1132052100,U047,110
1132052100,V002,85
1132052200,B001,55
1132052200,C003,83
1132052200,C001,104
1132052200,C004,57
1132052200,C002,98
1132052200,C005,82
1132052200,C008,45
1132052200,C006,58
1132052200,C007,70
1132052200,C009,72
1132052200,E001,92
1132052200,M001,57
1132052200,P002,77
1132052200,U001,58
1132052200,P001,113
1132052200,U002,82
1132052200,U004,70
1132052200,U003,79
1132052200,U006,55
1132052200,U005,79
1132052200,U007,59
1132052200,U008,46
1132052200,U009,61
1132052200,U011,52
1132052200,U012,70
1132052200,U010,111
1132052200,U013,56
1132052200,U015,67
1132052200,U014,99
1132052200,U016,92
1132052200,U018,61
1132052200,U019,60
1132052200,U017,87
1132052200,U020,102
1132052200,U024,63
1132052200,U021,124
1132052200,U022,57
1132052200,U023,61
1132052200,U028,58
1132052200,U029,56
1132052200,U025,110
1132052200,U027,59
1132052200,U026,108
1132052200,U030,63
1132052200,U031,75
1132052200,U032,91
1132052200,U033,91
1132052200,U034,90
1132052200,U035,87
1132052200,U036,76
1132052200,U038,90
1132052200,U037,95
1132052200,U039,84
1132052200,U041,43
1132052200,U040,62
1132052200,U042,49
1132052200,U043,79
1132052200,U044,57
1132052200,U045,58
1132052200,U046,65
1132052200,V001,77
1132052200,U047,88
1132052200,V002,60
1132066000,B001,52
1132066000,C001,101
1132066000,C002,99
1132066000,C003,80
1132066000,C004,69
1132066000,C005,84
1132066000,C006,70
1132066000,C007,67
1132066000,C008,56
1132066000,C009,68
1132066000,E001,79
1132066000,M001,75
1132066000,P002,71
1132066000,P001,104
1132066000,U001,55
1132066000,U002,79
1132066000,U003,70
1132066000,U004,87
1132066000,U006,67
1132066000,U005,70
1132066000,U007,64
1132066000,U011,19
1132066000,U009,65
1132066000,U008,59
1132066000,U010,103
1132066000,U013,66
1132066000,U012,67
1132066000,U014,104
1132066000,U015,80
1132066000,U016,86
1132066000,U018,55
1132066000,U017,83
1132066000,U019,74
1132066000,U020,95
1132066000,U021,102
1132066000,U022,54
1132066000,U024,77
1132066000,U023,73
1132066000,U027,70
1132066000,U025,108
1132066000,U026,106
1132066000,U028,53
1132066000,U029,44
1132066000,U030,76
1132066000,U031,72
1132066000,U033,88
1132066000,U034,91
1132066000,U032,88
1132066000,U035,84
1132066000,U036,84
1132066000,U037,93
1132066000,U038,87
1132066000,U039,78
1132066000,U040,66
1132066000,U041,56
1132066000,U042,65
1132066000,U044,63
1132066000,U043,87
1132066000,U045,38
1132066000,U046,68
1132066000,U047,81
1132066000,V001,78
1132066000,V002,57
1132067000,B001,46
1132067000,C001,121
1132067000,C003,82
1132067000,C002,85
1132067000,C004,60
1132067000,C005,79
1132067000,C007,61
1132067000,C009,84
1132067000,E001,73
1132067000,C006,62
1132067000,C008,60
1132067000,M001,68
1132067000,U001,63
1132067000,P002,72
1132067000,U002,73
1132067000,P001,98
1132067000,U003,64
1132067000,U004,74
1132067000,U007,55
1132067000,U006,58
1132067000,U005,64
1132067000,U011,35
1132067000,U009,59
1132067000,U008,49
1132067000,U012,61
1132067000,U010,97
1132067000,U013,56
1132067000,U015,70
1132067000,U014,103
1132067000,U016,80
1132067000,U017,76
1132067000,U018,65
1132067000,U019,61
1132067000,U021,96
1132067000,U020,90
1132067000,U022,48
1132067000,U023,70
1132067000,U024,63
1132067000,U027,73
1132067000,U029,38
1132067000,U028,59
1132067000,U026,100
1132067000,U025,133
1132067000,U030,68
1132067000,U031,67
1132067000,U033,88
1132067000,U034,85
1132067000,U032,82
1132067000,U035,87
1132067000,U036,95
1132067000,U038,81
1132067000,U037,84
1132067000,U039,72
1132067000,U040,64
1132067000,U041,41
1132067000,U042,53
1132067000,U043,81
1132067000,U044,59
1132067000,U045,40
1132067000,U046,63
1132067000,V001,93
1132067000,U047,76
1132068000,B001,47
1132067000,V002,51
1132068000,C003,71
1132068000,C002,86
1132068000,C004,56
1132068000,C005,78
1132068000,C001,96
1132068000,C006,60
1132068000,C009,70
1132068000,C008,60
1132068000,C007,61
1132068000,E001,73
1132068000,P002,72
1132068000,M001,63
1132068000,P001,99
1132068000,U001,49
1132068000,U002,73
1132068000,U004,72
1132068000,U003,64
1132068000,U007,56
1132068000,U005,64
1132068000,U006,54
1132068000,U011,29
1132068000,U009,53
1132068000,U008,44
1132068000,U012,62
1132068000,U010,97
1132068000,U013,48
1132068000,U015,66
1132068000,U014,83
1132068000,U016,80
1132068000,U018,53
1132068000,U017,76
1132068000,U019,59
1132068000,U020,91
1132068000,U022,49
1132068000,U023,60
1132068000,U021,96
1132068000,U024,63
1132068000,U029,38
1132068000,U027,51
1132068000,U028,49
1132068000,U025,103
1132068000,U026,101
1132068000,U030,65
1132068000,U031,67
1132068000,U032,82
1132068000,U033,66
1132068000,U034,86
1132068000,U035,76
1132068000,U036,78
1132068000,U037,85
1132068000,U038,82
1132068000,U039,73
1132068000,U040,65
1132068000,U041,40
1132068000,U042,48
1132068000,U045,42
1132068000,U044,49
1132068000,U043,82
1132068000,U046,63
1132068000,U047,77
1132068000,V001,69
1132068100,B001,51
1132068000,V002,51
1132068100,C001,105
1132068100,C003,86
1132068100,C002,90
1132068100,C004,59
1132068100,C005,80
1132068100,C006,69
1132068100,C007,65
1132068100,C008,57
1132068100,C009,74
1132068100,E001,77
1132068100,M001,71
1132068100,P001,103
1132068100,P002,76
1132068100,U001,53
1132068100,U002,77
1132068100,U003,68
1132068100,U004,81
1132068100,U005,69
1132068100,U006,57
1132068100,U007,62
1132068100,U008,47
1132068100,U011,35
1132068100,U009,61
1132068100,U012,66
1132068100,U010,101
1132068100,U015,69
1132068100,U013,61
1132068100,U014,89
1132068100,U016,82
1132068100,U018,63
1132068100,U019,63
1132068100,U017,80
1132068100,U020,95
1132068100,U021,100
1132068100,U022,53
1132068100,U024,65
1132068100,U023,63
1132068100,U027,80
1132068100,U029,44
1132068100,U028,66
1132068100,U025,112
1132068100,U026,110
1132068100,U030,74
1132068100,U031,71
1132068100,U033,95
1132068100,U034,90
1132068100,U032,87
1132068100,U035,91
1132068100,U036,83
1132068100,U037,89
1132068100,U038,86
1132068100,U039,77
1132068100,U041,48
1132068100,U040,71
1132068100,U042,51
1132068100,U043,86
1132068100,U044,53
1132068100,U045,44
1132068100,U046,67
1132068100,U047,81
1132068100,V001,100
1132068100,V002,55
1132069000,B001,50
1132069000,C001,98
1132069000,C003,78
1132069000,C004,52
1132069000,C005,82
1132069000,C002,93
1132069000,C006,57
1132069000,C007,64
1132069000,C008,40
1132069000,C009,66
1132069000,E001,77
1132069000,M001,52
1132069000,P002,72
1132069000,U001,66
1132069000,P001,108
1132069000,U002,81
1132069000,U003,73
1132069000,U004,69
1132069000,U006,50
1132069000,U005,74
1132069000,U007,54
1132069000,U009,62
1132069000,U008,41
1132069000,U011,42
1132069000,U010,106
1132069000,U012,65
1132069000,U013,51
1132069000,U014,94
1132069000,U015,62
1132069000,U016,84
1132069000,U017,82
1132069000,U018,68
1132069000,U019,54
1132069000,U020,97
1132069000,U021,100
1132069000,U022,52
1132069000,U023,56
1132069000,U024,58
1132069000,U027,76
1132069000,U029,41
1132069000,U025,105
1132069000,U026,103
1132069000,U028,63
1132069000,U030,62
1132069000,U034,83
1132069000,U033,91
1132069000,U031,70
1132069000,U032,90
1132069000,U035,82
1132069000,U036,77
1132069000,U038,85
1132069000,U037,90
1132069000,U039,79
1132069000,U040,56
1132069000,U041,40
1132069000,U042,44
1132069000,U043,80
1132069000,U045,43
1132069000,U044,62
1132069000,U046,60
1132069000,V001,76
1132069000,U047,83
1132070000,B001,57
1132069000,V002,54
1132070000,C001,107
1132070000,C003,81
1132070000,C004,61
1132070000,C002,98
1132070000,C005,91
1132070000,C006,62
1132070000,C007,72
1132070000,C008,49
1132070000,C009,75
1132070000,E001,84
1132070000,M001,61
1132070000,P002,77
1132070000,U001,59
1132070000,P001,109
1132070000,U002,85
1132070000,U003,75
1132070000,U004,74
1132070000,U006,59
1132070000,U005,75
1132070000,U007,66
1132070000,U008,50
1132070000,U011,36
1132070000,U009,72
1132070000,U012,72
1132070000,U010,107
1132070000,U015,71
1132070000,U013,59
1132070000,U016,93
1132070000,U014,93
1132070000,U017,86
1132070000,U018,63
1132070000,U019,62
1132070000,U020,101
1132070000,U021,107
1132070000,U022,59
1132070000,U024,66
1132070000,U023,65
1132070000,U027,58
1132070000,U029,48
1132070000,U026,112
1132070000,U025,114
1132070000,U028,60
1132070000,U030,67
1132070000,U033,73
1132070000,U031,77
1132070000,U034,96
1132070000,U035,86
1132070000,U036,79
1132070000,U038,92
1132070000,U037,100
1132070000,U032,95
1132070000,U041,47
1132070000,U040,64
1132070000,U039,83
1132070000,U042,53
1132070000,U045,55
1132070000,U043,82
1132070000,U044,59
1132070000,U046,73
1132070000,U047,87
1132070000,V001,80
1132071000,B001,59
1132070000,V002,61
1132071000,C001,103
1132071000,C002,87
1132071000,C003,93
1132071000,C005,86
1132071000,C004,65
1132071000,C006,67
1132071000,C007,73
1132071000,C008,67
1132071000,C009,70
1132071000,E001,85
1132071000,M001,76
1132071000,P001,111
1132071000,P002,72
1132071000,U001,61
1132071000,U002,91
1132071000,U003,76
1132071000,U004,79
1132071000,U005,77
1132071000,U006,63
1132071000,U007,72
1132071000,U009,66
1132071000,U011,30
1132071000,U008,54
1132071000,U013,67
1132071000,U010,109
1132071000,U012,74
1132071000,U014,106
1132071000,U015,77
1132071000,U016,88
1132071000,U017,85
1132071000,U018,56
1132071000,U019,63
1132071000,U020,97
1132071000,U021,108
1132071000,U022,61
1132071000,U024,72
1132071000,U023,81
1132071000,U027,60
1132071000,U028,55
1132071000,U029,50
1132071000,U026,107
1132071000,U025,109
1132071000,U030,72
1132071000,U034,98
1132071000,U033,102
1132071000,U032,95
1132071000,U031,79
1132071000,U035,98
1132071000,U036,106
1132071000,U038,94
1132071000,U037,97
1132071000,U039,85
1132071000,U041,47
1132071000,U040,67
1132071000,U042,57
1132071000,U045,39
1132071000,U043,88
1132071000,U044,61
1132071000,U046,75
1132071000,U047,83
1132071000,V001,85
1132071000,V002,63
1135056000,B001,52
1135056000,C001,91
1135056000,C003,71
1135056000,C004,45
1135056000,C002,86
1135056000,C008,29
1135056000,C006,52
1135056000,C007,65
1135056000,C005,74
1135056000,M001,42
1135056000,C009,59
1135056000,E001,79
1135056000,P002,64
1135056000,P001,100
1135056000,U001,56
1135056000,U002,76
1135056000,U003,66
1135056000,U008,15
1135056000,U006,43
1135056000,U004,64
1135056000,U007,55
1135056000,U005,66
1135056000,U009,60
1135056000,U011,50
1135056000,U013,44
1135056000,U012,65
1135056000,U010,99
1135056000,U015,58
1135056000,U014,87
1135056000,U016,80
1135056000,U018,62
1135056000,U017,75
1135056000,U019,39
1135056000,U021,111
1135056000,U023,49
1135056000,U020,89
1135056000,U022,55
1135056000,U024,54
1135056000,U027,72
1135056000,U029,46
1135056000,U025,98
1135056000,U026,96
1135056000,U031,73
1135056000,U033,79
1135056000,U032,84
1135056000,U028,56
1135056000,U036,69
1135056000,U034,76
1135056000,U035,75
1135056000,U030,57
1135056000,U037,83
1135056000,U040,49
1135056000,U038,91
1135056000,U039,71
1135056000,U041,38
1135056000,U042,37
1135056000,U043,72
1135056000,U045,59
1135056000,U044,56
1135056000,U046,53
1135056000,U047,75
1135056000,V001,53
1135057000,B001,61
1135056000,V002,55
1135057000,C001,103
1135057000,C003,82
1135057000,C002,93
1135057000,C004,57
1135057000,C005,78
1135057000,C008,23
1135057000,C006,60
1135057000,C007,77
1135057000,M001,50
1135057000,C009,71
1135057000,E001,83
1135057000,P001,112
1135057000,P002,76
1135057000,U001,62
1135057000,U002,84
1135057000,U003,81
1135057000,U004,72
1135057000,U008,38
1135057000,U007,56
1135057000,U006,65
1135057000,U005,79
1135057000,U009,58
1135057000,U011,53
1135057000,U012,78
1135057000,U010,111
1135057000,U013,55
1135057000,U015,63
1135057000,U014,102
1135057000,U016,80
1135057000,U018,64
1135057000,U017,89
1135057000,U019,48
1135057000,U021,120
1135057000,U020,101
1135057000,U022,64
1135057000,U024,60
1135057000,U023,71
1135057000,U027,72
1135057000,U025,110
1135057000,U028,59
1135057000,U029,47
1135057000,U026,108
1135057000,U030,66
1135057000,U033,88
1135057000,U032,94
1135057000,U031,83
1135057000,U034,92
1135057000,U036,78
1135057000,U035,86
1135057000,U038,92
1135057000,U037,95
1135057000,U039,84
1135057000,U041,46
1135057000,U040,65
1135057000,U042,53
1135057000,U043,81
1135057000,U044,59
1135057000,U045,52
1135057000,U046,73
1135057000,U047,87
1135057000,V001,64
1135057000,V002,67
1135058000,B001,54
1135058000,C003,73
1135058000,C001,93
1135058000,C002,89
1135058000,C004,47
1135058000,C005,76
1135058000,C008,33
1135058000,C006,48
1135058000,C009,61
1135058000,C007,67
1135058000,M001,41
1135058000,E001,69
1135058000,P001,103
1135058000,P002,62
1135058000,U001,58
1135058000,U002,72
1135058000,U003,68
1135058000,U004,60
1135058000,U008,30
1135058000,U006,45
1135058000,U007,43
1135058000,U005,68
1135058000,U009,62
1135058000,U011,53
1135058000,U010,97
1135058000,U013,47
1135058000,U012,67
1135058000,U015,52
1135058000,U014,89
1135058000,U018,65
1135058000,U016,82
1135058000,U017,75
1135058000,U019,37
1135058000,U023,51
1135058000,U021,113
1135058000,U022,57
1135058000,U020,87
1135058000,U024,48
1135058000,U028,47
1135058000,U027,74
1135058000,U025,100
1135058000,U026,98
1135058000,U029,48
1135058000,U030,53
1135058000,U031,68
1135058000,U034,80
1135058000,U032,81
1135058000,U033,81
1135058000,U035,77
1135058000,U036,66
1135058000,U037,85
1135058000,U038,80
1135058000,U039,73
1135058000,U040,55
1135058000,U042,43
1135058000,U041,44
1135058000,U043,69
1135058000,U044,58
1135058000,U045,51
1135058000,U046,59
1135058000,V001,51
1135058000,U047,73
1135058000,V002,57
1135059500,B001,59
1135059500,C001,93
1135059500,C003,75
1135059500,C002,86
1135059500,C004,42
1135059500,C005,79
1135059500,C006,36
1135059500,C008,38
1135059500,C007,73
1135059500,C009,62
1135059500,M001,39
1135059500,E001,65
1135059500,P002,59
1135059500,P001,103
1135059500,U001,61
1135059500,U002,60
1135059500,U004,48
1135059500,U003,69
1135059500,U006,49
1135059500,U007,40
1135059500,U005,69
1135059500,U009,60
1135059500,U008,39
1135059500,U011,58
1135059500,U012,80
1135059500,U010,99
1135059500,U013,37
1135059500,U015,46
1135059500,U014,87
1135059500,U016,80
1135059500,U017,72
1135059500,U019,26
1135059500,U018,55
1135059500,U021,96
1135059500,U023,48
1135059500,U020,84
1135059500,U022,60
1135059500,U024,43
1135059500,U027,66
1135059500,U029,51
1135059500,U028,44
1135059500,U026,99
1135059500,U025,107
1135059500,U030,41
1135059500,U034,67
1135059500,U031,65
1135059500,U032,69
1135059500,U033,81
1135059500,U035,83
1135059500,U036,53
1135059500,U038,67
1135059500,U037,74
1135059500,U039,80
1135059500,U041,29
1135059500,U040,53
1135059500,U042,41
1135059500,U043,56
1135059500,U044,48
1135059500,U045,54
1135059500,U046,56
1135059500,U047,70
1135059500,V001,54
1135060000,B001,66
1135059500,V002,63
1135060000,C001,105
1135060000,C002,97
1135060000,C004,55
1135060000,C003,82
1135060000,C005,85
1135060000,C006,51
1135060000,C007,79
1135060000,C008,50
1135060000,C009,73
1135060000,M001,52
1135060000,E001,77
1135060000,P001,106
1135060000,P002,70
1135060000,U001,67
1135060000,U002,75
1135060000,U003,73
1135060000,U004,63
1135060000,U005,73
1135060000,U006,62
1135060000,U009,72
1135060000,U007,51
1135060000,U008,46
1135060000,U010,105
1135060000,U011,73
1135060000,U013,49
1135060000,U012,70
1135060000,U015,32
1135060000,U014,98
1135060000,U019,42
1135060000,U016,84
1135060000,U018,72
1135060000,U017,83
1135060000,U024,29
1135060000,U021,111
1135060000,U020,95
1135060000,U022,66
1135060000,U023,60
1135060000,U025,111
1135060000,U027,77
1135060000,U026,110
1135060000,U028,55
1135060000,U029,66
1135060000,U030,57
1135060000,U032,85
1135060000,U033,92
1135060000,U034,74
1135060000,U031,77
1135060000,U035,84
1135060000,U036,69
1135060000,U038,83
1135060000,U037,90
1135060000,U039,81
1135060000,U040,60
1135060000,U041,52
1135060000,U042,55
1135060000,U043,72
1135060000,U044,59
1135060000,U045,71
1135060000,U046,67
1135060000,V001,70
1135060000,U047,81
1135060000,V002,69
1135061100,B001,59
1135061100,C003,80
1135061100,C001,103
1135061100,C002,95
1135061100,C004,57
1135061100,C005,76
1135061100,C006,45
1135061100,C007,75
1135061100,C009,71
1135061100,E001,70
1135061100,C008,30
1135061100,M001,48
1135061100,P002,68
1135061100,U001,60
1135061100,P001,113
1135061100,U002,69
1135061100,U003,79
1135061100,U004,57
1135061100,U005,78
1135061100,U006,70
1135061100,U007,49
1135061100,U009,56
1135061100,U008,32
1135061100,U011,66
1135061100,U012,76
1135061100,U010,106
1135061100,U013,46
1135061100,U015,45
1135061100,U014,100
1135061100,U016,78
1135061100,U019,28
1135061100,U017,81
1135061100,U018,62
1135061100,U020,93
1135061100,U022,62
1135061100,U021,105
1135061100,U023,63
1135061100,U027,70
1135061100,U024,32
1135061100,U028,57
1135061100,U025,110
1135061100,U026,108
1135061100,U029,53
1135061100,U030,50
1135061100,U032,78
1135061100,U033,86
1135061100,U031,74
1135061100,U034,76
1135061100,U035,84
1135061100,U036,62
1135061100,U037,83
1135061100,U038,76
1135061100,U041,33
1135061100,U040,62
1135061100,U039,89
1135061100,U042,51
1135061100,U043,65
1135061100,U044,57
1135061100,U045,62
1135061100,U046,65
1135061100,V001,63
1135061100,U047,79
1135061100,V002,65
1135061200,B001,57
1135061200,C001,96
1135061200,C003,77
1135061200,C002,93
1135061200,C004,34
1135061200,C005,74
1135061200,C008,28
1135061200,C006,42
1135061200,C007,75
1135061200,C009,69
1135061200,M001,52
1135061200,E001,67
1135061200,P002,65
1135061200,P001,110
1135061200,U001,58
1135061200,U002,66
1135061200,U003,76
1135061200,U004,54
1135061200,U005,76
1135061200,U006,42
1135061200,U007,47
1135061200,U008,30
1135061200,U009,54
1135061200,U011,68
1135061200,U012,65
1135061200,U010,108
1135061200,U013,44
1135061200,U015,52
1135061200,U014,98
1135061200,U016,75
1135061200,U018,60
1135061200,U017,78
1135061200,U019,29
1135061200,U024,43
1135061200,U021,102
1135061200,U020,90
1135061200,U023,40
1135061200,U022,60
1135061200,U027,68
1135061200,U028,54
1135061200,U029,50
1135061200,U025,103
1135061200,U026,105
1135061200,U030,47
1135061200,U034,74
1135061200,U031,72
1135061200,U033,83
1135061200,U032,75
1135061200,U035,82
1135061200,U036,60
1135061200,U038,74
1135061200,U039,86
1135061200,U041,29
1135061200,U037,80
1135061200,U040,39
1135061200,U042,54
1135061200,U043,63
1135061200,U045,60
1135061200,U044,54
1135061200,U046,62
1135061200,V001,60
1135061900,B001,65
1135061200,U047,76
1135061200,V002,65
1135061900,C001,115
1135061900,C002,108
1135061900,C004,56
1135061900,C003,89
1135061900,C005,92
1135061900,C006,56
1135061900,C007,80
1135061900,C008,55
1135061900,C009,88
1135061900,E001,92
1135061900,M001,60
1135061900,P002,81
1135061900,P001,117
1135061900,U001,68
1135061900,U002,80
1135061900,U003,83
1135061900,U004,68
1135061900,U006,69
1135061900,U007,62
1135061900,U005,83
1135061900,U009,71
1135061900,U008,65
1135061900,U011,68
1135061900,U012,80
1135061900,U013,60
1135061900,U010,115
1135061900,U014,101
1135061900,U016,94
1135061900,U017,94
1135061900,U019,36
1135061900,U018,71
1135061900,U020,106
1135061900,U015,53
1135061900,U021,115
1135061900,U022,67
1135061900,U023,62
1135061900,U024,40
1135061900,U026,119
1135061900,U027,83
1135061900,U028,68
1135061900,U029,58
1135061900,U025,125
1135061900,U030,61
1135061900,U032,89
1135061900,U031,85
1135061900,U033,95
1135061900,U034,88
1135061900,U036,73
1135061900,U035,94
1135061900,U037,94
1135061900,U038,87
1135061900,U041,35
1135061900,U039,91
1135061900,U040,69
1135061900,U042,65
1135061900,U043,76
1135061900,U045,61
1135061900,U044,69
1135061900,U046,81
1135061900,V001,74
1135061900,U047,92
1135061900,V002,70
1135062100,B001,59
1135062100,C003,83
1135062100,C001,114
1135062100,C004,72
1135062100,C005,86
1135062100,C002,107
1135062100,C006,50
1135062100,C007,74
1135062100,C008,49
1135062100,C009,76
1135062100,E001,79
1135062100,M001,62
1135062100,P002,80
1135062100,P001,111
1135062100,U001,62
1135062100,U002,74
1135062100,U003,77
1135062100,U004,62
1135062100,U006,85
1135062100,U007,61
1135062100,U005,77
1135062100,U009,66
1135062100,U008,45
1135062100,U011,64
1135062100,U012,74
1135062100,U010,110
1135062100,U013,58
1135062100,U015,55
1135062100,U014,107
1135062100,U016,88
1135062100,U018,66
1135062100,U019,38
1135062100,U017,92
1135062100,U020,104
1135062100,U024,42
1135062100,U022,61
1135062100,U021,110
1135062100,U023,78
1135062100,U027,90
1135062100,U029,52
1135062100,U028,62
1135062100,U025,120
1135062100,U026,113
1135062100,U030,55
1135062100,U033,105
1135062100,U032,83
1135062100,U031,80
1135062100,U034,82
1135062100,U035,89
1135062100,U036,67
1135062100,U037,88
1135062100,U041,29
1135062100,U038,81
1135062100,U039,85
1135062100,U040,77
1135062100,U042,60
1135062100,U043,70
1135062100,U044,69
1135062100,U045,57
1135062100,U046,70
1135062100,V001,68
1135062100,U047,90
1135062100,V002,64
1135062400,B001,66
1135062400,C003,90
1135062400,C001,115
1135062400,C002,105
1135062400,C005,93
1135062400,C004,70
1135062400,C006,70
1135062400,C008,68
1135062400,C007,81
1135062400,C009,89
1135062400,E001,93
1135062400,P002,91
1135062400,M001,70
1135062400,P001,118
1135062400,U001,69
1135062400,U002,93
1135062400,U004,82
1135062400,U003,84
1135062400,U006,68
1135062400,U005,84
1135062400,U007,73
1135062400,U008,69
1135062400,U009,73
1135062400,U011,66
1135062400,U012,81
1135062400,U010,117
1135062400,U015,74
1135062400,U013,68
1135062400,U014,102
1135062400,U016,95
1135062400,U017,96
1135062400,U018,73
1135062400,U019,68
1135062400,U020,110
1135062400,U021,116
1135062400,U022,68
1135062400,U024,63
1135062400,U023,74
1135062400,U027,82
1135062400,U025,122
1135062400,U029,59
1135062400,U028,69
1135062400,U026,120
1135062400,U030,75
1135062400,U032,102
1135062400,U034,105
1135062400,U033,96
1135062400,U031,86
1135062400,U035,95
1135062400,U036,98
1135062400,U037,104
1135062400,U038,101
1135062400,U039,92
1135062400,U041,51
1135062400,U040,75
1135062400,U043,101
1135062400,U042,63
1135062400,U044,68
1135062400,U045,62
1135062400,U046,82
1135062400,U047,96
1135062400,V001,88
1135062400,V002,71
1135062500,B001,57
1135062500,C003,76
1135062500,C004,56
1135062500,C002,92
1135062500,C005,90
1135062500,C001,99
1135062500,C006,41
1135062500,C008,36
1135062500,C007,71
1135062500,C009,68
1135062500,E001,70
1135062500,M001,43
1135062500,P002,64
1135062500,P001,109
1135062500,U002,65
1135062500,U001,59
1135062500,U003,74
1135062500,U004,53
1135062500,U005,75
1135062500,U007,46
1135062500,U006,59
1135062500,U008,37
1135062500,U009,70
1135062500,U011,61
1135062500,U012,71
1135062500,U013,43
1135062500,U010,107
1135062500,U015,51
1135062500,U014,92
1135062500,U016,86
1135062500,U019,35
1135062500,U017,77
1135062500,U018,63
1135062500,U024,44
1135062500,U023,61
1135062500,U022,58
1135062500,U021,101
1135062500,U020,89
1135062500,U027,84
1135062500,U028,49
1135062500,U029,50
1135062500,U025,113
1135062500,U026,104
1135062500,U030,46
1135062500,U032,74
1135062500,U034,73
1135062500,U031,71
1135062500,U033,86
1135062500,U036,59
1135062500,U035,88
1135062500,U038,73
1135062500,U037,79
1135062500,U041,21
1135062500,U039,85
1135062500,U040,58
1135062500,U042,46
1135062500,U043,62
1135062500,U045,49
1135062500,U044,53
1135062500,U046,61
1135062500,V001,59
1135062500,U047,75
1135063000,B001,72
1135062500,V002,61
1135063000,C001,115
1135063000,C004,65
1135063000,C005,99
1135063000,C002,111
1135063000,C003,96
1135063000,C006,60
1135063000,C007,87
1135063000,C008,64
1135063000,E001,89
1135063000,C009,87
1135063000,M001,62
1135063000,P002,83
1135063000,U001,75
1135063000,U002,84
1135063000,P001,128
1135063000,U004,72
1135063000,U003,94
1135063000,U006,67
1135063000,U007,65
1135063000,U005,94
1135063000,U009,79
1135063000,U008,66
1135063000,U011,75
1135063000,U012,87
1135063000,U010,126
1135063000,U013,62
1135063000,U015,70
1135063000,U016,105
1135063000,U014,111
1135063000,U017,96
1135063000,U019,53
1135063000,U018,78
1135063000,U024,80
1135063000,U020,108
1135063000,U023,71
1135063000,U021,120
1135063000,U022,74
1135063000,U027,91
1135063000,U026,123
1135063000,U028,75
1135063000,U029,65
1135063000,U025,122
1135063000,U030,65
1135063000,U032,93
1135063000,U034,92
1135063000,U033,106
1135063000,U031,90
1135063000,U036,78
1135063000,U035,108
1135063000,U038,92
1135063000,U039,104
1135063000,U037,99
1135063000,U041,46
1135063000,U040,77
1135063000,U042,61
1135063000,U043,81
1135063000,U044,73
1135063000,U045,68
1135063000,U046,80
1135063000,V001,79
1135063000,U047,94
1135063000,V002,77
1135064000,B001,46
1135064000,C001,96
1135064000,C003,70
1135064000,C004,51
1135064000,C002,85
1135064000,C005,73
1135064000,C006,48
1135064000,C007,61
1135064000,C008,40
1135064000,C009,69
1135064000,E001,73
1135064000,M001,63
1135064000,P001,98
1135064000,P002,71
1135064000,U001,49
1135064000,U002,72
1135064000,U003,64
1135064000,U004,60
1135064000,U005,64
1135064000,U006,48
1135064000,U007,53
1135064000,U009,53
1135064000,U008,39
1135064000,U011,46
1135064000,U012,61
1135064000,U010,97
1135064000,U013,48
1135064000,U015,58
1135064000,U014,82
1135064000,U018,53
1135064000,U017,76
1135064000,U016,75
1135064000,U019,41
1135064000,U020,90
1135064000,U022,48
1135064000,U024,45
1135064000,U023,54
1135064000,U021,96
1135064000,U027,63
1135064000,U029,39
1135064000,U025,102
1135064000,U028,49
1135064000,U026,100
1135064000,U032,82
1135064000,U031,66
1135064000,U034,85
1135064000,U030,54
1135064000,U033,76
1135064000,U035,75
1135064000,U038,81
1135064000,U039,72
1135064000,U040,55
1135064000,U041,27
1135064000,U037,87
1135064000,U042,43
1135064000,U043,69
1135064000,U044,48
1135064000,U045,42
1135064000,U046,63
1135064000,U036,66
1135064000,V001,67
1135064000,U047,76
1135066500,C001,105
1135066500,B001,56
1135066500,C003,80
1135064000,V002,51
1135066500,C002,95
1135066500,C004,60
1135066500,C005,83
1135066500,C006,60
1135066500,C007,71
1135066500,C008,50
1135066500,C009,79
1135066500,P001,108
1135066500,M001,60
1135066500,E001,83
1135066500,U001,59
1135066500,P002,81
1135066500,U004,72
1135066500,U002,83
1135066500,U003,74
1135066500,U006,58
1135066500,U005,74
1135066500,U009,62
1135066500,U007,63
1135066500,U011,56
1135066500,U008,49
1135066500,U010,106
1135066500,U012,71
1135066500,U015,68
1135066500,U013,58
1135066500,U016,85
1135066500,U014,94
1135066500,U017,86
1135066500,U018,62
1135066500,U019,62
1135066500,U021,106
1135066500,U020,100
1135066500,U022,58
1135066500,U023,64
1135066500,U024,66
1135066500,U027,72
1135066500,U025,112
1135066500,U028,59
1135066500,U029,49
1135066500,U026,110
1135066500,U030,65
1135066500,U031,76
1135066500,U032,92
1135066500,U034,95
1135066500,U033,86
1135066500,U035,85
1135066500,U036,88
1135066500,U037,94
1135066500,U038,91
1135066500,U039,82
1135066500,U041,41
1135066500,U042,52
1135066500,U040,65
1135066500,U043,91
1135066500,U044,58
1135066500,U045,52
1135066500,U046,72
1135066500,V001,78
1135066500,U047,86
1135066500,V002,61
1135067000,B001,56
1135067000,C003,80
1135067000,C004,60
1135067000,C001,105
1135067000,C002,95
1135067000,C005,83
1135067000,C006,54
1135067000,C008,55
1135067000,C007,71
1135067000,C009,79
1135067000,E001,83
1135067000,M001,56
1135067000,U001,59
1135067000,P001,108
1135067000,P002,81
1135067000,U002,78
1135067000,U003,74
1135067000,U004,66
1135067000,U006,58
1135067000,U007,63
1135067000,U005,74
1135067000,U009,63
1135067000,U008,56
1135067000,U012,71
1135067000,U011,57
1135067000,U010,107
1135067000,U013,58
1135067000,U015,72
1135067000,U016,85
1135067000,U018,63
1135067000,U017,86
1135067000,U014,92
1135067000,U019,55
1135067000,U024,59
1135067000,U020,100
1135067000,U022,58
1135067000,U023,64
1135067000,U021,106
1135067000,U027,72
1135067000,U028,59
1135067000,U025,112
1135067000,U029,49
1135067000,U026,110
1135067000,U030,59
1135067000,U034,86
1135067000,U033,86
1135067000,U032,87
1135067000,U031,76
1135067000,U035,85
1135067000,U036,72
1135067000,U037,92
1135067000,U038,91
1135067000,U039,82
1135067000,U041,36
1135067000,U040,65
1135067000,U042,53
1135067000,U043,75
1135067000,U044,58
1135067000,U045,52
1135067000,U046,72
1135067000,V001,72
1135067000,U047,86
1135069500,B001,56
1135067000,V002,61
1135069500,C003,87
1135069500,C004,46
1135069500,C001,101
1135069500,C005,83
1135069500,C002,96
1135069500,C006,46
1135069500,C007,70
1135069500,C008,38
1135069500,C009,72
1135069500,E001,71
1135069500,M001,47
1135069500,P002,69
1135069500,U001,67
1135069500,U002,69
1135069500,P001,113
1135069500,U004,58
1135069500,U003,79
1135069500,U006,53
1135069500,U007,50
1135069500,U005,79
1135069500,U008,43
1135069500,U009,63
1135069500,U011,48
1135069500,U012,70
1135069500,U010,112
1135069500,U013,47
1135069500,U015,55
1135069500,U014,96
1135069500,U016,85
1135069500,U017,82
1135069500,U019,39
1135069500,U018,69
1135069500,U021,105
1135069500,U020,94
1135069500,U022,69
1135069500,U024,52
1135069500,U023,52
1135069500,U027,77
1135069500,U029,43
1135069500,U028,64
1135069500,U025,108
1135069500,U026,109
1135069500,U030,51
1135069500,U031,75
1135069500,U033,93
1135069500,U032,79
1135069500,U034,77
1135069500,U035,91
1135069500,U036,63
1135069500,U041,25
1135069500,U038,77
1135069500,U037,84
1135069500,U039,90
1135069500,U040,63
1135069500,U042,47
1135069500,U045,41
1135069500,U044,64
1135069500,U043,66
1135069500,U046,66
1135069500,V001,64
1135069500,U047,80
1135069500,V002,60
1135070000,B001,56
1135070000,C001,107
1135070000,C003,80
1135070000,C004,54
1135070000,C002,100
1135070000,C005,83
1135070000,C006,49
1135070000,C008,52
1135070000,C007,71
1135070000,C009,76
1135070000,E001,78
1135070000,M001,51
1135070000,P002,72
1135070000,U001,59
1135070000,P001,117
1135070000,U002,73
1135070000,U004,61
1135070000,U003,83
1135070000,U006,67
1135070000,U005,83
1135070000,U007,54
1135070000,U009,63
1135070000,U008,49
1135070000,U010,115
1135070000,U011,56
1135070000,U012,71
1135070000,U013,51
1135070000,U014,100
1135070000,U015,59
1135070000,U016,94
1135070000,U017,85
1135070000,U019,42
1135070000,U018,63
1135070000,U020,97
1135070000,U024,55
1135070000,U021,109
1135070000,U022,58
1135070000,U023,60
1135070000,U028,59
1135070000,U027,75
1135070000,U025,116
1135070000,U026,112
1135070000,U030,54
1135070000,U029,49
1135070000,U031,79
1135070000,U032,82
1135070000,U033,94
1135070000,U035,96
1135070000,U034,81
1135070000,U036,67
1135070000,U037,87
1135070000,U038,81
1135070000,U041,35
1135070000,U040,66
1135070000,U039,93
1135070000,U042,55
1135070000,U043,70
1135070000,U044,62
1135070000,U045,53
1135070000,U046,69
1135070000,U047,83
1135070000,V001,67
1135071000,B001,51
1135070000,V002,61
1135071000,C003,75
1135071000,C001,108
1135071000,C002,101
1135071000,C004,56
1135071000,C005,78
1135071000,C006,50
1135071000,C007,65
1135071000,C008,53
1135071000,C009,77
1135071000,E001,79
1135071000,M001,52
1135071000,P002,73
1135071000,P001,103
1135071000,U001,53
1135071000,U002,74
1135071000,U003,68
1135071000,U004,62
1135071000,U005,69
1135071000,U006,68
1135071000,U007,55
1135071000,U009,57
1135071000,U008,54
1135071000,U011,56
1135071000,U012,66
1135071000,U010,101
1135071000,U015,60
1135071000,U013,52
1135071000,U014,87
1135071000,U016,80
1135071000,U017,86
1135071000,U019,43
1135071000,U018,57
1135071000,U020,98
1135071000,U021,110
1135071000,U022,53
1135071000,U024,55
1135071000,U023,62
1135071000,U027,67
1135071000,U029,44
1135071000,U028,53
1135071000,U025,117
1135071000,U026,113
1135071000,U030,55
1135071000,U034,82
1135071000,U031,71
1135071000,U032,83
1135071000,U033,81
1135071000,U035,80
1135071000,U036,68
1135071000,U038,82
1135071000,U037,88
1135071000,U039,77
1135071000,U041,35
1135071000,U040,67
1135071000,U042,56
1135071000,U043,71
1135071000,U045,47
1135071000,U044,53
1135071000,U046,70
1135071000,V001,68
1135071000,U047,84
1135072000,B001,54
1135071000,V002,55
1135072000,C001,103
1135072000,C003,78
1135072000,C004,47
1135072000,C005,81
1135072000,C002,93
1135072000,C006,47
1135072000,C008,43
1135072000,C007,68
1135072000,C009,74
1135072000,M001,49
1135072000,E001,72
1135072000,P002,71
1135072000,U001,56
1135072000,P001,106
1135072000,U002,71
1135072000,U003,72
1135072000,U004,59
1135072000,U006,54
1135072000,U005,72
1135072000,U007,52
1135072000,U008,44
1135072000,U009,60
1135072000,U011,54
1135072000,U010,104
1135072000,U012,69
1135072000,U013,49
1135072000,U015,62
1135072000,U014,90
1135072000,U019,41
1135072000,U018,60
1135072000,U016,83
1135072000,U017,83
1135072000,U020,95
1135072000,U022,56
1135072000,U024,51
1135072000,U023,53
1135072000,U021,107
1135072000,U027,70
1135072000,U025,110
1135072000,U028,57
1135072000,U029,47
1135072000,U026,110
1135072000,U030,53
1135072000,U031,74
1135072000,U033,84
1135072000,U032,81
1135072000,U034,79
1135072000,U035,83
1135072000,U036,65
1135072000,U038,79
1135072000,U037,86
1135072000,U039,80
1135072000,U040,52
1135072000,U041,24
1135072000,U042,53
1135072000,U043,68
1135072000,U044,56
1135072000,U045,50
1135072000,U046,67
1135072000,V001,66
1135072000,V002,58
1135072000,U047,81
1138051000,B001,53
1138051000,C001,87
1138051000,C003,52
1138051000,C002,36
1138051000,C004,75
1138051000,C005,38
1138051000,C007,63
1138051000,C006,86
1138051000,C008,84
1138051000,C009,71
1138051000,E001,70
1138051000,M001,80
1138051000,P002,70
1138051000,P001,82
1138051000,U001,65
1138051000,U002,70
1138051000,U003,44
1138051000,U004,78
1138051000,U005,50
1138051000,U006,73
1138051000,U007,73
1138051000,U009,48
1138051000,U010,80
1138051000,U008,81
1138051000,U012,61
1138051000,U011,79
1138051000,U014,41
1138051000,U013,74
1138051000,U016,40
1138051000,U015,94
1138051000,U017,60
1138051000,U018,69
1138051000,U019,89
1138051000,U021,98
1138051000,U020,35
1138051000,U022,53
1138051000,U023,92
1138051000,U024,90
1138051000,U027,60
1138051000,U025,100
1138051000,U026,93
1138051000,U028,69
1138051000,U030,84
1138051000,U029,74
1138051000,U031,67
1138051000,U033,54
1138051000,U032,82
1138051000,U035,56
1138051000,U034,87
1138051000,U036,80
1138051000,U037,81
1138051000,U038,99
1138051000,U039,60
1138051000,U041,84
1138051000,U042,71
1138051000,U040,82
1138051000,U043,83
1138051000,U044,77
1138051000,U045,78
1138051000,V001,65
1138051000,U046,65
1138051000,U047,57
1138051000,V002,50
1138052000,C003,67
1138052000,C002,57
1138052000,B001,68
1138052000,C001,92
1138052000,C005,53
1138052000,C004,89
1138052000,C007,77
1138052000,C006,95
1138052000,C008,99
1138052000,C009,85
1138052000,E001,84
1138052000,M001,94
1138052000,P001,90
1138052000,P002,86
1138052000,U001,79
1138052000,U002,84
1138052000,U003,58
1138052000,U004,93
1138052000,U005,64
1138052000,U007,85
1138052000,U006,87
1138052000,U008,96
1138052000,U010,88
1138052000,U009,60
1138052000,U012,75
1138052000,U011,92
1138052000,U014,62
1138052000,U013,88
1138052000,U015,108
1138052000,U017,74
1138052000,U018,86
1138052000,U020,55
1138052000,U019,104
1138052000,U021,105
1138052000,U022,67
1138052000,U016,60
1138052000,U023,93
1138052000,U024,104
1138052000,U027,74
1138052000,U025,98
1138052000,U026,97
1138052000,U028,83
1138052000,U029,88
1138052000,U030,98
1138052000,U031,81
1138052000,U033,73
1138052000,U034,102
1138052000,U032,94
1138052000,U035,74
1138052000,U036,94
1138052000,U038,93
1138052000,U037,102
1138052000,U039,82
1138052000,U040,92
1138052000,U041,98
1138052000,U043,97
1138052000,U042,85
1138052000,U044,79
1138052000,U046,79
1138052000,V001,79
1138052000,U047,71
1138052000,V002,64
1138052000,U045,90
1138053000,C002,48
1138053000,B001,56
1138053000,C003,55
1138053000,C001,73
1138053000,C004,77
1138053000,C005,46
1138053000,C007,56
1138053000,C006,94
1138053000,C008,98
1138053000,C009,73
1138053000,E001,72
1138053000,P002,68
1138053000,M001,91
1138053000,P001,85
1138053000,U001,67
1138053000,U002,72
1138053000,U003,54
1138053000,U004,81
1138053000,U005,60
1138053000,U007,82
1138053000,U006,75
1138053000,U009,57
1138053000,U008,84
1138053000,U010,82
1138053000,U011,89
1138053000,U012,63
1138053000,U014,53
1138053000,U013,85
1138053000,U016,49
1138053000,U015,105
1138053000,U017,61
1138053000,U020,39
1138053000,U018,79
1138053000,U019,101
1138053000,U021,86
1138053000,U023,102
1138053000,U024,107
1138053000,U022,55
1138053000,U025,80
1138053000,U026,84
1138053000,U027,62
1138053000,U028,80
1138053000,U029,86
1138053000,U030,75
1138053000,U031,63
1138053000,U032,91
1138053000,U033,64
1138053000,U034,90
1138053000,U035,65
1138053000,U036,82
1138053000,U037,91
1138053000,U038,71
1138053000,U039,73
1138053000,U040,91
1138053000,U041,86
1138053000,U043,85
1138053000,U042,74
1138053000,U045,87
1138053000,U044,87
1138053000,U046,67
1138053000,U047,52
1138053000,V001,67
1138053000,V002,45
1138055100,B001,62
1138055100,C002,57
1138055100,C003,62
1138055100,C001,85
1138055100,C005,52
1138055100,C004,84
1138055100,C007,71
1138055100,C006,89
1138055100,C008,93
1138055100,C009,80
1138055100,E001,78
1138055100,P001,90
1138055100,M001,89
1138055100,P002,67
1138055100,U001,73
1138055100,U002,78
1138055100,U003,62
1138055100,U005,68
1138055100,U004,87
1138055100,U006,81
1138055100,U007,77
1138055100,U010,88
1138055100,U009,67
1138055100,U008,90
1138055100,U012,69
1138055100,U011,94
1138055100,U014,64
1138055100,U013,82
1138055100,U016,57
1138055100,U015,103
1138055100,U017,72
1138055100,U020,46
1138055100,U018,88
1138055100,U019,98
1138055100,U022,61
1138055100,U021,97
1138055100,U024,99
1138055100,U023,87
1138055100,U025,92
1138055100,U027,69
1138055100,U026,90
1138055100,U028,78
1138055100,U029,83
1138055100,U030,93
1138055100,U031,73
1138055100,U033,64
1138055100,U032,81
1138055100,U035,63
1138055100,U036,89
1138055100,U034,96
1138055100,U037,80
1138055100,U038,78
1138055100,U039,75
1138055100,U041,93
1138055100,U040,86
1138055100,U042,80
1138055100,U043,92
1138055100,U044,73
1138055100,U045,94
1138055100,U046,73
1138055100,U047,63
1138055100,V001,74
1138055100,V002,58
1138055200,B001,59
1138055200,C002,46
1138055200,C003,59
1138055200,C001,77
1138055200,C005,48
1138055200,C004,81
1138055200,C007,68
1138055200,C006,86
1138055200,C009,77
1138055200,C008,90
1138055200,E001,75
1138055200,M001,86
1138055200,P001,81
1138055200,P002,71
1138055200,U001,70
1138055200,U002,75
1138055200,U004,84
1138055200,U003,58
1138055200,U005,63
1138055200,U006,78
1138055200,U007,74
1138055200,U009,63
1138055200,U010,79
1138055200,U008,87
1138055200,U011,102
1138055200,U012,66
1138055200,U013,79
1138055200,U014,51
1138055200,U016,68
1138055200,U015,99
1138055200,U017,65
1138055200,U020,34
1138055200,U018,84
1138055200,U019,95
1138055200,U021,90
1138055200,U022,58
1138055200,U023,84
1138055200,U024,96
1138055200,U025,89
1138055200,U026,87
1138055200,U027,66
1138055200,U028,74
1138055200,U029,80
1138055200,U030,89
1138055200,U031,66
1138055200,U032,78
1138055200,U033,67
1138055200,U034,93
1138055200,U035,60
1138055200,U036,85
1138055200,U037,77
1138055200,U038,75
1138055200,U039,68
1138055200,U040,82
1138055200,U042,77
1138055200,U041,89
1138055200,U043,89
1138055200,U044,70
1138055200,U045,90
1138055200,U047,56
1138055200,U046,70
1138055200,V001,70
1138055200,V002,55
1138056000,B001,57
1138056000,C002,44
1138056000,C003,62
1138056000,C001,76
1138056000,C005,47
1138056000,C004,98
1138056000,C007,57
1138056000,C006,103
1138056000,C008,88
1138056000,C009,75
1138056000,E001,73
1138056000,P001,80
1138056000,M001,94
1138056000,P002,70
1138056000,U001,68
1138056000,U002,73
1138056000,U003,56
1138056000,U004,82
1138056000,U005,61
1138056000,U006,77
1138056000,U007,83
1138056000,U009,65
1138056000,U008,85
1138056000,U010,78
1138056000,U011,101
1138056000,U012,64
1138056000,U014,44
1138056000,U013,88
1138056000,U016,62
1138056000,U015,108
1138056000,U017,64
1138056000,U020,28
1138056000,U018,88
1138056000,U019,104
1138056000,U021,89
1138056000,U023,103
1138056000,U022,57
1138056000,U024,104
1138056000,U025,82
1138056000,U026,82
1138056000,U027,64
1138056000,U028,73
1138056000,U029,78
1138056000,U030,88
1138056000,U031,66
1138056000,U032,92
1138056000,U033,64
1138056000,U035,66
1138056000,U036,84
1138056000,U034,91
1138056000,U037,92
1138056000,U038,108
1138056000,U039,75
1138056000,U040,92
1138056000,U042,75
1138056000,U043,87
1138056000,U041,101
1138056000,U044,84
1138056000,U045,100
1138056000,U046,68
1138056000,U047,55
1138056000,V001,69
1138056000,V002,46
1138057000,B001,57
1138057000,C002,40
1138057000,C003,56
1138057000,C001,72
1138057000,C005,42
1138057000,C004,78
1138057000,C007,56
1138057000,C006,84
1138057000,C008,88
1138057000,C009,74
1138057000,E001,73
1138057000,M001,89
1138057000,P002,66
1138057000,P001,70
1138057000,U001,68
1138057000,U002,73
1138057000,U003,50
1138057000,U004,82
1138057000,U005,56
1138057000,U006,76
1138057000,U007,77
1138057000,U009,52
1138057000,U008,85
1138057000,U010,68
1138057000,U012,64
1138057000,U014,48
1138057000,U013,83
1138057000,U015,103
1138057000,U016,44
1138057000,U020,33
1138057000,U018,73
1138057000,U019,99
1138057000,U021,84
1138057000,U017,59
1138057000,U011,83
1138057000,U022,56
1138057000,U023,98
1138057000,U024,100
1138057000,U025,78
1138057000,U027,63
1138057000,U026,77
1138057000,U028,72
1138057000,U029,77
1138057000,U030,87
1138057000,U031,61
1138057000,U033,60
1138057000,U032,74
1138057000,U035,61
1138057000,U036,83
1138057000,U034,91
1138057000,U037,73
1138057000,U038,71
1138057000,U039,63
1138057000,U040,86
1138057000,U041,96
1138057000,U042,74
1138057000,U043,86
1138057000,U044,68
1138057000,U045,81
1138057000,U046,68
1138057000,V001,68
1138057000,U047,50
1138057000,V002,45
1138058000,B001,52
1138058000,C002,32
1138058000,C003,54
1138058000,C001,91
1138058000,C004,73
1138058000,C006,88
1138058000,C007,61
1138058000,C008,83
1138058000,C005,39
1138058000,C009,69
1138058000,E001,68
1138058000,M001,78
1138058000,P001,93
1138058000,P002,71
1138058000,U001,63
1138058000,U003,44
1138058000,U002,68
1138058000,U004,77
1138058000,U005,50
1138058000,U006,71
1138058000,U007,67
1138058000,U009,56
1138058000,U008,80
1138058000,U010,91
1138058000,U011,98
1138058000,U012,59
1138058000,U014,37
1138058000,U013,72
1138058000,U016,43
1138058000,U015,92
1138058000,U017,65
1138058000,U018,81
1138058000,U020,35
1138058000,U019,88
1138058000,U021,96
1138058000,U022,50
1138058000,U023,77
1138058000,U024,88
1138058000,U027,58
1138058000,U025,103
1138058000,U026,94
1138058000,U028,67
1138058000,U029,72
1138058000,U030,71
1138058000,U031,68
1138058000,U032,82
1138058000,U033,54
1138058000,U034,86
1138058000,U035,56
1138058000,U036,78
1138058000,U037,81
1138058000,U038,100
1138058000,U039,57
1138058000,U040,75
1138058000,U041,82
1138058000,U042,69
1138058000,U043,81
1138058000,U045,83
1138058000,U044,63
1138058000,U046,63
1138058000,V001,63
1138058000,U047,57
1138059000,C002,22
1138058000,V002,48
1138059000,B001,54
1138059000,C001,79
1138059000,C003,54
1138059000,C005,45
1138059000,C004,76
1138059000,C007,63
1138059000,C006,90
1138059000,C008,85
1138059000,C009,72
1138059000,E001,70
1138059000,P001,83
1138059000,P002,62
1138059000,M001,81
1138059000,U001,65
1138059000,U002,70
1138059000,U003,46
1138059000,U005,52
1138059000,U004,79
1138059000,U006,73
1138059000,U007,69
1138059000,U010,81
1138059000,U009,58
1138059000,U008,82
1138059000,U011,86
1138059000,U012,61
1138059000,U014,27
1138059000,U013,74
1138059000,U016,49
1138059000,U015,95
1138059000,U020,35
1138059000,U017,55
1138059000,U018,78
1138059000,U019,90
1138059000,U021,92
1138059000,U022,53
1138059000,U023,79
1138059000,U024,96
1138059000,U026,84
1138059000,U025,85
1138059000,U027,61
1138059000,U028,70
1138059000,U029,75
1138059000,U031,57
1138059000,U033,57
1138059000,U030,73
1138059000,U032,84
1138059000,U035,55
1138059000,U034,88
1138059000,U036,81
1138059000,U038,100
1138059000,U037,84
1138059000,U039,66
1138059000,U040,90
1138059000,U043,84
1138059000,U041,85
1138059000,U042,72
1138059000,U044,65
1138059000,U045,86
1138059000,U047,58
1138059000,V001,66
1138059000,U046,65
1138060000,C002,22
1138060000,B001,70
1138059000,V002,50
1138060000,C003,58
1138060000,C001,65
1138060000,C004,80
1138060000,C005,41
1138060000,C007,67
1138060000,C006,92
1138060000,C008,92
1138060000,C009,76
1138060000,E001,74
1138060000,M001,83
1138060000,P002,60
1138060000,P001,63
1138060000,U001,75
1138060000,U002,65
1138060000,U003,50
1138060000,U005,65
1138060000,U004,84
1138060000,U007,72
1138060000,U006,78
1138060000,U009,58
1138060000,U010,61
1138060000,U008,86
1138060000,U012,65
1138060000,U013,77
1138060000,U011,91
1138060000,U014,27
1138060000,U015,97
1138060000,U016,45
1138060000,U020,28
1138060000,U017,56
1138060000,U018,85
1138060000,U019,93
1138060000,U021,78
1138060000,U022,56
1138060000,U024,94
1138060000,U023,84
1138060000,U025,72
1138060000,U026,71
1138060000,U027,64
1138060000,U028,79
1138060000,U029,84
1138060000,U030,80
1138060000,U031,55
1138060000,U032,75
1138060000,U033,57
1138060000,U035,52
1138060000,U034,93
1138060000,U036,87
1138060000,U038,73
1138060000,U037,75
1138060000,U039,58
1138060000,U040,81
1138060000,U041,90
1138060000,U042,80
1138060000,U043,90
1138060000,U044,73
1138060000,U045,89
1138060000,V001,69
1138060000,U047,44
1138060000,U046,70
1138060000,V002,57
1138062500,B001,58
1138062500,C002,32
1138062500,C003,58
1138062500,C001,70
1138062500,C005,48
1138062500,C004,84
1138062500,C006,97
1138062500,C007,57
1138062500,C009,81
1138062500,C008,97
1138062500,E001,74
1138062500,P001,68
1138062500,P002,64
1138062500,M001,88
1138062500,U001,69
1138062500,U002,70
1138062500,U003,55
1138062500,U004,88
1138062500,U005,61
1138062500,U006,83
1138062500,U007,76
1138062500,U009,59
1138062500,U010,66
1138062500,U008,91
1138062500,U011,95
1138062500,U012,65
1138062500,U013,81
1138062500,U014,37
1138062500,U016,55
1138062500,U015,102
1138062500,U020,21
1138062500,U017,58
1138062500,U018,83
1138062500,U021,83
1138062500,U019,97
1138062500,U022,57
1138062500,U023,88
1138062500,U024,98
1138062500,U025,76
1138062500,U026,75
1138062500,U027,65
1138062500,U028,83
1138062500,U029,79
1138062500,U030,84
1138062500,U031,59
1138062500,U032,80
1138062500,U033,62
1138062500,U035,57
1138062500,U034,97
1138062500,U036,92
1138062500,U037,79
1138062500,U038,77
1138062500,U039,61
1138062500,U040,85
1138062500,U041,95
1138062500,U042,84
1138062500,U043,95
1138062500,U045,93
1138062500,U044,78
1138062500,U046,74
1138062500,U047,49
1138062500,V001,70
1138063100,C002,29
1138062500,V002,46
1138063100,B001,55
1138063100,C003,54
1138063100,C001,67
1138063100,C005,40
1138063100,C004,81
1138063100,C006,93
1138063100,C007,68
1138063100,C008,93
1138063100,C009,78
1138063100,E001,71
1138063100,M001,85
1138063100,P001,68
1138063100,P002,61
1138063100,U001,67
1138063100,U002,66
1138063100,U003,48
1138063100,U005,54
1138063100,U004,85
1138063100,U006,79
1138063100,U009,54
1138063100,U007,73
1138063100,U010,66
1138063100,U008,87
1138063100,U011,92
1138063100,U012,62
1138063100,U014,34
1138063100,U013,78
1138063100,U015,98
1138063100,U020,19
1138063100,U016,51
1138063100,U017,55
1138063100,U018,77
1138063100,U019,94
1138063100,U021,79
1138063100,U024,95
1138063100,U023,85
1138063100,U022,54
1138063100,U025,73
1138063100,U026,72
1138063100,U027,61
1138063100,U029,82
1138063100,U028,80
1138063100,U030,81
1138063100,U031,56
1138063100,U033,64
1138063100,U032,76
1138063100,U034,94
1138063100,U035,57
1138063100,U036,88
1138063100,U037,76
1138063100,U039,58
1138063100,U038,74
1138063100,U040,82
1138063100,U042,81
1138063100,U041,91
1138063100,U043,91
1138063100,U044,74
1138063100,U045,90
1138063100,U047,45
1138063100,V001,66
1138063100,U046,71
1138063100,V002,58
1138063200,B001,81
1138063200,C003,60
1138063200,C001,75
1138063200,C004,82
1138063200,C005,48
1138063200,C002,38
1138063200,C007,77
1138063200,C006,88
1138063200,C009,77
1138063200,C008,93
1138063200,E001,86
1138063200,P001,76
1138063200,P002,69
1138063200,M001,93
1138063200,U002,75
1138063200,U001,85
1138063200,U003,59
1138063200,U005,65
1138063200,U004,93
1138063200,U006,81
1138063200,U007,81
1138063200,U009,61
1138063200,U010,74
1138063200,U008,96
1138063200,U012,76
1138063200,U011,100
1138063200,U014,43
1138063200,U013,86
1138063200,U016,66
1138063200,U015,107
1138063200,U020,27
1138063200,U017,55
1138063200,U018,93
1138063200,U021,88
1138063200,U019,102
1138063200,U022,60
1138063200,U023,86
1138063200,U024,103
1138063200,U026,80
1138063200,U025,87
1138063200,U027,76
1138063200,U028,88
1138063200,U029,98
1138063200,U030,88
1138063200,U031,64
1138063200,U033,57
1138063200,U032,91
1138063200,U035,52
1138063200,U036,97
1138063200,U034,102
1138063200,U037,91
1138063200,U038,74
1138063200,U039,70
1138063200,U040,90
1138063200,U042,80
1138063200,U041,100
1138063200,U043,100
1138063200,U044,83
1138063200,U045,98
1138063200,U047,54
1138063200,U046,79
1138063200,V001,81
1138063200,V002,67
1138064000,C002,36
1138064000,B001,58
1138064000,C001,65
1138064000,C003,58
1138064000,C005,53
1138064000,C004,80
1138064000,C006,91
1138064000,C007,66
1138064000,C008,91
1138064000,E001,76
1138064000,C009,76
1138064000,M001,83
1138064000,P001,57
1138064000,P002,59
1138064000,U001,74
1138064000,U002,64
1138064000,U003,53
1138064000,U004,83
1138064000,U005,58
1138064000,U007,71
1138064000,U006,78
1138064000,U010,55
1138064000,U009,62
1138064000,U008,85
1138064000,U012,67
1138064000,U011,90
1138064000,U013,76
1138064000,U015,96
1138064000,U016,58
1138064000,U014,35
1138064000,U017,54
1138064000,U020,39
1138064000,U018,84
1138064000,U019,92
1138064000,U021,77
1138064000,U022,65
1138064000,U023,83
1138064000,U024,93
1138064000,U025,71
1138064000,U027,67
1138064000,U026,70
1138064000,U029,84
1138064000,U028,78
1138064000,U030,79
1138064000,U031,54
1138064000,U033,55
1138064000,U032,74
1138064000,U035,50
1138064000,U036,86
1138064000,U034,92
1138064000,U037,74
1138064000,U039,56
1138064000,U038,72
1138064000,U040,80
1138064000,U041,89
1138064000,U042,79
1138064000,U043,89
1138064000,U045,88
1138064000,U044,72
1138064000,U047,43
1138064000,U046,69
1138064000,V001,71
1138064000,V002,56
1138065000,B001,65
1138065000,C002,38
1138065000,C003,57
1138065000,C001,78
1138065000,C005,63
1138065000,C004,78
1138065000,C007,73
1138065000,C006,83
1138065000,C008,89
1138065000,E001,75
1138065000,C009,72
1138065000,P001,53
1138065000,M001,83
1138065000,P002,59
1138065000,U001,77
1138065000,U003,52
1138065000,U002,86
1138065000,U004,82
1138065000,U005,57
1138065000,U007,72
1138065000,U010,51
1138065000,U006,76
1138065000,U008,86
1138065000,U009,70
1138065000,U012,79
1138065000,U013,77
1138065000,U014,44
1138065000,U011,90
1138065000,U015,97
1138065000,U016,75
1138065000,U017,52
1138065000,U018,94
1138065000,U019,92
1138065000,U020,36
1138065000,U022,67
1138065000,U023,81
1138065000,U021,83
1138065000,U024,93
1138065000,U025,84
1138065000,U026,83
1138065000,U027,87
1138065000,U028,86
1138065000,U029,90
1138065000,U030,88
1138065000,U031,53
1138065000,U033,54
1138065000,U032,89
1138065000,U035,49
1138065000,U036,86
1138065000,U034,91
1138065000,U039,63
1138065000,U037,88
1138065000,U038,70
1138065000,U040,82
1138065000,U041,93
1138065000,U043,89
1138065000,U042,75
1138065000,U044,77
1138065000,U045,89
1138065000,U047,48
1138065000,V001,70
1138065000,U046,69
1138065000,V002,62
1138069000,C003,73
1138069000,C001,114
1138069000,B001,73
1138069000,C002,68
1138069000,C005,63
1138069000,C007,73
1138069000,C004,95
1138069000,C006,113
1138069000,C008,115
1138069000,C009,91
1138069000,E001,89
1138069000,M001,100
1138069000,P001,101
1138069000,P002,78
1138069000,U001,84
1138069000,U002,89
1138069000,U003,72
1138069000,U004,98
1138069000,U005,77
1138069000,U006,92
1138069000,U009,74
1138069000,U007,99
1138069000,U008,101
1138069000,U010,99
1138069000,U012,80
1138069000,U011,106
1138069000,U014,74
1138069000,U013,93
1138069000,U015,114
1138069000,U016,66
1138069000,U017,83
1138069000,U018,96
1138069000,U020,56
1138069000,U019,109
1138069000,U021,107
1138069000,U022,72
1138069000,U024,110
1138069000,U025,103
1138069000,U023,98
1138069000,U026,101
1138069000,U027,80
1138069000,U028,96
1138069000,U029,103
1138069000,U030,104
1138069000,U031,84
1138069000,U032,108
1138069000,U033,80
1138069000,U034,107
1138069000,U035,82
1138069000,U036,100
1138069000,U037,108
1138069000,U038,88
1138069000,U039,87
1138069000,U040,108
1138069000,U041,104
1138069000,U042,91
1138069000,U043,103
1138069000,U044,84
1138069000,U045,104
1138069000,U047,73
1138069000,V001,85
1138069000,U046,84
1138069000,V002,62
1141052000,B001,42
1141052000,C001,70
1141052000,C002,54
1141052000,C005,37
1141052000,C003,38
1141052000,C004,63
1141052000,C007,51
1141052000,C006,80
1141052000,C009,59
1141052000,C008,73
1141052000,E001,58
1141052000,M001,68
1141052000,P001,68
1141052000,U001,53
1141052000,P002,52
1141052000,U003,23
1141052000,U002,58
1141052000,U005,27
1141052000,U004,66
1141052000,U007,57
1141052000,U006,61
1141052000,U009,57
1141052000,U008,69
1141052000,U010,63
1141052000,U012,49
1141052000,U011,73
1141052000,U013,62
1141052000,U014,51
1141052000,U016,44
1141052000,U015,82
1141052000,U017,43
1141052000,U018,72
1141052000,U019,78
1141052000,U020,54
1141052000,U021,89
1141052000,U022,47
1141052000,U023,78
1141052000,U024,78
1141052000,U025,83
1141052000,U027,48
1141052000,U026,76
1141052000,U028,62
1141052000,U029,62
1141052000,U030,72
1141052000,U031,51
1141052000,U032,69
1141052000,U035,32
1141052000,U034,75
1141052000,U036,68
1141052000,U039,43
1141052000,U037,69
1141052000,U038,83
1141052000,U040,66
1141052000,U041,72
1141052000,U033,34
1141052000,U042,59
1141052000,U043,71
1141052000,U044,55
1141052000,U045,73
1141052000,U046,53
1141052000,V001,53
1141052000,U047,43
1141052000,V002,38
1141055500,C003,44
1141055500,B001,47
1141055500,C002,57
1141055500,C001,64
1141055500,C004,72
1141055500,C005,51
1141055500,C007,48
1141055500,C006,68
1141055500,C008,70
1141055500,C009,54
1141055500,E001,57
1141055500,M001,65
1141055500,P002,53
1141055500,P001,65
1141055500,U001,49
1141055500,U005,34
1141055500,U002,57
1141055500,U004,61
1141055500,U003,32
1141055500,U006,59
1141055500,U007,53
1141055500,U008,67
1141055500,U009,78
1141055500,U010,66
1141055500,U012,51
1141055500,U011,70
1141055500,U013,58
1141055500,U014,54
1141055500,U015,78
1141055500,U016,55
1141055500,U017,38
1141055500,U018,62
1141055500,U021,72
1141055500,U019,74
1141055500,U020,52
1141055500,U022,44
1141055500,U024,75
1141055500,U023,76
1141055500,U026,64
1141055500,U025,65
1141055500,U027,62
1141055500,U031,50
1141055500,U028,53
1141055500,U030,56
1141055500,U029,58
1141055500,U035,41
1141055500,U032,74
1141055500,U036,65
1141055500,U039,24
1141055500,U037,60
1141055500,U034,70
1141055500,U038,80
1141055500,U040,81
1141055500,U042,57
1141055500,U041,68
1141055500,U033,47
1141055500,U043,68
1141055500,U045,65
1141055500,U044,49
1141055500,U046,47
1141055500,U047,39
1141055500,V001,53
1141056500,B001,49
1141056500,C002,63
1141056500,C001,67
1141056500,C005,46
1141056500,C004,74
1141056500,C006,68
1141056500,C007,52
1141055500,V002,37
1141056500,C003,47
1141056500,C009,57
1141056500,C008,76
1141056500,E001,65
1141056500,P001,71
1141056500,M001,67
1141056500,P002,53
1141056500,U003,24
1141056500,U001,61
1141056500,U005,17
1141056500,U002,65
1141056500,U004,67
1141056500,U007,55
1141056500,U006,64
1141056500,U008,73
1141056500,U009,64
1141056500,U010,69
1141056500,U012,56
1141056500,U011,74
1141056500,U014,60
1141056500,U013,60
1141056500,U016,52
1141056500,U015,81
1141056500,U017,41
1141056500,U018,68
1141056500,U019,76
1141056500,U020,64
1141056500,U021,81
1141056500,U022,56
1141056500,U023,68
1141056500,U024,77
1141056500,U025,80
1141056500,U027,64
1141056500,U026,82
1141056500,U028,70
1141056500,U030,60
1141056500,U029,64
1141056500,U031,52
1141056500,U032,69
1141056500,U035,40
1141056500,U036,67
1141056500,U037,68
1141056500,U034,78
1141056500,U039,15
1141056500,U038,83
1141056500,U042,62
1141056500,U040,82
1141056500,U041,82
1141056500,U033,42
1141056500,U043,70
1141056500,U044,61
1141056500,U047,48
1141056500,U045,72
1141056500,U046,55
1141056500,V001,64
1141058500,C003,38
1141056500,V002,45
1141058500,C002,50
1141058500,B001,46
1141058500,C001,75
1141058500,C005,43
1141058500,C007,53
1141058500,C004,86
1141058500,C006,74
1141058500,C008,80
1141058500,C009,63
1141058500,E001,64
1141058500,P001,64
1141058500,P002,56
1141058500,M001,73
1141058500,U001,58
1141058500,U002,64
1141058500,U004,72
1141058500,U006,83
1141058500,U007,68
1141058500,U008,83
1141058500,U003,33
1141058500,U009,60
1141058500,U005,38
1141058500,U010,62
1141058500,U012,60
1141058500,U011,84
1141058500,U014,44
1141058500,U013,66
1141058500,U016,48
1141058500,U015,86
1141058500,U018,78
1141058500,U020,60
1141058500,U019,82
1141058500,U021,89
1141058500,U022,48
1141058500,U017,40
1141058500,U024,82
1141058500,U023,80
1141058500,U025,88
1141058500,U027,56
1141058500,U026,84
1141058500,U028,67
1141058500,U033,15
1141058500,U029,77
1141058500,U030,66
1141058500,U035,15
1141058500,U031,53
1141058500,U032,70
1141058500,U039,42
1141058500,U036,73
1141058500,U037,69
1141058500,U038,75
1141058500,U034,85
1141058500,U040,76
1141058500,U042,73
1141058500,U041,93
1141058500,U043,76
1141058500,U044,56
1141058500,U045,77
1141058500,U047,40
1141058500,U046,63
1141058500,V001,60
1141058500,V002,43
1141061500,B001,55
1141061500,C003,47
1141061500,C001,73
1141061500,C004,90
1141061500,C002,32
1141061500,C005,39
1141061500,C007,66
1141061500,C006,114
1141061500,C009,72
1141061500,C008,92
1141061500,E001,72
1141061500,P002,72
1141061500,M001,84
1141061500,P001,69
1141061500,U001,67
1141061500,U002,75
1141061500,U004,79
1141061500,U003,42
1141061500,U005,47
1141061500,U007,72
1141061500,U006,77
1141061500,U010,67
1141061500,U009,57
1141061500,U008,85
1141061500,U012,63
1141061500,U014,30
1141061500,U011,98
1141061500,U013,77
1141061500,U016,43
1141061500,U017,41
1141061500,U015,98
1141061500,U018,78
1141061500,U020,52
1141061500,U019,93
1141061500,U022,58
1141061500,U021,78
1141061500,U023,83
1141061500,U024,94
1141061500,U027,63
1141061500,U025,85
1141061500,U026,71
1141061500,U028,76
1141061500,U030,74
1141061500,U033,43
1141061500,U029,85
1141061500,U031,55
1141061500,U032,79
1141061500,U036,83
1141061500,U034,88
1141061500,U037,80
1141061500,U038,73
1141061500,U035,39
1141061500,U039,45
1141061500,U040,98
1141061500,U041,91
1141061500,U043,86
1141061500,U042,75
1141061500,U044,74
1141061500,U045,85
1141061500,U047,44
1141061500,U046,65
1141061500,V001,68
1141061500,V002,63
1141062000,B001,48
1141062000,C001,81
1141062000,C005,37
1141062000,C004,70
1141062000,C007,57
1141062000,C003,45
1141062000,C006,75
1141062000,C002,39
1141062000,C008,79
1141062000,C009,66
1141062000,M001,75
1141062000,E001,64
1141062000,P001,82
1141062000,P002,61
1141062000,U001,59
1141062000,U002,64
1141062000,U003,37
1141062000,U004,73
1141062000,U005,43
1141062000,U009,58
1141062000,U006,67
1141062000,U007,63
1141062000,U008,76
1141062000,U010,80
1141062000,U012,55
1141062000,U011,80
1141062000,U013,68
1141062000,U014,37
1141062000,U016,44
1141062000,U015,88
1141062000,U018,72
1141062000,U017,53
1141062000,U019,84
1141062000,U020,51
1141062000,U021,93
1141062000,U023,85
1141062000,U022,47
1141062000,U024,85
1141062000,U025,93
1141062000,U027,55
1141062000,U026,87
1141062000,U028,64
1141062000,U029,69
1141062000,U030,79
1141062000,U031,58
1141062000,U032,75
1141062000,U035,47
1141062000,U034,82
1141062000,U036,75
1141062000,U037,74
1141062000,U039,54
1141062000,U038,90
1141062000,U033,47
1141062000,U040,72
1141062000,U043,78
1141062000,U041,79
1141062000,U042,66
1141062000,U045,79
1141062000,U044,59
1141062000,U047,61
1141062000,V001,60
1141062000,U046,59
1141062000,V002,44
1141064000,B001,55
1141064000,C005,24
1141064000,C002,39
1141064000,C001,91
1141064000,C004,86
1141064000,C007,61
1141064000,C006,107
1141064000,C008,78
1141064000,C009,69
1141064000,E001,68
1141064000,C003,50
1141064000,M001,78
1141064000,P001,85
1141064000,P002,65
1141064000,U001,69
1141064000,U003,46
1141064000,U002,68
1141064000,U004,80
1141064000,U005,52
1141064000,U006,74
1141064000,U009,43
1141064000,U007,68
1141064000,U008,87
1141064000,U010,82
1141064000,U012,59
1141064000,U011,84
1141064000,U014,45
1141064000,U013,76
1141064000,U016,29
1141064000,U015,92
1141064000,U017,59
1141064000,U018,64
1141064000,U020,53
1141064000,U019,91
1141064000,U022,54
1141064000,U021,99
1141064000,U024,92
1141064000,U023,94
1141064000,U025,103
1141064000,U027,58
1141064000,U028,65
1141064000,U026,107
1141064000,U029,71
1141064000,U030,85
1141064000,U033,51
1141064000,U031,67
1141064000,U034,89
1141064000,U035,51
1141064000,U032,78
1141064000,U036,78
1141064000,U037,83
1141064000,U039,63
1141064000,U038,99
1141064000,U040,79
1141064000,U041,91
1141064000,U042,69
1141064000,U043,81
1141064000,U044,66
1141064000,U045,71
1141064000,U046,63
1141064000,U047,60
1141064000,V001,63
1141065500,B001,63
1141064000,V002,48
1141065500,C003,50
1141065500,C002,54
1141065500,C001,86
1141065500,C004,88
1141065500,C006,85
1141065500,C007,64
1141065500,C005,35
1141065500,C008,90
1141065500,C009,76
1141065500,E001,75
1141065500,P001,87
1141065500,M001,85
1141065500,P002,67
1141065500,U001,70
1141065500,U002,75
1141065500,U004,84
1141065500,U005,49
1141065500,U006,78
1141065500,U007,74
1141065500,U009,55
1141065500,U008,87
1141065500,U003,42
1141065500,U012,66
1141065500,U011,96
1141065500,U010,85
1141065500,U013,79
1141065500,U014,51
1141065500,U017,67
1141065500,U015,99
1141065500,U018,83
1141065500,U020,54
1141065500,U019,95
1141065500,U021,94
1141065500,U022,62
1141065500,U016,41
1141065500,U023,91
1141065500,U024,95
1141065500,U025,98
1141065500,U027,65
1141065500,U026,92
1141065500,U029,83
1141065500,U028,74
1141065500,U031,64
1141065500,U030,76
1141065500,U032,80
1141065500,U034,93
1141065500,U033,52
1141065500,U035,52
1141065500,U036,84
1141065500,U038,96
1141065500,U037,80
1141065500,U039,59
1141065500,U041,89
1141065500,U040,90
1141065500,U043,87
1141065500,U042,76
1141065500,U044,76
1141065500,U045,90
1141065500,V001,70
1141065500,U046,70
1141065500,U047,67
1141065500,V002,53
1141066000,C002,41
1141066000,B001,56
1141066000,C003,57
1141066000,C005,20
1141066000,C001,100
1141066000,C004,78
1141066000,C007,65
1141066000,E001,72
1141066000,C006,95
1141066000,C009,74
1141066000,C008,86
1141066000,M001,83
1141066000,P002,68
1141066000,P001,89
1141066000,U001,68
1141066000,U002,73
1141066000,U003,48
1141066000,U005,49
1141066000,U004,81
1141066000,U007,71
1141066000,U006,76
1141066000,U009,44
1141066000,U008,84
1141066000,U011,86
1141066000,U010,87
1141066000,U012,63
1141066000,U016,31
1141066000,U013,76
1141066000,U014,48
1141066000,U015,97
1141066000,U017,61
1141066000,U018,72
1141066000,U019,92
1141066000,U020,55
1141066000,U022,55
1141066000,U021,101
1141066000,U023,92
1141066000,U024,93
1141066000,U025,95
1141066000,U027,63
1141066000,U026,94
1141066000,U028,73
1141066000,U029,73
1141066000,U030,87
1141066000,U031,65
1141066000,U032,88
1141066000,U033,54
1141066000,U035,54
1141066000,U034,90
1141066000,U036,83
1141066000,U038,97
1141066000,U037,88
1141066000,U039,60
1141066000,U040,79
1141066000,U041,99
1141066000,U043,86
1141066000,U042,74
1141066000,U044,67
1141066000,U045,72
1141066000,U046,67
1141066000,V001,68
1141066000,U047,66
1141068500,C002,15
1141066000,V002,53
1141068500,B001,59
1141068500,C003,58
1141068500,C001,96
1141068500,C004,81
1141068500,C006,98
1141068500,C007,69
1141068500,C005,42
1141068500,C008,90
1141068500,C009,77
1141068500,E001,76
1141068500,M001,86
1141068500,P002,73
1141068500,P001,95
1141068500,U001,71
1141068500,U002,76
1141068500,U003,50
1141068500,U005,56
1141068500,U004,84
1141068500,U006,79
1141068500,U007,75
1141068500,U009,59
1141068500,U008,87
1141068500,U014,38
1141068500,U010,92
1141068500,U011,101
1141068500,U012,67
1141068500,U013,80
1141068500,U016,48
1141068500,U015,100
1141068500,U017,57
1141068500,U018,85
1141068500,U020,48
1141068500,U019,95
1141068500,U021,103
1141068500,U022,59
1141068500,U023,98
1141068500,U024,96
1141068500,U025,97
1141068500,U027,66
1141068500,U026,96
1141068500,U029,88
1141068500,U028,75
1141068500,U030,90
1141068500,U031,71
1141068500,U032,86
1141068500,U033,53
1141068500,U034,93
1141068500,U035,60
1141068500,U036,86
1141068500,U037,81
1141068500,U038,103
1141068500,U039,68
1141068500,U040,82
1141068500,U041,90
1141068500,U042,77
1141068500,U043,89
1141068500,U044,70
1141068500,U045,88
1141068500,U046,71
1141068500,U047,70
1141068500,V001,71
1141068500,V002,56
1141069000,B001,57
1141069000,C003,49
1141069000,C001,72
1141069000,C005,55
1141069000,C006,82
1141069000,C007,64
1141069000,C004,77
1141069000,C002,33
1141069000,C008,90
1141069000,M001,78
1141069000,C009,71
1141069000,P001,62
1141069000,E001,71
1141069000,P002,54
1141069000,U001,68
1141069000,U002,78
1141069000,U003,44
1141069000,U004,81
1141069000,U005,49
1141069000,U006,75
1141069000,U007,66
1141069000,U008,84
1141069000,U010,60
1141069000,U009,73
1141069000,U014,30
1141069000,U012,71
1141069000,U011,94
1141069000,U013,71
1141069000,U015,91
1141069000,U016,59
1141069000,U017,45
1141069000,U018,88
1141069000,U019,87
1141069000,U020,47
1141069000,U022,58
1141069000,U023,80
1141069000,U021,79
1141069000,U024,88
1141069000,U025,77
1141069000,U027,67
1141069000,U026,78
1141069000,U028,75
1141069000,U030,98
1141069000,U029,83
1141069000,U031,48
1141069000,U033,45
1141069000,U035,40
1141069000,U032,81
1141069000,U034,90
1141069000,U036,80
1141069000,U037,80
1141069000,U039,49
1141069000,U038,64
1141069000,U040,86
1141069000,U041,92
1141069000,U042,74
1141069000,U043,83
1141069000,U044,66
1141069000,U045,88
1141069000,U046,67
1141069000,U047,47
1141069000,V001,66
1141069000,V002,54
1141070000,C002,24
1141070000,B001,65
1141070000,C003,58
1141070000,C005,45
1141070000,C001,71
1141070000,C004,104
1141070000,C006,88
1141070000,C007,72
1141070000,C009,78
1141070000,C008,99
1141070000,E001,77
1141070000,P001,75
1141070000,M001,89
1141070000,P002,65
1141070000,U001,76
1141070000,U002,81
1141070000,U003,52
1141070000,U004,85
1141070000,U005,57
1141070000,U006,81
1141070000,U007,77
1141070000,U008,91
1141070000,U010,73
1141070000,U009,62
1141070000,U012,68
1141070000,U014,15
1141070000,U011,104
1141070000,U013,82
1141070000,U016,52
1141070000,U015,103
1141070000,U017,47
1141070000,U018,96
1141070000,U020,41
1141070000,U021,84
1141070000,U022,67
1141070000,U019,98
1141070000,U023,86
1141070000,U024,98
1141070000,U027,75
1141070000,U025,77
1141070000,U026,77
1141070000,U030,80
1141070000,U028,84
1141070000,U029,92
1141070000,U031,54
1141070000,U032,86
1141070000,U033,54
1141070000,U035,48
1141070000,U034,94
1141070000,U036,93
1141070000,U037,85
1141070000,U039,57
1141070000,U038,70
1141070000,U040,94
1141070000,U041,96
1141070000,U042,81
1141070000,U043,96
1141070000,U044,75
1141070000,U045,97
1141070000,U047,50
1141070000,U046,71
1141070000,V001,73
1141070000,V002,67
1141071000,B001,59
1141071000,C001,85
1141071000,C003,55
1141071000,C004,78
1141071000,C005,52
1141071000,C007,71
1141071000,C006,84
1141071000,C002,37
1141071000,C008,89
1141071000,C009,77
1141071000,P001,62
1141071000,E001,93
1141071000,P002,65
1141071000,M001,89
1141071000,U001,71
1141071000,U002,84
1141071000,U003,50
1141071000,U004,84
1141071000,U005,55
1141071000,U006,77
1141071000,U010,59
1141071000,U007,77
1141071000,U008,86
1141071000,U009,70
1141071000,U011,96
1141071000,U012,77
1141071000,U013,82
1141071000,U015,102
1141071000,U014,30
1141071000,U017,50
1141071000,U016,60
1141071000,U018,90
1141071000,U020,39
1141071000,U019,98
1141071000,U022,61
1141071000,U021,83
1141071000,U023,82
1141071000,U024,99
1141071000,U025,76
1141071000,U026,75
1141071000,U027,75
1141071000,U028,78
1141071000,U029,90
1141071000,U031,50
1141071000,U030,104
1141071000,U033,52
1141071000,U032,87
1141071000,U035,47
1141071000,U036,90
1141071000,U034,93
1141071000,U037,86
1141071000,U039,50
1141071000,U038,92
1141071000,U040,86
1141071000,U041,95
1141071000,U042,76
1141071000,U043,93
1141071000,U044,88
1141071000,U045,94
1141071000,U047,49
1141071000,U046,70
1141071000,V001,68
1141072000,C002,22
1141072000,B001,65
1141071000,V002,60
1141072000,C001,65
1141072000,C003,61
1141072000,C004,80
1141072000,C005,47
1141072000,C006,92
1141072000,C007,67
1141072000,C008,92
1141072000,C009,76
1141072000,E001,77
1141072000,M001,83
1141072000,P002,60
1141072000,P001,64
1141072000,U001,75
1141072000,U002,65
1141072000,U003,52
1141072000,U005,63
1141072000,U004,84
1141072000,U007,72
1141072000,U006,81
1141072000,U010,62
1141072000,U009,64
1141072000,U008,86
1141072000,U014,22
1141072000,U012,68
1141072000,U013,77
1141072000,U011,91
1141072000,U015,97
1141072000,U016,55
1141072000,U017,52
1141072000,U020,32
1141072000,U018,85
1141072000,U019,93
1141072000,U021,78
1141072000,U022,65
1141072000,U023,84
1141072000,U024,94
1141072000,U025,72
1141072000,U027,67
1141072000,U026,71
1141072000,U028,79
1141072000,U030,80
1141072000,U029,84
1141072000,U031,55
1141072000,U032,75
1141072000,U033,48
1141072000,U035,49
1141072000,U036,87
1141072000,U034,93
1141072000,U037,75
1141072000,U039,55
1141072000,U038,73
1141072000,U040,81
1141072000,U042,80
1141072000,U041,90
1141072000,U043,90
1141072000,U044,73
1141072000,U045,89
1141072000,U047,44
1141072000,U046,70
1141072000,V001,72
1141072000,V002,57
1144055500,B001,48
1144055500,C003,45
1144055500,C001,56
1144055500,C002,61
1144055500,C005,63
1144055500,C004,74
1144055500,C006,70
1144055500,C007,49
1144055500,C008,77
1144055500,C009,58
1144055500,E001,66
1144055500,P001,66
1144055500,P002,48
1144055500,M001,68
1144055500,U001,61
1144055500,U002,61
1144055500,U003,35
1144055500,U005,35
1144055500,U004,68
1144055500,U007,57
1144055500,U006,65
1144055500,U009,66
1144055500,U010,64
1144055500,U008,74
1144055500,U012,55
1144055500,U011,79
1144055500,U013,62
1144055500,U014,58
1144055500,U017,38
1144055500,U015,82
1144055500,U016,53
1144055500,U018,82
1144055500,U019,78
1144055500,U021,81
1144055500,U020,57
1144055500,U022,55
1144055500,U024,78
1144055500,U025,69
1144055500,U023,78
1144055500,U026,72
1144055500,U027,63
1144055500,U030,61
1144055500,U028,69
1144055500,U029,80
1144055500,U032,69
1144055500,U033,51
1144055500,U036,69
1144055500,U034,76
1144055500,U031,40
1144055500,U037,59
1144055500,U038,65
1144055500,U040,74
1144055500,U035,45
1144055500,U041,83
1144055500,U039,38
1144055500,U042,64
1144055500,U043,72
1144055500,U044,62
1144055500,U045,84
1144055500,U047,44
1144055500,U046,55
1144055500,V001,65
1144055500,V002,38
1144056500,B001,52
1144056500,C002,64
1144056500,C001,59
1144056500,C003,50
1144056500,C005,56
1144056500,C004,78
1144056500,C006,67
1144056500,C007,46
1144056500,C008,75
1144056500,C009,56
1144056500,P001,63
1144056500,E001,64
1144056500,M001,66
1144056500,P002,45
1144056500,U001,54
1144056500,U003,36
1144056500,U002,56
1144056500,U005,36
1144056500,U004,66
1144056500,U007,54
1144056500,U006,63
1144056500,U009,63
1144056500,U008,72
1144056500,U010,62
1144056500,U012,52
1144056500,U011,73
1144056500,U013,59
1144056500,U014,62
1144056500,U015,80
1144056500,U016,51
1144056500,U018,67
1144056500,U021,78
1144056500,U020,55
1144056500,U019,75
1144056500,U022,42
1144056500,U017,38
1144056500,U023,67
1144056500,U024,76
1144056500,U025,68
1144056500,U027,58
1144056500,U026,68
1144056500,U029,63
1144056500,U028,58
1144056500,U031,31
1144056500,U030,59
1144056500,U033,59
1144056500,U032,65
1144056500,U036,66
1144056500,U034,74
1144056500,U037,56
1144056500,U038,63
1144056500,U040,63
1144056500,U039,37
1144056500,U035,46
1144056500,U042,62
1144056500,U041,81
1144056500,U043,70
1144056500,U044,54
1144056500,U045,70
1144056500,U046,53
1144056500,U047,41
1144056500,V001,63
1144056500,V002,35
1144058500,B001,56
1144058500,C001,55
1144058500,C002,69
1144058500,C003,53
1144058500,C005,70
1144058500,C004,82
1144058500,C007,56
1144058500,C006,73
1144058500,C008,80
1144058500,C009,62
1144058500,E001,68
1144058500,P001,62
1144058500,P002,48
1144058500,M001,72
1144058500,U001,69
1144058500,U002,58
1144058500,U003,42
1144058500,U005,43
1144058500,U004,71
1144058500,U007,60
1144058500,U006,71
1144058500,U010,60
1144058500,U009,69
1144058500,U008,77
1144058500,U012,62
1144058500,U011,79
1144058500,U014,66
1144058500,U017,40
1144058500,U013,65
1144058500,U015,86
1144058500,U016,56
1144058500,U020,58
1144058500,U018,72
1144058500,U019,81
1144058500,U021,77
1144058500,U022,48
1144058500,U024,82
1144058500,U023,72
1144058500,U025,67
1144058500,U027,71
1144058500,U026,71
1144058500,U031,42
1144058500,U029,69
1144058500,U028,64
1144058500,U030,65
1144058500,U032,55
1144058500,U033,59
1144058500,U034,79
1144058500,U035,52
1144058500,U036,72
1144058500,U037,55
1144058500,U038,61
1144058500,U039,45
1144058500,U040,69
1144058500,U041,79
1144058500,U042,67
1144058500,U043,75
1144058500,U044,62
1144058500,U047,44
1144058500,U045,77
1144058500,U046,58
1144058500,V001,68
1144058500,V002,45
1144059000,B001,51
1144059000,C001,55
1144059000,C002,57
1144059000,C003,54
1144059000,C005,64
1144059000,C004,69
1144059000,C006,71
1144059000,C007,59
1144059000,C008,78
1144059000,C009,60
1144059000,P001,60
1144059000,E001,69
1144059000,P002,45
1144059000,M001,69
1144059000,U002,60
1144059000,U001,58
1144059000,U005,39
1144059000,U003,39
1144059000,U004,69
1144059000,U007,58
1144059000,U010,58
1144059000,U006,67
1144059000,U009,67
1144059000,U008,75
1144059000,U011,76
1144059000,U012,65
1144059000,U014,54
1144059000,U013,63
1144059000,U015,83
1144059000,U016,55
1144059000,U020,55
1144059000,U018,71
1144059000,U019,78
1144059000,U021,75
1144059000,U022,46
1144059000,U023,70
1144059000,U017,37
1144059000,U024,79
1144059000,U025,67
1144059000,U026,64
1144059000,U028,62
1144059000,U029,67
1144059000,U027,62
1144059000,U030,63
1144059000,U031,41
1144059000,U033,51
1144059000,U034,77
1144059000,U032,53
1144059000,U035,46
1144059000,U036,70
1144059000,U037,50
1144059000,U038,59
1144059000,U039,48
1144059000,U040,67
1144059000,U042,65
1144059000,U041,84
1144059000,U043,73
1144059000,U044,57
1144059000,U045,74
1144059000,U046,56
1144059000,V001,67
1144059000,V002,48
1144059000,U047,31
1144060000,B001,55
1144060000,C003,52
1144060000,C002,49
1144060000,C001,61
1144060000,C004,70
1144060000,C005,56
1144060000,C007,54
1144060000,C006,79
1144060000,C008,79
1144060000,C009,60
1144060000,E001,64
1144060000,M001,70
1144060000,P002,46
1144060000,P001,72
1144060000,U001,62
1144060000,U002,64
1144060000,U003,40
1144060000,U005,42
1144060000,U004,68
1144060000,U006,68
1144060000,U007,58
1144060000,U009,74
1144060000,U010,69
1144060000,U008,72
1144060000,U012,57
1144060000,U011,77
1144060000,U017,15
1144060000,U013,63
1144060000,U014,46
1144060000,U016,60
1144060000,U015,84
1144060000,U018,72
1144060000,U021,77
1144060000,U020,52
1144060000,U019,79
1144060000,U022,57
1144060000,U023,74
1144060000,U024,80
1144060000,U025,74
1144060000,U027,76
1144060000,U026,70
1144060000,U028,65
1144060000,U029,71
1144060000,U031,41
1144060000,U030,62
1144060000,U032,62
1144060000,U036,74
1144060000,U034,77
1144060000,U037,61
1144060000,U038,59
1144060000,U035,37
1144060000,U033,43
1144060000,U040,67
1144060000,U041,77
1144060000,U043,77
1144060000,U042,66
1144060000,U044,60
1144060000,U039,37
1144060000,U045,75
1144060000,U046,53
1144060000,V001,59
1144060000,V002,44
1144060000,U047,38
1144061000,B001,59
1144061000,C001,63
1144061000,C003,53
1144061000,C002,53
1144061000,C004,71
1144061000,C005,60
1144061000,C006,80
1144061000,C007,62
1144061000,C008,80
1144061000,C009,61
1144061000,E001,69
1144061000,P001,75
1144061000,M001,71
1144061000,P002,47
1144061000,U001,63
1144061000,U002,60
1144061000,U003,45
1144061000,U005,45
1144061000,U004,69
1144061000,U006,69
1144061000,U007,59
1144061000,U010,73
1144061000,U009,78
1144061000,U008,74
1144061000,U011,78
1144061000,U012,58
1144061000,U017,15
1144061000,U015,85
1144061000,U013,64
1144061000,U014,50
1144061000,U016,64
1144061000,U018,73
1144061000,U021,76
1144061000,U020,53
1144061000,U019,80
1144061000,U022,58
1144061000,U023,75
1144061000,U024,81
1144061000,U025,75
1144061000,U026,79
1144061000,U027,73
1144061000,U028,66
1144061000,U030,63
1144061000,U029,72
1144061000,U031,42
1144061000,U032,63
1144061000,U033,50
1144061000,U034,78
1144061000,U036,75
1144061000,U037,62
1144061000,U038,60
1144061000,U040,68
1144061000,U035,38
1144061000,U041,78
1144061000,U042,67
1144061000,U043,78
1144061000,U044,61
1144061000,U046,54
1144061000,U045,76
1144061000,U039,38
1144061000,V001,60
1144063000,B001,54
1144061000,V002,51
1144063000,C001,58
1144061000,U047,39
1144063000,C003,56
1144063000,C002,49
1144063000,C005,60
1144063000,C004,68
1144063000,C006,77
1144063000,C007,52
1144063000,C008,77
1144063000,C009,66
1144063000,E001,62
1144063000,P001,66
1144063000,M001,68
1144063000,P002,44
1144063000,U001,60
1144063000,U002,50
1144063000,U003,41
1144063000,U004,73
1144063000,U005,41
1144063000,U006,66
1144063000,U007,57
1144063000,U009,77
1144063000,U010,61
1144063000,U008,71
1144063000,U012,55
1144063000,U011,75
1144063000,U015,82
1144063000,U013,62
1144063000,U014,48
1144063000,U017,31
1144063000,U016,57
1144063000,U020,46
1144063000,U018,70
1144063000,U019,77
1144063000,U021,69
1144063000,U022,55
1144063000,U024,78
1144063000,U025,70
1144063000,U023,72
1144063000,U026,73
1144063000,U027,70
1144063000,U028,63
1144063000,U030,64
1144063000,U031,40
1144063000,U029,69
1144063000,U032,60
1144063000,U033,49
1144063000,U035,46
1144063000,U036,72
1144063000,U034,82
1144063000,U037,59
1144063000,U038,57
1144063000,U039,47
1144063000,U040,66
1144063000,U042,64
1144063000,U041,75
1144063000,U043,75
1144063000,U044,58
1144063000,U047,32
1144063000,U045,73
1144063000,V001,58
1144063000,U046,59
1144063000,V002,42
1144065500,B001,54
1144065500,C003,54
1144065500,C001,57
1144065500,C002,46
1144065500,C004,69
1144065500,C005,61
1144065500,C007,53
1144065500,C006,77
1144065500,C008,77
1144065500,C009,65
1144065500,E001,63
1144065500,P002,45
1144065500,P001,61
1144065500,M001,69
1144065500,U001,61
1144065500,U002,50
1144065500,U003,42
1144065500,U004,72
1144065500,U005,42
1144065500,U006,66
1144065500,U007,57
1144065500,U010,59
1144065500,U009,79
1144065500,U008,71
1144065500,U012,56
1144065500,U011,76
1144065500,U013,62
1144065500,U014,46
1144065500,U015,82
1144065500,U016,57
1144065500,U018,71
1144065500,U017,34
1144065500,U020,44
1144065500,U019,78
1144065500,U021,67
1144065500,U024,79
1144065500,U022,56
1144065500,U025,69
1144065500,U023,73
1144065500,U026,73
1144065500,U027,70
1144065500,U028,64
1144065500,U031,40
1144065500,U030,65
1144065500,U029,70
1144065500,U032,60
1144065500,U036,72
1144065500,U035,41
1144065500,U033,46
1144065500,U037,60
1144065500,U034,81
1144065500,U039,47
1144065500,U038,58
1144065500,U040,66
1144065500,U042,65
1144065500,U043,75
1144065500,U045,74
1144065500,U041,75
1144065500,U044,58
1144065500,U047,15
1144065500,U046,59
1144065500,V001,58
1144065500,V002,42
1144066000,B001,48
1144066000,C001,52
1144066000,C002,42
1144066000,C003,49
1144066000,C005,51
1144066000,C004,66
1144066000,C006,73
1144066000,C007,54
1144066000,C009,59
1144066000,E001,66
1144066000,C008,75
1144066000,M001,70
1144066000,P001,59
1144066000,P002,50
1144066000,U002,54
1144066000,U001,54
1144066000,U003,46
1144066000,U005,46
1144066000,U004,66
1144066000,U006,64
1144066000,U007,58
1144066000,U008,72
1144066000,U010,57
1144066000,U009,69
1144066000,U012,56
1144066000,U011,75
1144066000,U013,63
1144066000,U017,35
1144066000,U014,40
1144066000,U016,56
1144066000,U015,84
1144066000,U018,67
1144066000,U021,65
1144066000,U020,46
1144066000,U019,79
1144066000,U022,50
1144066000,U023,70
1144066000,U024,80
1144066000,U025,58
1144066000,U026,58
1144066000,U027,60
1144066000,U030,61
1144066000,U028,58
1144066000,U029,64
1144066000,U031,45
1144066000,U032,58
1144066000,U035,41
1144066000,U036,70
1144066000,U037,56
1144066000,U034,75
1144066000,U038,60
1144066000,U039,39
1144066000,U033,46
1144066000,U040,92
1144066000,U042,62
1144066000,U041,73
1144066000,U043,70
1144066000,U047,15
1144066000,U045,71
1144066000,U044,54
1144066000,U046,52
1144066000,V001,58
1144066000,V002,44
1144068000,C001,57
1144068000,B001,54
1144068000,C003,62
1144068000,C002,47
1144068000,C004,72
1144068000,C005,57
1144068000,C007,56
1144068000,C006,81
1144068000,C008,81
1144068000,C009,65
1144068000,E001,68
1144068000,P001,55
1144068000,P002,48
1144068000,M001,72
1144068000,U001,61
1144068000,U002,53
1144068000,U003,54
1144068000,U004,72
1144068000,U005,54
1144068000,U006,70
1144068000,U007,60
1144068000,U010,53
1144068000,U008,74
1144068000,U009,75
1144068000,U012,59
1144068000,U011,79
1144068000,U014,47
1144068000,U013,65
1144068000,U015,86
1144068000,U016,60
1144068000,U017,43
1144068000,U021,67
1144068000,U018,74
1144068000,U020,43
1144068000,U019,81
1144068000,U022,56
1144068000,U024,82
1144068000,U025,60
1144068000,U023,76
1144068000,U026,59
1144068000,U027,66
1144068000,U030,67
1144068000,U031,43
1144068000,U028,67
1144068000,U029,70
1144068000,U032,60
1144068000,U033,54
1144068000,U035,46
1144068000,U036,75
1144068000,U037,57
1144068000,U038,61
1144068000,U039,46
1144068000,U034,81
1144068000,U040,69
1144068000,U041,79
1144068000,U042,68
1144068000,U043,72
1144068000,U044,62
1144068000,U045,77
1144068000,U046,59
1144068000,V001,61
1144068000,U047,30
1144068000,V002,46
1144069000,B001,73
1144069000,C003,69
1144069000,C002,56
1144069000,C001,63
1144069000,C004,79
1144069000,C005,64
1144069000,C007,81
1144069000,C006,92
1144069000,C009,74
1144069000,C008,86
1144069000,E001,77
1144069000,M001,79
1144069000,P002,55
1144069000,P001,64
1144069000,U001,71
1144069000,U002,61
1144069000,U003,60
1144069000,U004,81
1144069000,U005,60
1144069000,U006,81
1144069000,U009,82
1144069000,U010,62
1144069000,U008,86
1144069000,U007,68
1144069000,U011,86
1144069000,U012,66
1144069000,U014,53
1144069000,U013,73
1144069000,U015,93
1144069000,U016,79
1144069000,U017,49
1144069000,U018,85
1144069000,U019,92
1144069000,U021,76
1144069000,U020,47
1144069000,U022,66
1144069000,U023,83
1144069000,U024,89
1144069000,U025,69
1144069000,U026,68
1144069000,U027,83
1144069000,U028,74
1144069000,U029,80
1144069000,U030,76
1144069000,U031,51
1144069000,U032,69
1144069000,U033,61
1144069000,U035,55
1144069000,U036,83
1144069000,U034,90
1144069000,U037,70
1144069000,U038,72
1144069000,U039,54
1144069000,U040,81
1144069000,U041,86
1144069000,U042,75
1144069000,U043,81
1144069000,U045,85
1144069000,U044,73
1144069000,U047,38
1144069000,U046,67
1144069000,V001,73
1144070000,B001,66
1144069000,V002,53
1144070000,C002,46
1144070000,C001,62
1144070000,C003,58
1144070000,C007,77
1144070000,C005,63
1144070000,C004,80
1144070000,C006,88
1144070000,C008,88
1144070000,C009,73
1144070000,P001,54
1144070000,M001,80
1144070000,P002,56
1144070000,E001,74
1144070000,U001,71
1144070000,U003,61
1144070000,U004,80
1144070000,U002,61
1144070000,U005,62
1144070000,U007,68
1144070000,U009,69
1144070000,U006,77
1144070000,U008,82
1144070000,U010,51
1144070000,U011,87
1144070000,U012,67
1144070000,U015,93
1144070000,U013,73
1144070000,U014,52
1144070000,U016,68
1144070000,U017,48
1144070000,U018,81
1144070000,U020,44
1144070000,U019,89
1144070000,U021,74
1144070000,U022,67
1144070000,U024,90
1144070000,U023,83
1144070000,U025,68
1144070000,U026,67
1144070000,U027,81
1144070000,U028,75
1144070000,U029,81
1144070000,U030,77
1144070000,U031,51
1144070000,U032,71
1144070000,U033,55
1144070000,U034,89
1144070000,U035,50
1144070000,U036,83
1144070000,U038,69
1144070000,U037,71
1144070000,U039,62
1144070000,U040,77
1144070000,U041,86
1144070000,U042,76
1144070000,U043,80
1144070000,U044,69
1144070000,U045,85
1144070000,U047,39
1144070000,U046,66
1144070000,V001,69
1144070000,V002,66
1144071000,B001,58
1144071000,C002,41
1144071000,C001,58
1144071000,C003,50
1144071000,C004,75
1144071000,C005,49
1144071000,C007,61
1144071000,C006,79
1144071000,C009,65
1144071000,E001,72
1144071000,M001,77
1144071000,P002,53
1144071000,U001,61
1144071000,U002,72
1144071000,U003,44
1144071000,U004,72
1144071000,U005,50
1144071000,U006,74
1144071000,U007,65
1144071000,C008,81
1144071000,U008,78
1144071000,U009,66
1144071000,P001,65
1144071000,U010,63
1144071000,U012,62
1144071000,U011,81
1144071000,U013,70
1144071000,U016,53
1144071000,U015,91
1144071000,U017,39
1144071000,U018,73
1144071000,U020,53
1144071000,U021,71
1144071000,U019,86
1144071000,U014,39
1144071000,U022,60
1144071000,U023,79
1144071000,U024,87
1144071000,U025,65
1144071000,U026,64
1144071000,U027,67
1144071000,U028,65
1144071000,U029,70
1144071000,U030,67
1144071000,U031,47
1144071000,U032,64
1144071000,U035,41
1144071000,U036,76
1144071000,U034,81
1144071000,U037,80
1144071000,U038,63
1144071000,U039,49
1144071000,U033,47
1144071000,U040,77
1144071000,U042,68
1144071000,U043,76
1144071000,U041,80
1144071000,U045,77
1144071000,U044,68
1144071000,U046,58
1144071000,V001,64
1144071000,V002,50
1144072000,B001,57
1144072000,C001,63
1144072000,C002,49
1144072000,C003,49
1144072000,C004,78
1144072000,C005,56
1144072000,C006,83
1144071000,U047,43
1144072000,C007,64
1144072000,C008,95
1144072000,C009,70
1144072000,P001,57
1144072000,E001,76
1144072000,M001,81
1144072000,P002,57
1144072000,U001,69
1144072000,U002,63
1144072000,U003,53
1144072000,U004,77
1144072000,U005,54
1144072000,U006,76
1144072000,U007,70
1144072000,U008,84
1144072000,U010,54
1144072000,U009,72
1144072000,U012,66
1144072000,U011,88
1144072000,U013,75
1144072000,U014,47
1144072000,U016,59
1144072000,U017,43
1144072000,U015,95
1144072000,U018,91
1144072000,U020,47
1144072000,U019,90
1144072000,U021,76
1144072000,U022,59
1144072000,U023,81
1144072000,U024,91
1144072000,U025,69
1144072000,U026,68
1144072000,U027,67
1144072000,U028,78
1144072000,U029,88
1144072000,U030,72
1144072000,U031,53
1144072000,U032,69
1144072000,U033,46
1144072000,U035,41
1144072000,U036,81
1144072000,U037,69
1144072000,U034,86
1144072000,U039,48
1144072000,U038,70
1144072000,U040,79
1144072000,U042,73
1144072000,U041,88
1144072000,U043,83
1144072000,U044,71
1144072000,U045,89
1144072000,U046,63
1144072000,V001,71
1144072000,V002,55
1144073000,B001,63
1144072000,U047,36
1144073000,C003,48
1144073000,C002,45
1144073000,C001,61
1144073000,C005,55
1144073000,C004,79
1144073000,C007,63
1144073000,C006,88
1144073000,C008,88
1144073000,C009,72
1144073000,E001,73
1144073000,M001,79
1144073000,P002,55
1144073000,P001,61
1144073000,U001,75
1144073000,U002,61
1144073000,U003,52
1144073000,U004,79
1144073000,U005,53
1144073000,U006,77
1144073000,U007,67
1144073000,U010,59
1144073000,U009,73
1144073000,U008,82
1144073000,U011,86
1144073000,U012,66
1144073000,U014,42
1144073000,U013,72
1144073000,U015,93
1144073000,U016,65
1144073000,U017,46
1144073000,U018,81
1144073000,U020,42
1144073000,U019,88
1144073000,U021,74
1144073000,U022,66
1144073000,U024,89
1144073000,U023,83
1144073000,U025,67
1144073000,U026,66
1144073000,U027,73
1144073000,U028,74
1144073000,U031,50
1144073000,U033,45
1144073000,U029,94
1144073000,U032,80
1144073000,U030,75
1144073000,U035,40
1144073000,U036,83
1144073000,U034,88
1144073000,U038,68
1144073000,U037,79
1144073000,U039,48
1144073000,U040,76
1144073000,U041,86
1144073000,U043,86
1144073000,U042,75
1144073000,U044,69
1144073000,U047,38
1144073000,U046,65
1144073000,V001,68
1144073000,U045,84
1144073000,V002,53
1144074000,B001,74
1144074000,C003,83
1144074000,C001,66
1144074000,C002,60
1144074000,C004,93
1144074000,C005,82
1144074000,C007,81
1144074000,C006,94
1144074000,C008,102
1144074000,C009,85
1144074000,E001,66
1144074000,P001,72
1144074000,M001,97
1144074000,P002,74
1144074000,U001,81
1144074000,U002,65
1144074000,U003,68
1144074000,U004,93
1144074000,U005,68
1144074000,U007,86
1144074000,U006,90
1144074000,U010,70
1144074000,U009,95
1144074000,U008,99
1144074000,U012,82
1144074000,U011,101
1144074000,U014,58
1144074000,U013,91
1144074000,U015,111
1144074000,U016,83
1144074000,U017,63
1144074000,U020,62
1144074000,U018,94
1144074000,U019,105
1144074000,U021,81
1144074000,U022,76
1144074000,U023,99
1144074000,U024,108
1144074000,U025,79
1144074000,U026,87
1144074000,U027,89
1144074000,U028,85
1144074000,U029,90
1144074000,U030,82
1144074000,U032,78
1144074000,U031,69
1144074000,U035,66
1144074000,U033,71
1144074000,U034,102
1144074000,U036,99
1144074000,U037,66
1144074000,U038,73
1144074000,U039,66
1144074000,U040,93
1144074000,U042,89
1144074000,U043,81
1144074000,U041,98
1144074000,U044,80
1144074000,U045,97
1144074000,U047,56
1144074000,U046,79
1144074000,V001,74
1144074000,V002,71
1147051000,B001,64
1147051000,C001,47
1147051000,C003,66
1147051000,C002,59
1147051000,C004,81
1147051000,C005,72
1147051000,C007,68
1147051000,C006,83
1147051000,C008,91
1147051000,C009,72
1147051000,P001,46
1147051000,E001,57
1147051000,P002,58
1147051000,M001,81
1147051000,U001,70
1147051000,U002,56
1147051000,U003,51
1147051000,U005,52
1147051000,U004,82
1147051000,U006,79
1147051000,U007,70
1147051000,U008,88
1147051000,U010,54
1147051000,U009,79
1147051000,U012,70
1147051000,U013,75
1147051000,U011,89
1147051000,U014,58
1147051000,U016,67
1147051000,U015,95
1147051000,U017,54
1147051000,U020,62
1147051000,U018,83
1147051000,U019,91
1147051000,U021,68
1147051000,U022,58
1147051000,U024,91
1147051000,U023,82
1147051000,U025,58
1147051000,U026,59
1147051000,U027,74
1147051000,U028,74
1147051000,U029,79
1147051000,U031,53
1147051000,U030,75
1147051000,U032,66
1147051000,U033,64
1147051000,U034,90
1147051000,U036,82
1147051000,U035,59
1147051000,U037,64
1147051000,U038,73
1147051000,U039,56
1147051000,U040,79
1147051000,U042,77
1147051000,U041,97
1147051000,U043,85
1147051000,U044,70
1147051000,U047,53
1147051000,U046,69
1147051000,U045,86
1147051000,V001,67
1147051000,V002,60
1147052000,B001,78
1147052000,C003,62
1147052000,C001,63
1147052000,C002,58
1147052000,C004,80
1147052000,C005,70
1147052000,C006,82
1147052000,C008,90
1147052000,C007,71
1147052000,C009,75
1147052000,E001,54
1147052000,P001,46
1147052000,M001,86
1147052000,P002,62
1147052000,U001,81
1147052000,U002,53
1147052000,U003,52
1147052000,U005,52
1147052000,U006,78
1147052000,U007,75
1147052000,U004,76
1147052000,U012,70
1147052000,U009,80
1147052000,U008,87
1147052000,U011,91
1147052000,U010,43
1147052000,U014,55
1147052000,U013,80
1147052000,U016,67
1147052000,U015,102
1147052000,U017,55
1147052000,U020,53
1147052000,U021,71
1147052000,U019,94
1147052000,U022,72
1147052000,U018,92
1147052000,U024,98
1147052000,U023,84
1147052000,U025,70
1147052000,U027,85
1147052000,U026,75
1147052000,U028,78
1147052000,U029,89
1147052000,U030,70
1147052000,U032,54
1147052000,U031,58
1147052000,U035,54
1147052000,U033,59
1147052000,U034,82
1147052000,U036,83
1147052000,U037,54
1147052000,U038,60
1147052000,U039,55
1147052000,U040,82
1147052000,U042,77
1147052000,U041,86
1147052000,U043,68
1147052000,U044,79
1147052000,U046,68
1147052000,U045,89
1147052000,U047,50
1147052000,V001,62
1147052000,V002,61
1147053000,B001,81
1147053000,C003,65
1147053000,C002,64
1147053000,C001,50
1147053000,C004,86
1147053000,C005,75
1147053000,C007,72
1147053000,C006,87
1147053000,C008,94
1147053000,C009,81
1147053000,E001,59
1147053000,P001,40
1147053000,M001,88
1147053000,U002,58
1147053000,P002,64
1147053000,U001,84
1147053000,U003,67
1147053000,U004,82
1147053000,U005,68
1147053000,U007,76
1147053000,U010,38
1147053000,U006,84
1147053000,U008,91
1147053000,U012,78
1147053000,U009,93
1147053000,U011,95
1147053000,U014,61
1147053000,U015,102
1147053000,U013,81
1147053000,U016,75
1147053000,U017,57
1147053000,U021,81
1147053000,U018,90
1147053000,U019,97
1147053000,U020,59
1147053000,U022,75
1147053000,U025,62
1147053000,U024,98
1147053000,U026,64
1147053000,U023,90
1147053000,U027,89
1147053000,U030,75
1147053000,U031,59
1147053000,U032,79
1147053000,U028,83
1147053000,U029,86
1147053000,U033,62
1147053000,U035,57
1147053000,U034,87
1147053000,U037,61
1147053000,U036,95
1147053000,U038,66
1147053000,U039,67
1147053000,U040,84
1147053000,U043,74
1147053000,U042,82
1147053000,U041,95
1147053000,U044,78
1147053000,U045,93
1147053000,U047,52
1147053000,U046,75
1147053000,V001,74
1147053000,V002,62
1147054000,C003,70
1147054000,B001,78
1147054000,C001,47
1147054000,C002,70
1147054000,C004,92
1147054000,C005,82
1147054000,C006,95
1147054000,C007,80
1147054000,C008,101
1147054000,E001,65
1147054000,C009,86
1147054000,P001,47
1147054000,M001,94
1147054000,P002,70
1147054000,U002,64
1147054000,U001,79
1147054000,U003,73
1147054000,U005,74
1147054000,U004,95
1147054000,U007,83
1147054000,U006,91
1147054000,U008,97
1147054000,U009,99
1147054000,U012,84
1147054000,U011,101
1147054000,U013,88
1147054000,U010,45
1147054000,U014,67
1147054000,U015,108
1147054000,U016,76
1147054000,U017,63
1147054000,U018,95
1147054000,U019,103
1147054000,U020,65
1147054000,U021,81
1147054000,U022,80
1147054000,U024,104
1147054000,U023,95
1147054000,U025,59
1147054000,U026,57
1147054000,U027,93
1147054000,U028,89
1147054000,U029,89
1147054000,U031,66
1147054000,U032,76
1147054000,U030,84
1147054000,U033,67
1147054000,U035,62
1147054000,U034,93
1147054000,U036,92
1147054000,U037,74
1147054000,U038,81
1147054000,U039,74
1147054000,U042,88
1147054000,U040,90
1147054000,U041,101
1147054000,U043,80
1147054000,U044,84
1147054000,U045,100
1147054000,U047,58
1147054000,V001,70
1147054000,U046,79
1147054000,V002,72
1147055000,B001,63
1147055000,C001,55
1147055000,C003,62
1147055000,C002,54
1147055000,C005,71
1147055000,C004,81
1147055000,C007,69
1147055000,C006,87
1147055000,C008,90
1147055000,C009,73
1147055000,E001,63
1147055000,P001,61
1147055000,M001,87
1147055000,P002,64
1147055000,U002,52
1147055000,U001,69
1147055000,U003,66
1147055000,U005,67
1147055000,U004,81
1147055000,U007,76
1147055000,U006,78
1147055000,U010,59
1147055000,U008,87
1147055000,U009,92
1147055000,U012,70
1147055000,U011,95
1147055000,U014,53
1147055000,U013,81
1147055000,U015,101
1147055000,U017,55
1147055000,U016,71
1147055000,U020,57
1147055000,U018,82
1147055000,U019,97
1147055000,U021,69
1147055000,U022,64
1147055000,U025,69
1147055000,U024,97
1147055000,U023,86
1147055000,U026,61
1147055000,U027,85
1147055000,U028,73
1147055000,U029,78
1147055000,U030,75
1147055000,U031,59
1147055000,U032,69
1147055000,U033,60
1147055000,U035,54
1147055000,U034,90
1147055000,U036,86
1147055000,U037,52
1147055000,U039,54
1147055000,U038,62
1147055000,U040,84
1147055000,U041,94
1147055000,U042,77
1147055000,U043,68
1147055000,U044,69
1147055000,U046,67
1147055000,U047,51
1147055000,U045,93
1147055000,V001,65
1147055000,V002,59
1147056000,C001,51
1147056000,B001,75
1147056000,C002,87
1147056000,C003,78
1147056000,C004,93
1147056000,C005,99
1147056000,C006,95
1147056000,C007,79
1147056000,C008,102
1147056000,P001,43
1147056000,E001,80
1147056000,C009,83
1147056000,M001,93
1147056000,P002,69
1147056000,U001,81
1147056000,U002,68
1147056000,U003,63
1147056000,U005,63
1147056000,U004,93
1147056000,U007,81
1147056000,U006,90
1147056000,U010,44
1147056000,U008,99
1147056000,U009,91
1147056000,U011,100
1147056000,U013,86
1147056000,U014,84
1147056000,U012,82
1147056000,U015,107
1147056000,U016,78
1147056000,U017,80
1147056000,U018,94
1147056000,U019,102
1147056000,U020,83
1147056000,U021,90
1147056000,U022,70
1147056000,U024,103
1147056000,U025,51
1147056000,U023,94
1147056000,U026,44
1147056000,U027,93
1147056000,U028,85
1147056000,U031,64
1147056000,U030,86
1147056000,U029,91
1147056000,U032,76
1147056000,U033,84
1147056000,U035,79
1147056000,U034,101
1147056000,U036,94
1147056000,U037,65
1147056000,U038,81
1147056000,U041,108
1147056000,U040,89
1147056000,U039,68
1147056000,U043,83
1147056000,U042,89
1147056000,U045,98
1147056000,U044,81
1147056000,U046,80
1147056000,U047,75
1147056000,V001,92
1147057000,B001,66
1147056000,V002,71
1147057000,C001,42
1147057000,C003,69
1147057000,C002,80
1147057000,C005,75
1147057000,C006,86
1147057000,C007,70
1147057000,C004,84
1147057000,C008,93
1147057000,P001,48
1147057000,C009,74
1147057000,E001,60
1147057000,M001,84
1147057000,P002,60
1147057000,U003,54
1147057000,U002,59
1147057000,U001,72
1147057000,U005,54
1147057000,U004,84
1147057000,U007,72
1147057000,U010,49
1147057000,U006,82
1147057000,U008,90
1147057000,U009,82
1147057000,U012,73
1147057000,U013,77
1147057000,U011,91
1147057000,U014,77
1147057000,U015,98
1147057000,U016,69
1147057000,U017,73
1147057000,U020,75
1147057000,U018,85
1147057000,U021,70
1147057000,U019,93
1147057000,U022,61
1147057000,U025,46
1147057000,U026,47
1147057000,U023,85
1147057000,U024,94
1147057000,U027,84
1147057000,U031,55
1147057000,U030,77
1147057000,U029,82
1147057000,U028,77
1147057000,U032,73
1147057000,U033,77
1147057000,U035,72
1147057000,U036,85
1147057000,U034,92
1147057000,U038,82
1147057000,U037,72
1147057000,U039,59
1147057000,U040,80
1147057000,U041,99
1147057000,U043,75
1147057000,U044,72
1147057000,U042,80
1147057000,U045,89
1147057000,U046,71
1147057000,U047,68
1147057000,V001,69
1147057000,V002,62
1147058000,B001,81
1147058000,C001,47
1147058000,C002,85
1147058000,C003,92
1147058000,C004,106
1147058000,C005,90
1147058000,C006,99
1147058000,C007,86
1147058000,C008,115
1147058000,E001,75
1147058000,C009,90
1147058000,P001,44
1147058000,M001,99
1147058000,P002,76
1147058000,U002,74
1147058000,U001,88
1147058000,U003,69
1147058000,U004,100
1147058000,U005,70
1147058000,U007,88
1147058000,U006,95
1147058000,U010,46
1147058000,U008,112
1147058000,U009,97
1147058000,U012,89
1147058000,U011,116
1147058000,U014,83
1147058000,U013,93
1147058000,U015,113
1147058000,U016,85
1147058000,U017,79
1147058000,U020,73
1147058000,U018,98
1147058000,U019,109
1147058000,U021,90
1147058000,U022,76
1147058000,U023,100
1147058000,U025,54
1147058000,U024,109
1147058000,U026,47
1147058000,U027,97
1147058000,U028,92
1147058000,U030,93
1147058000,U029,97
1147058000,U031,71
1147058000,U032,80
1147058000,U033,88
1147058000,U035,83
1147058000,U036,100
1147058000,U034,108
1147058000,U037,81
1147058000,U038,84
1147058000,U039,74
1147058000,U040,93
1147058000,U041,115
1147058000,U043,88
1147058000,U042,102
1147058000,U044,93
1147058000,U045,115
1147058000,U046,87
1147058000,U047,74
1147058000,V001,96
1147058000,V002,75
1147059000,C001,41
1147059000,B001,70
1147059000,C002,84
1147059000,C003,73
1147059000,C004,88
1147059000,C005,78
1147059000,C007,74
1147059000,C009,78
1147059000,E001,64
1147059000,M001,88
1147059000,C006,89
1147059000,C008,97
1147059000,U001,76
1147059000,U002,63
1147059000,U003,58
1147059000,U005,58
1147059000,P001,49
1147059000,P002,64
1147059000,U007,76
1147059000,U006,85
1147059000,U008,94
1147059000,U010,50
1147059000,U004,88
1147059000,U009,86
1147059000,U012,77
1147059000,U011,95
1147059000,U013,81
1147059000,U014,81
1147059000,U016,73
1147059000,U015,101
1147059000,U017,77
1147059000,U020,79
1147059000,U021,85
1147059000,U019,97
1147059000,U018,89
1147059000,U022,65
1147059000,U025,49
1147059000,U024,98
1147059000,U026,43
1147059000,U023,89
1147059000,U027,88
1147059000,U028,80
1147059000,U031,59
1147059000,U029,85
1147059000,U030,81
1147059000,U032,77
1147059000,U033,81
1147059000,U035,76
1147059000,U036,89
1147059000,U034,96
1147059000,U037,75
1147059000,U039,63
1147059000,U038,86
1147059000,U040,84
1147059000,U041,103
1147059000,U042,84
1147059000,U043,78
1147059000,U044,76
1147059000,U046,75
1147059000,U045,93
1147059000,U047,72
1147059000,V001,73
1147059000,V002,66
1147060000,B001,76
1147060000,C001,49
1147060000,C002,77
1147060000,C003,83
1147060000,C004,94
1147060000,C005,89
1147060000,C007,80
1147060000,C006,96
1147060000,C009,85
1147060000,C008,104
1147060000,P001,39
1147060000,E001,78
1147060000,M001,94
1147060000,P002,70
1147060000,U001,83
1147060000,U003,64
1147060000,U002,76
1147060000,U004,95
1147060000,U005,64
1147060000,U007,83
1147060000,U006,92
1147060000,U010,40
1147060000,U008,100
1147060000,U009,92
1147060000,U012,83
1147060000,U014,74
1147060000,U011,101
1147060000,U013,88
1147060000,U015,108
1147060000,U016,80
1147060000,U017,75
1147060000,U018,96
1147060000,U019,104
1147060000,U020,77
1147060000,U021,95
1147060000,U022,71
1147060000,U024,104
1147060000,U025,56
1147060000,U023,95
1147060000,U026,51
1147060000,U027,104
1147060000,U028,87
1147060000,U029,92
1147060000,U030,88
1147060000,U031,66
1147060000,U032,82
1147060000,U033,79
1147060000,U035,74
1147060000,U036,95
1147060000,U034,103
1147060000,U037,66
1147060000,U038,76
1147060000,U039,69
1147060000,U041,109
1147060000,U040,91
1147060000,U042,90
1147060000,U043,92
1147060000,U044,82
1147060000,U045,100
1147060000,U047,66
1147060000,U046,81
1147060000,V001,80
1147060000,V002,73
1147061000,C001,42
1147061000,C003,77
1147061000,B001,77
1147061000,C002,91
1147061000,C005,85
1147061000,C004,93
1147061000,C007,81
1147061000,C006,96
1147061000,C008,103
1147061000,E001,76
1147061000,P001,52
1147061000,C009,85
1147061000,M001,95
1147061000,P002,71
1147061000,U002,69
1147061000,U001,83
1147061000,U003,65
1147061000,U005,65
1147061000,U004,95
1147061000,U007,83
1147061000,U006,91
1147061000,U008,99
1147061000,U010,53
1147061000,U009,92
1147061000,U012,83
1147061000,U011,102
1147061000,U013,88
1147061000,U014,88
1147061000,U016,80
1147061000,U015,108
1147061000,U017,67
1147061000,U018,96
1147061000,U019,104
1147061000,U021,85
1147061000,U020,83
1147061000,U022,71
1147061000,U025,43
1147061000,U026,46
1147061000,U023,96
1147061000,U024,105
1147061000,U027,95
1147061000,U028,87
1147061000,U031,66
1147061000,U029,92
1147061000,U030,88
1147061000,U032,72
1147061000,U034,103
1147061000,U033,89
1147061000,U035,84
1147061000,U036,96
1147061000,U037,74
1147061000,U038,76
1147061000,U039,70
1147061000,U040,91
1147061000,U041,110
1147061000,U042,89
1147061000,U043,85
1147061000,U044,83
1147061000,U045,100
1147061000,U046,82
1147061000,V001,88
1147061000,U047,79
1147061000,V002,73
1147061100,C001,38
1147061100,C003,81
1147061100,C002,94
1147061100,B001,78
1147061100,C005,87
1147061100,C004,95
1147061100,C006,100
1147061100,C007,82
1147061100,C008,110
1147061100,C009,87
1147061100,P001,53
1147061100,E001,77
1147061100,P002,72
1147061100,M001,96
1147061100,U003,66
1147061100,U002,75
1147061100,U001,85
1147061100,U005,66
1147061100,U004,95
1147061100,U007,85
1147061100,U006,92
1147061100,U008,101
1147061100,U009,94
1147061100,U010,55
1147061100,U012,85
1147061100,U011,103
1147061100,U013,90
1147061100,U015,110
1147061100,U014,90
1147061100,U016,82
1147061100,U017,69
1147061100,U020,85
1147061100,U021,85
1147061100,U018,98
1147061100,U019,105
1147061100,U022,73
1147061100,U025,40
1147061100,U024,106
1147061100,U026,39
1147061100,U023,97
1147061100,U027,97
1147061100,U029,94
1147061100,U028,89
1147061100,U031,67
1147061100,U030,88
1147061100,U032,64
1147061100,U033,91
1147061100,U035,86
1147061100,U034,104
1147061100,U036,97
1147061100,U037,66
1147061100,U038,68
1147061100,U039,71
1147061100,U040,92
1147061100,U041,113
1147061100,U043,87
1147061100,U042,91
1147061100,U044,84
1147061100,U045,101
1147061100,U046,83
1147061100,U047,82
1147061100,V001,80
1147061100,V002,75
1147062000,B001,70
1147062000,C003,73
1147062000,C002,83
1147062000,C004,92
1147062000,C001,38
1147062000,C005,95
1147062000,C006,90
1147062000,C007,74
1147062000,E001,74
1147062000,C009,79
1147062000,C008,101
1147062000,P001,59
1147062000,M001,88
1147062000,U002,63
1147062000,U003,58
1147062000,P002,64
1147062000,U001,77
1147062000,U004,88
1147062000,U005,58
1147062000,U007,77
1147062000,U006,89
1147062000,U008,98
1147062000,U009,86
1147062000,U010,60
1147062000,U012,77
1147062000,U013,81
1147062000,U011,106
1147062000,U014,81
1147062000,U015,102
1147062000,U016,73
1147062000,U017,86
1147062000,U020,81
1147062000,U018,89
1147062000,U021,73
1147062000,U019,97
1147062000,U022,65
1147062000,U025,45
1147062000,U026,41
1147062000,U023,89
1147062000,U024,98
1147062000,U027,89
1147062000,U028,81
1147062000,U031,59
1147062000,U030,82
1147062000,U029,86
1147062000,U032,70
1147062000,U033,87
1147062000,U035,63
1147062000,U034,100
1147062000,U036,89
1147062000,U037,72
1147062000,U038,81
1147062000,U039,63
1147062000,U040,84
1147062000,U041,103
1147062000,U042,88
1147062000,U043,79
1147062000,U044,76
1147062000,U046,75
1147062000,U045,104
1147062000,U047,72
1147062000,V001,86
1147063000,B001,68
1147062000,V002,67
1147063000,C001,36
1147063000,C003,71
1147063000,C002,67
1147063000,C005,76
1147063000,C004,81
1147063000,C007,72
1147063000,C006,87
1147063000,C008,90
1147063000,C009,76
1147063000,E001,62
1147063000,P001,51
1147063000,M001,86
1147063000,P002,62
1147063000,U001,74
1147063000,U002,61
1147063000,U003,56
1147063000,U005,56
1147063000,U004,86
1147063000,U007,74
1147063000,U006,78
1147063000,U008,87
1147063000,U010,53
1147063000,U009,84
1147063000,U012,76
1147063000,U011,91
1147063000,U013,79
1147063000,U015,99
1147063000,U014,66
1147063000,U016,71
1147063000,U017,56
1147063000,U018,87
1147063000,U020,70
1147063000,U019,95
1147063000,U021,61
1147063000,U022,63
1147063000,U024,96
1147063000,U025,49
1147063000,U023,87
1147063000,U026,52
1147063000,U027,77
1147063000,U031,57
1147063000,U029,84
1147063000,U028,78
1147063000,U030,79
1147063000,U032,70
1147063000,U035,59
1147063000,U033,72
1147063000,U036,87
1147063000,U034,88
1147063000,U037,68
1147063000,U038,77
1147063000,U039,58
1147063000,U040,83
1147063000,U041,101
1147063000,U042,77
1147063000,U043,90
1147063000,U044,74
1147063000,U045,89
1147063000,U047,58
1147063000,U046,71
1147063000,V001,73
1147063000,V002,64
1147064000,C001,36
1147064000,B001,81
1147064000,C002,95
1147064000,C003,84
1147064000,C005,90
1147064000,C004,95
1147064000,C006,105
1147064000,C007,83
1147064000,C008,104
1147064000,E001,92
1147064000,P001,51
1147064000,C009,90
1147064000,M001,100
1147064000,U002,80
1147064000,P002,76
1147064000,U001,88
1147064000,U003,70
1147064000,U004,99
1147064000,U005,70
1147064000,U007,88
1147064000,U006,93
1147064000,U008,101
1147064000,U010,52
1147064000,U009,98
1147064000,U012,86
1147064000,U011,105
1147064000,U013,93
1147064000,U014,92
1147064000,U016,85
1147064000,U015,117
1147064000,U017,94
1147064000,U018,101
1147064000,U021,79
1147064000,U020,85
1147064000,U019,109
1147064000,U022,76
1147064000,U026,37
1147064000,U024,113
1147064000,U023,99
1147064000,U027,91
1147064000,U028,92
1147064000,U025,37
1147064000,U029,97
1147064000,U030,93
1147064000,U031,73
1147064000,U033,94
1147064000,U034,108
1147064000,U032,69
1147064000,U035,88
1147064000,U036,101
1147064000,U037,70
1147064000,U038,73
1147064000,U039,73
1147064000,U040,105
1147064000,U041,118
1147064000,U043,87
1147064000,U042,91
1147064000,U044,87
1147064000,U046,87
1147064000,U045,104
1147064000,U047,72
1147064000,V001,85
1147064000,V002,72
1147065000,C001,45
1147065000,B001,62
1147065000,C003,65
1147065000,C002,62
1147065000,C004,80
1147065000,C005,71
1147065000,C006,82
1147065000,C007,66
1147065000,C008,89
1147065000,C009,71
1147065000,E001,56
1147065000,P001,38
1147065000,M001,80
1147065000,P002,56
1147065000,U001,69
1147065000,U002,55
1147065000,U003,50
1147065000,U005,50
1147065000,U004,80
1147065000,U007,68
1147065000,U006,78
1147065000,U008,86
1147065000,U010,36
1147065000,U009,78
1147065000,U013,73
1147065000,U012,69
1147065000,U011,87
1147065000,U014,59
1147065000,U015,94
1147065000,U016,65
1147065000,U017,53
1147065000,U020,66
1147065000,U018,81
1147065000,U019,89
1147065000,U021,66
1147065000,U022,57
1147065000,U024,90
1147065000,U023,81
1147065000,U025,54
1147065000,U026,57
1147065000,U027,73
1147065000,U028,73
1147065000,U029,78
1147065000,U030,74
1147065000,U031,51
1147065000,U032,62
1147065000,U033,68
1147065000,U034,88
1147065000,U035,55
1147065000,U036,81
1147065000,U037,52
1147065000,U038,62
1147065000,U039,55
1147065000,U040,77
1147065000,U041,95
1147065000,U042,76
1147065000,U043,84
1147065000,U044,68
1147065000,U045,85
1147065000,U047,52
1147065000,V001,65
1147065000,V002,59
1147065000,U046,67
1147067000,B001,67
1147067000,C002,66
1147067000,C003,74
1147067000,C001,35
1147067000,C004,86
1147067000,C005,83
1147067000,C006,101
1147067000,C007,72
1147067000,C009,84
1147067000,E001,68
1147067000,C008,95
1147067000,P001,51
1147067000,M001,88
1147067000,P002,65
1147067000,U001,77
1147067000,U002,75
1147067000,U003,58
1147067000,U004,94
1147067000,U005,59
1147067000,U007,77
1147067000,U006,83
1147067000,U010,53
1147067000,U009,86
1147067000,U008,92
1147067000,U012,78
1147067000,U014,64
1147067000,U011,97
1147067000,U013,82
1147067000,U015,107
1147067000,U016,74
1147067000,U017,67
1147067000,U020,68
1147067000,U021,67
1147067000,U018,88
1147067000,U019,99
1147067000,U022,69
1147067000,U024,104
1147067000,U025,47
1147067000,U026,47
1147067000,U023,89
1147067000,U027,82
1147067000,U029,86
1147067000,U028,81
1147067000,U030,89
1147067000,U031,60
1147067000,U032,65
1147067000,U033,71
1147067000,U035,65
1147067000,U034,94
1147067000,U036,89
1147067000,U037,62
1147067000,U038,70
1147067000,U039,64
1147067000,U040,87
1147067000,U041,114
1147067000,U043,92
1147067000,U042,82
1147067000,U044,79
1147067000,U046,77
1147067000,U045,95
1147067000,U047,54
1147067000,V001,81
1147068000,C001,33
1147067000,V002,61
1147068000,B001,61
1147068000,C002,65
1147068000,C003,78
1147068000,C004,80
1147068000,C005,75
1147068000,C006,100
1147068000,C007,67
1147068000,C008,90
1147068000,C009,78
1147068000,E001,63
1147068000,P001,46
1147068000,M001,89
1147068000,P002,62
1147068000,U002,60
1147068000,U001,74
1147068000,U003,63
1147068000,U004,86
1147068000,U005,63
1147068000,U006,78
1147068000,U007,73
1147068000,U008,87
1147068000,U009,90
1147068000,U010,44
1147068000,U011,91
1147068000,U012,75
1147068000,U014,63
1147068000,U015,102
1147068000,U013,78
1147068000,U016,78
1147068000,U017,57
1147068000,U020,61
1147068000,U021,62
1147068000,U018,86
1147068000,U019,94
1147068000,U022,64
1147068000,U026,46
1147068000,U024,98
1147068000,U023,84
1147068000,U025,53
1147068000,U027,77
1147068000,U030,79
1147068000,U028,78
1147068000,U029,83
1147068000,U031,58
1147068000,U032,55
1147068000,U033,62
1147068000,U034,89
1147068000,U035,59
1147068000,U037,56
1147068000,U036,94
1147068000,U038,64
1147068000,U039,59
1147068000,U040,84
1147068000,U043,74
1147068000,U042,76
1147068000,U041,92
1147068000,U044,73
1147068000,U045,89
1147068000,U047,54
1147068000,V001,72
1147068000,U046,72
1147068000,V002,56
1150051000,B001,75
1150051000,C003,67
1150051000,C002,67
1150051000,C001,69
1150051000,C004,84
1150051000,C007,73
1150051000,C005,74
1150051000,C006,85
1150051000,C008,94
1150051000,C009,83
1150051000,P001,52
1150051000,E001,57
1150051000,M001,91
1150051000,P002,67
1150051000,U001,78
1150051000,U002,56
1150051000,U003,62
1150051000,U005,56
1150051000,U004,80
1150051000,U006,82
1150051000,U007,79
1150051000,U008,90
1150051000,U009,92
1150051000,U012,80
1150051000,U010,39
1150051000,U011,98
1150051000,U013,84
1150051000,U014,64
1150051000,U015,105
1150051000,U016,78
1150051000,U017,64
1150051000,U021,79
1150051000,U020,62
1150051000,U019,100
1150051000,U022,77
1150051000,U018,91
1150051000,U024,101
1150051000,U025,82
1150051000,U023,88
1150051000,U027,90
1150051000,U026,98
1150051000,U031,62
1150051000,U030,73
1150051000,U029,88
1150051000,U028,83
1150051000,U032,58
1150051000,U033,64
1150051000,U035,59
1150051000,U034,86
1150051000,U036,86
1150051000,U037,58
1150051000,U039,65
1150051000,U038,64
1150051000,U040,87
1150051000,U041,89
1150051000,U042,80
1150051000,U043,72
1150051000,U044,81
1150051000,U045,96
1150051000,U047,55
1150051000,U046,76
1150051000,V001,65
1150051000,V002,62
1150052000,B001,84
1150052000,C003,68
1150052000,C002,62
1150052000,C001,69
1150052000,C005,74
1150052000,C004,90
1150052000,C007,83
1150052000,C006,98
1150052000,C008,99
1150052000,C009,81
1150052000,E001,70
1150052000,M001,92
1150052000,P002,68
1150052000,P001,39
1150052000,U002,57
1150052000,U001,87
1150052000,U003,59
1150052000,U004,88
1150052000,U005,60
1150052000,U010,32
1150052000,U006,87
1150052000,U007,80
1150052000,U008,96
1150052000,U012,78
1150052000,U009,92
1150052000,U013,85
1150052000,U014,60
1150052000,U011,99
1150052000,U016,78
1150052000,U017,61
1150052000,U015,105
1150052000,U019,103
1150052000,U020,59
1150052000,U018,90
1150052000,U021,78
1150052000,U022,77
1150052000,U023,93
1150052000,U024,99
1150052000,U027,91
1150052000,U025,85
1150052000,U026,73
1150052000,U030,86
1150052000,U028,87
1150052000,U031,63
1150052000,U029,86
1150052000,U032,62
1150052000,U033,65
1150052000,U034,97
1150052000,U036,90
1150052000,U037,59
1150052000,U038,68
1150052000,U039,62
1150052000,U041,90
1150052000,U040,88
1150052000,U043,72
1150052000,U042,86
1150052000,U044,82
1150052000,U045,97
1150052000,U047,55
1150052000,U035,59
1150052000,V001,72
1150052000,U046,75
1150052000,V002,73
1150053000,B001,75
1150053000,C001,51
1150053000,C003,67
1150053000,C002,66
1150053000,C005,78
1150053000,C004,89
1150053000,C007,74
1150053000,C006,90
1150053000,C008,97
1150053000,E001,62
1150053000,C009,84
1150053000,P001,43
1150053000,P002,67
1150053000,M001,91
1150053000,U002,61
1150053000,U001,79
1150053000,U003,70
1150053000,U005,70
1150053000,U004,84
1150053000,U006,86
1150053000,U010,15
1150053000,U007,79
1150053000,U008,93
1150053000,U009,96
1150053000,U012,78
1150053000,U013,84
1150053000,U011,98
1150053000,U014,64
1150053000,U016,80
1150053000,U017,59
1150053000,U015,104
1150053000,U019,100
1150053000,U020,61
1150053000,U021,100
1150053000,U018,92
1150053000,U022,76
1150053000,U023,95
1150053000,U024,101
1150053000,U025,63
1150053000,U026,65
1150053000,U027,90
1150053000,U030,78
1150053000,U029,89
1150053000,U028,86
1150053000,U031,62
1150053000,U032,79
1150053000,U033,63
1150053000,U035,58
1150053000,U037,62
1150053000,U036,95
1150053000,U034,90
1150053000,U038,84
1150053000,U039,70
1150053000,U040,87
1150053000,U041,97
1150053000,U042,85
1150053000,U043,77
1150053000,U044,80
1150053000,U047,54
1150053000,U046,77
1150053000,U045,96
1150053000,V001,77
1150053000,V002,64
1150053500,B001,93
1150053500,C001,59
1150053500,C002,78
1150053500,C003,77
1150053500,C005,90
1150053500,C004,85
1150053500,C006,86
1150053500,C007,83
1150053500,C008,95
1150053500,E001,58
1150053500,C009,80
1150053500,P001,39
1150053500,P002,73
1150053500,M001,97
1150053500,U002,57
1150053500,U001,85
1150053500,U003,67
1150053500,U005,67
1150053500,U004,81
1150053500,U006,83
1150053500,U007,85
1150053500,U008,92
1150053500,U012,75
1150053500,U009,95
1150053500,U010,41
1150053500,U013,90
1150053500,U014,76
1150053500,U011,102
1150053500,U016,82
1150053500,U015,110
1150053500,U017,75
1150053500,U019,100
1150053500,U020,68
1150053500,U018,97
1150053500,U021,75
1150053500,U022,87
1150053500,U024,110
1150053500,U023,89
1150053500,U025,80
1150053500,U026,74
1150053500,U027,100
1150053500,U028,89
1150053500,U029,95
1150053500,U030,74
1150053500,U031,68
1150053500,U032,59
1150053500,U033,75
1150053500,U035,70
1150053500,U034,87
1150053500,U036,98
1150053500,U037,59
1150053500,U038,65
1150053500,U039,77
1150053500,U040,92
1150053500,U042,81
1150053500,U041,91
1150053500,U043,73
1150053500,U044,78
1150053500,U047,66
1150053500,U046,73
1150053500,U045,94
1150053500,V001,66
1150054000,C003,72
1150054000,C001,45
1150054000,B001,70
1150053500,V002,73
1150054000,C002,81
1150054000,C005,78
1150054000,C007,74
1150054000,C004,87
1150054000,C006,89
1150054000,C008,97
1150054000,P001,38
1150054000,C009,78
1150054000,E001,63
1150054000,M001,87
1150054000,P002,64
1150054000,U001,76
1150054000,U002,62
1150054000,U003,57
1150054000,U004,88
1150054000,U005,58
1150054000,U006,85
1150054000,U007,76
1150054000,U010,39
1150054000,U008,94
1150054000,U009,85
1150054000,U012,76
1150054000,U013,81
1150054000,U011,95
1150054000,U014,79
1150054000,U015,101
1150054000,U016,73
1150054000,U017,75
1150054000,U018,89
1150054000,U019,97
1150054000,U020,77
1150054000,U021,74
1150054000,U022,64
1150054000,U023,89
1150054000,U025,59
1150054000,U024,97
1150054000,U026,53
1150054000,U027,88
1150054000,U030,81
1150054000,U029,85
1150054000,U031,59
1150054000,U028,80
1150054000,U032,83
1150054000,U033,79
1150054000,U035,74
1150054000,U034,96
1150054000,U036,88
1150054000,U037,60
1150054000,U038,69
1150054000,U039,62
1150054000,U040,90
1150054000,U041,103
1150054000,U042,83
1150054000,U043,78
1150054000,U044,76
1150054000,U045,97
1150054000,U046,75
1150054000,U047,70
1150054000,V001,73
1150054000,V002,66
1150055000,B001,69
1150055000,C001,44
1150055000,C002,73
1150055000,C003,73
1150055000,C005,85
1150055000,C004,87
1150055000,C006,89
1150055000,C007,73
1150055000,C008,97
1150055000,C009,78
1150055000,P001,39
1150055000,E001,69
1150055000,M001,87
1150055000,P002,63
1150055000,U002,68
1150055000,U001,76
1150055000,U003,57
1150055000,U004,88
1150055000,U005,57
1150055000,U006,85
1150055000,U007,76
1150055000,U008,94
1150055000,U010,36
1150055000,U009,85
1150055000,U012,76
1150055000,U014,70
1150055000,U013,81
1150055000,U011,95
1150055000,U015,101
1150055000,U016,73
1150055000,U017,66
1150055000,U018,89
1150055000,U019,97
1150055000,U020,68
1150055000,U021,74
1150055000,U022,64
1150055000,U024,97
1150055000,U023,88
1150055000,U026,53
1150055000,U025,56
1150055000,U027,88
1150055000,U028,80
1150055000,U029,85
1150055000,U031,59
1150055000,U030,81
1150055000,U032,74
1150055000,U033,70
1150055000,U034,96
1150055000,U035,65
1150055000,U036,88
1150055000,U037,69
1150055000,U038,75
1150055000,U039,62
1150055000,U040,84
1150055000,U041,103
1150055000,U042,83
1150055000,U043,83
1150055000,U044,75
1150055000,U045,93
1150055000,U047,61
1150055000,U046,75
1150055000,V001,73
1150055000,V002,66
1150056000,C001,51
1150056000,C002,74
1150056000,C003,77
1150056000,B001,74
1150056000,C005,83
1150056000,C007,78
1150056000,C004,92
1150056000,C006,94
1150056000,P001,32
1150056000,C008,101
1150056000,C009,83
1150056000,M001,92
1150056000,E001,68
1150056000,P002,68
1150056000,U001,81
1150056000,U002,67
1150056000,U004,92
1150056000,U003,62
1150056000,U005,62
1150056000,U006,90
1150056000,U007,81
1150056000,U010,36
1150056000,U008,98
1150056000,U009,90
1150056000,U012,81
1150056000,U011,99
1150056000,U013,85
1150056000,U014,71
1150056000,U015,106
1150056000,U016,77
1150056000,U017,65
1150056000,U021,78
1150056000,U018,93
1150056000,U020,78
1150056000,U019,101
1150056000,U022,69
1150056000,U024,102
1150056000,U025,63
1150056000,U023,93
1150056000,U026,58
1150056000,U027,85
1150056000,U028,85
1150056000,U030,86
1150056000,U029,90
1150056000,U031,63
1150056000,U032,74
1150056000,U033,81
1150056000,U036,93
1150056000,U035,76
1150056000,U034,100
1150056000,U037,64
1150056000,U038,74
1150056000,U039,67
1150056000,U040,90
1150056000,U041,107
1150056000,U042,88
1150056000,U043,96
1150056000,U044,80
1150056000,U045,97
1150056000,U046,79
1150056000,V001,77
1150056000,U047,64
1150056000,V002,71
1150057000,C001,51
1150057000,B001,77
1150057000,C003,75
1150057000,C002,74
1150057000,C004,95
1150057000,C005,86
1150057000,C007,81
1150057000,C006,97
1150057000,C009,86
1150057000,E001,70
1150057000,P001,51
1150057000,C008,104
1150057000,P002,75
1150057000,M001,99
1150057000,U002,69
1150057000,U001,84
1150057000,U003,65
1150057000,U005,65
1150057000,U004,94
1150057000,U007,87
1150057000,U006,93
1150057000,U008,101
1150057000,U010,38
1150057000,U012,84
1150057000,U009,104
1150057000,U011,106
1150057000,U014,72
1150057000,U013,92
1150057000,U016,80
1150057000,U017,68
1150057000,U015,112
1150057000,U018,96
1150057000,U019,108
1150057000,U020,70
1150057000,U021,99
1150057000,U022,72
1150057000,U024,109
1150057000,U026,60
1150057000,U023,96
1150057000,U025,64
1150057000,U027,98
1150057000,U028,88
1150057000,U031,70
1150057000,U029,93
1150057000,U032,79
1150057000,U030,87
1150057000,U033,72
1150057000,U035,66
1150057000,U034,108
1150057000,U036,96
1150057000,U037,77
1150057000,U038,84
1150057000,U039,78
1150057000,U040,95
1150057000,U042,91
1150057000,U041,105
1150057000,U043,85
1150057000,U044,93
1150057000,U047,62
1150057000,U045,104
1150057000,U046,85
1150057000,V001,74
1150057000,V002,74
1150059000,C001,64
1150059000,C003,78
1150059000,B001,72
1150059000,C002,77
1150059000,C005,90
1150059000,C004,90
1150059000,C007,76
1150059000,C006,92
1150059000,C008,99
1150059000,P001,33
1150059000,C009,81
1150059000,E001,73
1150059000,M001,90
1150059000,P002,66
1150059000,U001,79
1150059000,U002,65
1150059000,U003,60
1150059000,U005,60
1150059000,U004,90
1150059000,U010,27
1150059000,U006,88
1150059000,U007,79
1150059000,U008,96
1150059000,U009,88
1150059000,U012,79
1150059000,U013,84
1150059000,U011,97
1150059000,U014,75
1150059000,U016,76
1150059000,U015,104
1150059000,U017,70
1150059000,U018,92
1150059000,U021,76
1150059000,U020,72
1150059000,U019,99
1150059000,U022,67
1150059000,U023,91
1150059000,U024,100
1150059000,U025,71
1150059000,U026,66
1150059000,U027,88
1150059000,U028,83
1150059000,U029,88
1150059000,U030,84
1150059000,U031,61
1150059000,U032,72
1150059000,U033,74
1150059000,U034,98
1150059000,U035,69
1150059000,U036,91
1150059000,U037,62
1150059000,U038,72
1150059000,U039,65
1150059000,U040,93
1150059000,U041,105
1150059000,U042,86
1150059000,U043,81
1150059000,U044,78
1150059000,U045,101
1150059000,U046,77
1150059000,V001,76
1150059000,U047,65
1150059000,V002,69
1150059100,B001,75
1150059100,C003,67
1150059100,C001,60
1150059100,C002,66
1150059100,C005,79
1150059100,C004,88
1150059100,C007,95
1150059100,C008,98
1150059100,C006,90
1150059100,P001,26
1150059100,C009,84
1150059100,E001,62
1150059100,M001,91
1150059100,P002,67
1150059100,U002,61
1150059100,U001,90
1150059100,U003,61
1150059100,U004,84
1150059100,U005,64
1150059100,U006,86
1150059100,U010,21
1150059100,U007,79
1150059100,U008,93
1150059100,U012,81
1150059100,U009,90
1150059100,U013,84
1150059100,U014,60
1150059100,U011,98
1150059100,U016,77
1150059100,U017,59
1150059100,U015,104
1150059100,U020,61
1150059100,U018,92
1150059100,U019,100
1150059100,U021,102
1150059100,U022,80
1150059100,U025,67
1150059100,U024,101
1150059100,U023,95
1150059100,U026,62
1150059100,U027,88
1150059100,U030,78
1150059100,U031,62
1150059100,U028,86
1150059100,U029,88
1150059100,U032,86
1150059100,U033,63
1150059100,U035,58
1150059100,U034,90
1150059100,U036,95
1150059100,U037,62
1150059100,U039,64
1150059100,U038,68
1150059100,U040,87
1150059100,U042,85
1150059100,U041,97
1150059100,U043,76
1150059100,U044,80
1150059100,U047,54
1150059100,U045,96
1150059100,U046,77
1150059100,V001,70
1150059100,V002,84
1150059300,B001,67
1150059300,C001,45
1150059300,C003,70
1150059300,C002,66
1150059300,C004,85
1150059300,C005,75
1150059300,C007,71
1150059300,C006,86
1150059300,C008,94
1150059300,P001,38
1150059300,C009,75
1150059300,E001,61
1150059300,M001,85
1150059300,P002,61
1150059300,U001,73
1150059300,U002,60
1150059300,U003,55
1150059300,U004,85
1150059300,U005,55
1150059300,U007,73
1150059300,U006,82
1150059300,U008,91
1150059300,U010,39
1150059300,U009,83
1150059300,U012,73
1150059300,U011,92
1150059300,U013,78
1150059300,U014,64
1150059300,U015,98
1150059300,U016,70
1150059300,U017,57
1150059300,U018,86
1150059300,U020,71
1150059300,U019,94
1150059300,U021,71
1150059300,U022,61
1150059300,U024,95
1150059300,U025,61
1150059300,U023,86
1150059300,U026,54
1150059300,U027,77
1150059300,U028,77
1150059300,U030,78
1150059300,U029,82
1150059300,U031,56
1150059300,U032,66
1150059300,U033,77
1150059300,U034,93
1150059300,U036,86
1150059300,U035,60
1150059300,U037,57
1150059300,U038,66
1150059300,U039,60
1150059300,U040,82
1150059300,U041,100
1150059300,U042,81
1150059300,U043,89
1150059300,U044,73
1150059300,U045,89
1150059300,U047,56
1150059300,U046,72
1150059300,V001,70
1150059300,V002,63
1150060300,B001,73
1150060300,C003,84
1150060300,C002,56
1150060300,C001,75
1150060300,C004,99
1150060300,C005,72
1150060300,C007,72
1150060300,C006,91
1150060300,C008,108
1150060300,C009,90
1150060300,E001,63
1150060300,M001,89
1150060300,P001,49
1150060300,P002,66
1150060300,U001,79
1150060300,U002,62
1150060300,U003,68
1150060300,U004,85
1150060300,U005,68
1150060300,U006,96
1150060300,U010,57
1150060300,U007,78
1150060300,U008,105
1150060300,U009,90
1150060300,U012,75
1150060300,U014,66
1150060300,U013,83
1150060300,U011,97
1150060300,U015,103
1150060300,U016,84
1150060300,U017,68
1150060300,U020,54
1150060300,U018,92
1150060300,U021,87
1150060300,U019,99
1150060300,U022,75
1150060300,U024,99
1150060300,U023,102
1150060300,U026,76
1150060300,U025,79
1150060300,U027,95
1150060300,U028,84
1150060300,U030,79
1150060300,U029,89
1150060300,U031,61
1150060300,U032,71
1150060300,U033,81
1150060300,U034,91
1150060300,U035,75
1150060300,U036,99
1150060300,U037,67
1150060300,U038,77
1150060300,U039,71
1150060300,U040,86
1150060300,U041,95
1150060300,U043,78
1150060300,U042,95
1150060300,U044,91
1150060300,U046,84
1150060300,U045,95
1150060300,U047,54
1150060300,V001,81
1150060300,V002,61
1150060400,B001,70
1150060400,C001,80
1150060400,C003,78
1150060400,C002,77
1150060400,C004,89
1150060400,C005,89
1150060400,C006,90
1150060400,C007,80
1150060400,C008,98
1150060400,C009,83
1150060400,P001,42
1150060400,E001,62
1150060400,M001,90
1150060400,P002,66
1150060400,U002,61
1150060400,U001,88
1150060400,U003,60
1150060400,U004,85
1150060400,U005,60
1150060400,U006,87
1150060400,U010,44
1150060400,U007,79
1150060400,U008,95
1150060400,U009,88
1150060400,U012,79
1150060400,U013,84
1150060400,U014,75
1150060400,U011,99
1150060400,U016,76
1150060400,U015,111
1150060400,U017,75
1150060400,U020,73
1150060400,U019,103
1150060400,U018,101
1150060400,U021,79
1150060400,U022,67
1150060400,U023,93
1150060400,U024,107
1150060400,U026,78
1150060400,U025,93
1150060400,U027,86
1150060400,U028,86
1150060400,U031,67
1150060400,U030,78
1150060400,U029,97
1150060400,U032,62
1150060400,U033,75
1150060400,U034,90
1150060400,U035,70
1150060400,U036,91
1150060400,U037,62
1150060400,U039,64
1150060400,U038,69
1150060400,U040,90
1150060400,U041,94
1150060400,U042,85
1150060400,U043,77
1150060400,U044,82
1150060400,U046,77
1150060400,V001,70
1150060400,U047,66
1150060400,U045,98
1150060400,V002,70
1150060500,C003,67
1150060500,B001,71
1150060500,C001,73
1150060500,C002,67
1150060500,C004,90
1150060500,C005,78
1150060500,C007,84
1150060500,C006,98
1150060500,C008,99
1150060500,C009,82
1150060500,P001,35
1150060500,E001,70
1150060500,M001,91
1150060500,P002,67
1150060500,U002,57
1150060500,U001,78
1150060500,U003,60
1150060500,U004,89
1150060500,U005,60
1150060500,U006,88
1150060500,U007,80
1150060500,U010,37
1150060500,U009,96
1150060500,U011,98
1150060500,U013,84
1150060500,U014,64
1150060500,U016,75
1150060500,U012,78
1150060500,U015,105
1150060500,U008,96
1150060500,U017,64
1150060500,U020,62
1150060500,U021,79
1150060500,U018,91
1150060500,U019,104
1150060500,U022,66
1150060500,U024,101
1150060500,U023,94
1150060500,U026,72
1150060500,U025,85
1150060500,U027,87
1150060500,U029,88
1150060500,U028,83
1150060500,U032,62
1150060500,U031,62
1150060500,U030,86
1150060500,U033,64
1150060500,U034,98
1150060500,U036,91
1150060500,U035,59
1150060500,U038,68
1150060500,U039,65
1150060500,U037,59
1150060500,U040,87
1150060500,U041,90
1150060500,U043,73
1150060500,U042,86
1150060500,U044,83
1150060500,U046,75
1150060500,U045,96
1150060500,V001,72
1150060500,U047,55
1150060500,V002,73
1150061100,B001,74
1150061100,C003,79
1150061100,C001,57
1150061100,C002,57
1150061100,C005,73
1150061100,C004,91
1150061100,C007,72
1150061100,C006,99
1150061100,C008,107
1150061100,P001,41
1150061100,E001,68
1150061100,C009,84
1150061100,P002,66
1150061100,M001,90
1150061100,U001,80
1150061100,U002,67
1150061100,U003,68
1150061100,U005,68
1150061100,U004,98
1150061100,U007,79
1150061100,U010,48
1150061100,U006,89
1150061100,U008,93
1150061100,U009,91
1150061100,U012,76
1150061100,U011,98
1150061100,U013,84
1150061100,U014,67
1150061100,U015,104
1150061100,U016,83
1150061100,U017,60
1150061100,U018,93
1150061100,U019,100
1150061100,U021,84
1150061100,U020,55
1150061100,U022,75
1150061100,U023,99
1150061100,U024,100
1150061100,U025,59
1150061100,U026,58
1150061100,U027,102
1150061100,U028,85
1150061100,U029,90
1150061100,U030,91
1150061100,U032,68
1150061100,U031,62
1150061100,U033,76
1150061100,U035,70
1150061100,U034,101
1150061100,U036,99
1150061100,U037,68
1150061100,U038,75
1150061100,U039,65
1150061100,U040,88
1150061100,U041,100
1150061100,U042,91
1150061100,U043,83
1150061100,U044,84
1150061100,U045,96
1150061100,U047,55
1150061100,U046,78
1150061100,V001,76
1150061100,V002,62
1150061500,B001,83
1150061500,C001,68
1150061500,C003,83
1150061500,C002,82
1150061500,C005,95
1150061500,C004,101
1150061500,C007,87
1150061500,C006,102
1150061500,P001,15
1150061500,C008,110
1150061500,E001,71
1150061500,C009,91
1150061500,P002,77
1150061500,M001,100
1150061500,U001,89
1150061500,U002,70
1150061500,U003,71
1150061500,U004,101
1150061500,U005,71
1150061500,U006,98
1150061500,U010,38
1150061500,U007,89
1150061500,U008,107
1150061500,U012,89
1150061500,U009,98
1150061500,U013,94
1150061500,U011,108
1150061500,U014,74
1150061500,U015,114
1150061500,U016,86
1150061500,U017,75
1150061500,U018,102
1150061500,U019,110
1150061500,U021,87
1150061500,U020,77
1150061500,U022,77
1150061500,U023,102
1150061500,U024,111
1150061500,U025,75
1150061500,U026,70
1150061500,U027,93
1150061500,U028,93
1150061500,U030,94
1150061500,U029,98
1150061500,U031,72
1150061500,U032,71
1150061500,U036,102
1150061500,U033,79
1150061500,U035,74
1150061500,U034,109
1150061500,U037,71
1150061500,U038,78
1150061500,U039,75
1150061500,U041,116
1150061500,U040,98
1150061500,U042,97
1150061500,U043,86
1150061500,U044,89
1150061500,U045,105
1150061500,U046,88
1150061500,U047,70
1150061500,V001,86
1150061500,V002,79
1150062000,B001,95
1150062000,C001,84
1150062000,C003,106
1150062000,C002,78
1150062000,C004,113
1150062000,C005,93
1150062000,C006,123
1150062000,C007,93
1150062000,C008,123
1150062000,E001,87
1150062000,C009,105
1150062000,P001,67
1150062000,M001,111
1150062000,P002,87
1150062000,U002,86
1150062000,U001,101
1150062000,U003,92
1150062000,U004,109
1150062000,U005,92
1150062000,U007,99
1150062000,U006,111
1150062000,U010,69
1150062000,U008,120
1150062000,U009,111
1150062000,U012,96
1150062000,U011,118
1150062000,U013,104
1150062000,U014,87
1150062000,U015,125
1150062000,U016,107
1150062000,U017,81
1150062000,U018,114
1150062000,U021,104
1150062000,U020,76
1150062000,U019,120
1150062000,U022,98
1150062000,U024,120
1150062000,U025,98
1150062000,U026,77
1150062000,U023,123
1150062000,U027,122
1150062000,U028,105
1150062000,U029,110
1150062000,U030,103
1150062000,U031,82
1150062000,U032,87
1150062000,U035,86
1150062000,U034,115
1150062000,U033,96
1150062000,U036,122
1150062000,U037,87
1150062000,U038,93
1150062000,U039,86
1150062000,U041,119
1150062000,U040,108
1150062000,U042,110
1150062000,U043,101
1150062000,U045,116
1150062000,U046,99
1150062000,U044,105
1150062000,U047,76
1150062000,V001,95
1150062000,V002,83
1150063000,B001,77
1150063000,C001,73
1150063000,C002,67
1150063000,C003,77
1150063000,C005,70
1150063000,C007,73
1150063000,C004,96
1150063000,C006,90
1150063000,C008,106
1150063000,P001,44
1150063000,C009,88
1150063000,E001,62
1150063000,P002,64
1150063000,M001,88
1150063000,U001,78
1150063000,U002,61
1150063000,U003,66
1150063000,U004,88
1150063000,U005,66
1150063000,U007,76
1150063000,U006,94
1150063000,U010,46
1150063000,U008,103
1150063000,U009,88
1150063000,U012,77
1150063000,U013,81
1150063000,U011,107
1150063000,U014,64
1150063000,U015,102
1150063000,U016,81
1150063000,U017,66
1150063000,U020,53
1150063000,U019,110
1150063000,U021,85
1150063000,U018,91
1150063000,U022,73
1150063000,U024,98
1150063000,U025,83
1150063000,U026,64
1150063000,U023,100
1150063000,U027,93
1150063000,U028,94
1150063000,U029,87
1150063000,U030,78
1150063000,U031,59
1150063000,U032,68
1150063000,U033,74
1150063000,U034,104
1150063000,U035,69
1150063000,U036,97
1150063000,U037,65
1150063000,U038,75
1150063000,U039,68
1150063000,U041,94
1150063000,U040,84
1150063000,U042,92
1150063000,U043,77
1150063000,U044,89
1150063000,U046,81
1150063000,U045,105
1150063000,U047,53
1150063000,V001,79
1150063000,V002,60
1150064000,C001,76
1150064000,B001,86
1150064000,C003,89
1150064000,C002,85
1150064000,C005,85
1150064000,C007,86
1150064000,C004,104
1150064000,C008,113
1150064000,C006,105
1150064000,C009,105
1150064000,E001,77
1150064000,P001,59
1150064000,M001,112
1150064000,P002,88
1150064000,U001,93
1150064000,U002,76
1150064000,U003,84
1150064000,U004,100
1150064000,U005,84
1150064000,U007,100
1150064000,U010,60
1150064000,U008,110
1150064000,U006,102
1150064000,U009,103
1150064000,U012,92
1150064000,U011,119
1150064000,U014,82
1150064000,U013,105
1150064000,U016,99
1150064000,U015,125
1150064000,U017,78
1150064000,U020,67
1150064000,U019,121
1150064000,U021,106
1150064000,U018,105
1150064000,U022,90
1150064000,U024,122
1150064000,U025,84
1150064000,U026,84
1150064000,U023,115
1150064000,U027,112
1150064000,U028,97
1150064000,U030,93
1150064000,U031,83
1150064000,U029,102
1150064000,U032,77
1150064000,U033,86
1150064000,U035,81
1150064000,U036,114
1150064000,U034,105
1150064000,U037,77
1150064000,U038,84
1150064000,U039,91
1150064000,U040,100
1150064000,U041,109
1150064000,U042,100
1150064000,U043,92
1150064000,U044,102
1150064000,U047,76
1150064000,U046,98
1150064000,U045,117
1150064000,V001,86
1150064000,V002,75
1150064100,B001,93
1150064100,C001,74
1150064100,C002,75
1150064100,C003,96
1150064100,C005,90
1150064100,C004,108
1150064100,C006,113
1150064100,C007,90
1150064100,C008,121
1150064100,C009,102
1150064100,E001,80
1150064100,P001,57
1150064100,M001,108
1150064100,P002,84
1150064100,U001,100
1150064100,U002,86
1150064100,U004,112
1150064100,U005,82
1150064100,U003,81
1150064100,U007,96
1150064100,U006,107
1150064100,U010,59
1150064100,U009,108
1150064100,U008,118
1150064100,U011,115
1150064100,U012,93
1150064100,U013,101
1150064100,U014,84
1150064100,U015,121
1150064100,U016,97
1150064100,U017,77
1150064100,U018,113
1150064100,U019,117
1150064100,U020,72
1150064100,U021,98
1150064100,U022,88
1150064100,U023,112
1150064100,U024,118
1150064100,U026,76
1150064100,U025,96
1150064100,U027,112
1150064100,U028,104
1150064100,U029,109
1150064100,U030,105
1150064100,U031,79
1150064100,U032,84
1150064100,U036,112
1150064100,U033,101
1150064100,U034,118
1150064100,U037,84
1150064100,U035,96
1150064100,U038,90
1150064100,U039,82
1150064100,U040,105
1150064100,U041,127
1150064100,U042,107
1150064100,U043,94
1150064100,U044,102
1150064100,U045,113
1150064100,U047,73
1150064100,U046,95
1150064100,V001,90
1150064100,V002,80
1153051000,C001,35
1153051000,B001,81
1153051000,C002,68
1153051000,C003,78
1153051000,C004,85
1153051000,C005,78
1153051000,C007,81
1153051000,C006,86
1153051000,C008,94
1153051000,C009,81
1153051000,E001,66
1153051000,P001,55
1153051000,M001,89
1153051000,P002,69
1153051000,U001,77
1153051000,U002,61
1153051000,U003,68
1153051000,U004,81
1153051000,U005,68
1153051000,U006,82
1153051000,U007,78
1153051000,U010,67
1153051000,U009,93
1153051000,U008,91
1153051000,U012,78
1153051000,U011,95
1153051000,U014,66
1153051000,U013,83
1153051000,U015,106
1153051000,U016,80
1153051000,U017,60
1153051000,U018,90
1153051000,U020,64
1153051000,U019,98
1153051000,U021,65
1153051000,U022,68
1153051000,U023,88
1153051000,U025,48
1153051000,U024,103
1153051000,U026,51
1153051000,U027,81
1153051000,U031,62
1153051000,U030,75
1153051000,U028,82
1153051000,U029,86
1153051000,U032,51
1153051000,U033,66
1153051000,U035,62
1153051000,U036,92
1153051000,U034,92
1153051000,U037,63
1153051000,U038,61
1153051000,U039,62
1153051000,U040,89
1153051000,U041,100
1153051000,U042,81
1153051000,U043,78
1153051000,U044,77
1153051000,U047,53
1153051000,U046,75
1153051000,U045,93
1153051000,V001,67
1153052000,C001,28
1153051000,V002,70
1153052000,B001,69
1153052000,C003,84
1153052000,C002,76
1153052000,C004,88
1153052000,C005,86
1153052000,C007,76
1153052000,C006,95
1153052000,C009,89
1153052000,C008,98
1153052000,E001,67
1153052000,P001,71
1153052000,M001,93
1153052000,P002,70
1153052000,U001,83
1153052000,U002,70
1153052000,U003,67
1153052000,U004,90
1153052000,U005,67
1153052000,U007,81
1153052000,U006,86
1153052000,U008,94
1153052000,U010,72
1153052000,U009,97
1153052000,U012,79
1153052000,U011,99
1153052000,U015,110
1153052000,U014,74
1153052000,U013,86
1153052000,U016,84
1153052000,U017,67
1153052000,U021,70
1153052000,U020,72
1153052000,U019,102
1153052000,U018,93
1153052000,U022,72
1153052000,U026,44
1153052000,U025,43
1153052000,U023,92
1153052000,U024,106
1153052000,U027,85
1153052000,U028,86
1153052000,U029,92
1153052000,U030,83
1153052000,U031,66
1153052000,U032,59
1153052000,U033,73
1153052000,U035,70
1153052000,U034,93
1153052000,U036,98
1153052000,U037,64
1153052000,U038,65
1153052000,U039,70
1153052000,U040,92
1153052000,U042,84
1153052000,U041,108
1153052000,U043,82
1153052000,U044,81
1153052000,U045,97
1153052000,U047,61
1153052000,U046,83
1153052000,V001,75
1153052000,V002,66
1153053000,B001,66
1153053000,C002,77
1153053000,C003,88
1153053000,C001,30
1153053000,C004,85
1153053000,C005,89
1153053000,C006,86
1153053000,C007,71
1153053000,C008,94
1153053000,E001,61
1153053000,C009,83
1153053000,P001,75
1153053000,M001,89
1153053000,P002,69
1153053000,U002,61
1153053000,U001,78
1153053000,U003,63
1153053000,U004,81
1153053000,U005,63
1153053000,U007,78
1153053000,U006,82
1153053000,U009,91
1153053000,U008,91
1153053000,U010,77
1153053000,U012,80
1153053000,U014,75
1153053000,U015,106
1153053000,U011,95
1153053000,U013,83
1153053000,U016,78
1153053000,U017,74
1153053000,U020,83
1153053000,U018,91
1153053000,U019,102
1153053000,U021,60
1153053000,U022,68
1153053000,U025,47
1153053000,U024,107
1153053000,U023,88
1153053000,U026,47
1153053000,U027,81
1153053000,U030,74
1153053000,U028,86
1153053000,U031,64
1153053000,U029,88
1153053000,U032,50
1153053000,U033,67
1153053000,U035,64
1153053000,U034,87
1153053000,U036,94
1153053000,U037,52
1153053000,U038,54
1153053000,U039,63
1153053000,U040,93
1153053000,U041,99
1153053000,U042,81
1153053000,U043,78
1153053000,U044,77
1153053000,U045,93
1153053000,U046,76
1153053000,U047,65
1153053000,V001,66
1153053000,V002,66
1153054000,B001,73
1153054000,C001,37
1153054000,C003,82
1153054000,C002,71
1153054000,C005,80
1153054000,C004,89
1153054000,C006,84
1153054000,C007,76
1153054000,C008,98
1153054000,E001,58
1153054000,C009,84
1153054000,P001,69
1153054000,P002,71
1153054000,U002,59
1153054000,U001,79
1153054000,M001,95
1153054000,U003,68
1153054000,U004,79
1153054000,U005,68
1153054000,U007,83
1153054000,U006,87
1153054000,U008,95
1153054000,U009,92
1153054000,U010,69
1153054000,U012,81
1153054000,U011,100
1153054000,U014,68
1153054000,U013,88
1153054000,U015,109
1153054000,U016,86
1153054000,U017,62
1153054000,U018,92
1153054000,U021,57
1153054000,U020,66
1153054000,U019,97
1153054000,U022,75
1153054000,U023,93
1153054000,U025,52
1153054000,U024,106
1153054000,U026,50
1153054000,U027,85
1153054000,U029,89
1153054000,U030,72
1153054000,U031,66
1153054000,U028,83
1153054000,U032,48
1153054000,U033,68
1153054000,U034,84
1153054000,U035,65
1153054000,U036,88
1153054000,U037,50
1153054000,U038,52
1153054000,U039,64
1153054000,U040,90
1153054000,U041,98
1153054000,U042,85
1153054000,U043,81
1153054000,U044,79
1153054000,U045,96
1153054000,V001,64
1153054000,U047,56
1153054000,U046,77
1153054000,V002,66
1153055000,C001,36
1153055000,B001,66
1153055000,C003,75
1153055000,C002,64
1153055000,C004,82
1153055000,C007,73
1153055000,C005,74
1153055000,C006,82
1153055000,C008,91
1153055000,C009,77
1153055000,E001,55
1153055000,M001,88
1153055000,P001,62
1153055000,P002,64
1153055000,U002,57
1153055000,U001,73
1153055000,U003,61
1153055000,U005,61
1153055000,U004,77
1153055000,U006,80
1153055000,U010,66
1153055000,U007,76
1153055000,U009,85
1153055000,U008,88
1153055000,U011,93
1153055000,U012,74
1153055000,U013,81
1153055000,U015,102
1153055000,U014,61
1153055000,U016,79
1153055000,U017,55
1153055000,U020,60
1153055000,U018,85
1153055000,U021,54
1153055000,U022,68
1153055000,U019,95
1153055000,U023,86
1153055000,U024,98
1153055000,U025,49
1153055000,U026,49
1153055000,U027,78
1153055000,U030,70
1153055000,U028,77
1153055000,U029,82
1153055000,U031,59
1153055000,U032,46
1153055000,U033,61
1153055000,U034,81
1153055000,U035,58
1153055000,U037,48
1153055000,U036,88
1153055000,U038,50
1153055000,U039,58
1153055000,U040,85
1153055000,U042,78
1153055000,U043,78
1153055000,U041,96
1153055000,U044,72
1153055000,U045,89
1153055000,U046,71
1153055000,U047,49
1153055000,V001,62
1153055000,V002,63
1153056000,B001,65
1153056000,C002,68
1153056000,C003,80
1153056000,C004,84
1153056000,C005,77
1153056000,C001,31
1153056000,C006,85
1153056000,C007,72
1153056000,E001,65
1153056000,C009,81
1153056000,P001,76
1153056000,C008,93
1153056000,M001,88
1153056000,P002,66
1153056000,U001,76
1153056000,U002,60
1153056000,U003,63
1153056000,U004,80
1153056000,U005,63
1153056000,U007,77
1153056000,U006,82
1153056000,U008,90
1153056000,U010,64
1153056000,U009,92
1153056000,U012,75
1153056000,U011,94
1153056000,U013,82
1153056000,U014,65
1153056000,U015,106
1153056000,U017,75
1153056000,U016,80
1153056000,U018,89
1153056000,U021,64
1153056000,U020,63
1153056000,U019,98
1153056000,U022,67
1153056000,U025,44
1153056000,U023,88
1153056000,U024,102
1153056000,U026,52
1153056000,U027,81
1153056000,U031,62
1153056000,U030,73
1153056000,U029,86
1153056000,U028,81
1153056000,U032,49
1153056000,U033,65
1153056000,U035,62
1153056000,U036,94
1153056000,U034,91
1153056000,U037,60
1153056000,U038,67
1153056000,U039,61
1153056000,U040,88
1153056000,U042,80
1153056000,U041,99
1153056000,U043,78
1153056000,U044,77
1153056000,U045,93
1153056000,U047,53
1153056000,U046,74
1153056000,V001,65
1153056000,V002,62
1153059500,C001,36
1153059500,C002,83
1153059500,B001,69
1153059500,C003,84
1153059500,C004,88
1153059500,C005,95
1153059500,C007,79
1153059500,C006,81
1153059500,C008,101
1153059500,C009,85
1153059500,E001,61
1153059500,P001,81
1153059500,M001,92
1153059500,P002,75
1153059500,U002,56
1153059500,U001,86
1153059500,U003,69
1153059500,U004,76
1153059500,U005,69
1153059500,U006,85
1153059500,U007,81
1153059500,U009,96
1153059500,U010,82
1153059500,U008,94
1153059500,U012,78
1153059500,U011,98
1153059500,U015,106
1153059500,U014,80
1153059500,U013,86
1153059500,U017,80
1153059500,U016,84
1153059500,U020,88
1153059500,U018,93
1153059500,U019,94
1153059500,U021,59
1153059500,U022,71
1153059500,U023,91
1153059500,U025,44
1153059500,U024,103
1153059500,U026,46
1153059500,U027,84
1153059500,U029,96
1153059500,U030,69
1153059500,U028,85
1153059500,U031,70
1153059500,U032,45
1153059500,U033,69
1153059500,U034,89
1153059500,U035,66
1153059500,U036,85
1153059500,U037,47
1153059500,U038,49
1153059500,U039,65
1153059500,U040,92
1153059500,U041,95
1153059500,U042,84
1153059500,U043,81
1153059500,U044,81
1153059500,U045,96
1153059500,U047,71
1153059500,U046,78
1153059500,V001,61
1153072000,C001,25
1153059500,V002,68
1153072000,B001,86
1153072000,C002,75
1153072000,C003,86
1153072000,C004,91
1153072000,C005,99
1153072000,C006,100
1153072000,C007,86
1153072000,C009,88
1153072000,C008,101
1153072000,P001,62
1153072000,E001,73
1153072000,M001,96
1153072000,P002,71
1153072000,U001,99
1153072000,U002,74
1153072000,U003,75
1153072000,U004,93
1153072000,U005,76
1153072000,U006,89
1153072000,U007,84
1153072000,U010,63
1153072000,U008,97
1153072000,U009,109
1153072000,U011,102
1153072000,U012,92
1153072000,U013,89
1153072000,U014,73
1153072000,U015,113
1153072000,U016,97
1153072000,U017,71
1153072000,U021,72
1153072000,U020,71
1153072000,U018,96
1153072000,U019,105
1153072000,U025,34
1153072000,U022,93
1153072000,U026,40
1153072000,U024,109
1153072000,U023,95
1153072000,U027,88
1153072000,U028,89
1153072000,U031,69
1153072000,U029,93
1153072000,U030,88
1153072000,U032,67
1153072000,U033,72
1153072000,U034,99
1153072000,U035,69
1153072000,U036,97
1153072000,U037,66
1153072000,U038,73
1153072000,U039,80
1153072000,U040,95
1153072000,U041,114
1153072000,U042,87
1153072000,U043,84
1153072000,U044,84
1153072000,U045,100
1153072000,U047,60
1153072000,U046,82
1153072000,V001,80
1153073000,C001,29
1153072000,V002,75
1153073000,B001,91
1153073000,C002,82
1153073000,C003,93
1153073000,C004,95
1153073000,C005,106
1153073000,C007,94
1153073000,C006,106
1153073000,C008,104
1153073000,E001,76
1153073000,P001,64
1153073000,C009,95
1153073000,M001,110
1153073000,P002,86
1153073000,U002,81
1153073000,U001,91
1153073000,U003,82
1153073000,U005,82
1153073000,U004,101
1153073000,U006,93
1153073000,U007,98
1153073000,U008,101
1153073000,U010,65
1153073000,U009,116
1153073000,U011,106
1153073000,U012,100
1153073000,U014,80
1153073000,U015,117
1153073000,U013,103
1153073000,U016,104
1153073000,U017,78
1153073000,U018,100
1153073000,U020,78
1153073000,U019,110
1153073000,U021,85
1153073000,U025,30
1153073000,U022,78
1153073000,U026,35
1153073000,U024,114
1153073000,U023,99
1153073000,U027,92
1153073000,U028,90
1153073000,U030,94
1153073000,U029,100
1153073000,U031,81
1153073000,U032,70
1153073000,U033,79
1153073000,U036,106
1153073000,U034,102
1153073000,U037,75
1153073000,U035,76
1153073000,U038,82
1153073000,U039,87
1153073000,U040,96
1153073000,U042,91
1153073000,U041,120
1153073000,U043,88
1153073000,U047,67
1153073000,U045,104
1153073000,U044,88
1153073000,U046,89
1153073000,V001,87
1153074000,C001,30
1153073000,V002,83
1153074000,B001,75
1153074000,C003,97
1153074000,C002,80
1153074000,C005,89
1153074000,C004,89
1153074000,C006,97
1153074000,C007,82
1153074000,C008,98
1153074000,E001,86
1153074000,P001,59
1153074000,C009,93
1153074000,P002,76
1153074000,M001,98
1153074000,U002,72
1153074000,U003,86
1153074000,U001,83
1153074000,U005,87
1153074000,U004,91
1153074000,U006,87
1153074000,U007,82
1153074000,U010,60
1153074000,U008,95
1153074000,U009,97
1153074000,U012,85
1153074000,U011,99
1153074000,U013,87
1153074000,U015,111
1153074000,U014,77
1153074000,U016,85
1153074000,U017,82
1153074000,U020,69
1153074000,U018,99
1153074000,U019,103
1153074000,U021,74
1153074000,U025,32
1153074000,U022,77
1153074000,U026,30
1153074000,U024,112
1153074000,U023,98
1153074000,U027,91
1153074000,U028,91
1153074000,U030,85
1153074000,U031,72
1153074000,U029,98
1153074000,U032,61
1153074000,U033,77
1153074000,U035,71
1153074000,U034,102
1153074000,U036,105
1153074000,U037,64
1153074000,U038,67
1153074000,U039,70
1153074000,U040,98
1153074000,U041,111
1153074000,U043,81
1153074000,U042,85
1153074000,U044,87
1153074000,U047,65
1153074000,U045,98
1153074000,V001,78
1153074000,U046,81
1153075000,C001,29
1153074000,V002,71
1153075000,C003,77
1153075000,B001,62
1153075000,C002,66
1153075000,C004,81
1153075000,C005,76
1153075000,C007,69
1153075000,C008,90
1153075000,C006,93
1153075000,E001,64
1153075000,C009,71
1153075000,P001,62
1153075000,M001,86
1153075000,P002,61
1153075000,U001,76
1153075000,U002,58
1153075000,U004,86
1153075000,U003,59
1153075000,U005,59
1153075000,U006,79
1153075000,U007,74
1153075000,U010,64
1153075000,U009,89
1153075000,U008,87
1153075000,U012,72
1153075000,U013,79
1153075000,U011,92
1153075000,U014,64
1153075000,U015,103
1153075000,U016,77
1153075000,U017,57
1153075000,U018,86
1153075000,U020,62
1153075000,U021,68
1153075000,U019,95
1153075000,U025,33
1153075000,U026,35
1153075000,U022,65
1153075000,U024,99
1153075000,U023,85
1153075000,U027,78
1153075000,U031,59
1153075000,U030,81
1153075000,U028,78
1153075000,U029,85
1153075000,U032,57
1153075000,U034,89
1153075000,U035,60
1153075000,U033,63
1153075000,U036,90
1153075000,U037,56
1153075000,U038,64
1153075000,U039,60
1153075000,U042,77
1153075000,U040,85
1153075000,U041,93
1153075000,U043,74
1153075000,U045,90
1153075000,U044,74
1153075000,U046,73
1153075000,U047,55
1153075000,V001,73
1153076000,C001,36
1153075000,V002,59
1153076000,B001,68
1153076000,C002,73
1153076000,C003,84
1153076000,C005,82
1153076000,C004,88
1153076000,C006,96
1153076000,C007,75
1153076000,C008,97
1153076000,P001,68
1153076000,E001,70
1153076000,C009,78
1153076000,M001,92
1153076000,P002,68
1153076000,U002,71
1153076000,U003,65
1153076000,U001,83
1153076000,U004,91
1153076000,U005,66
1153076000,U006,85
1153076000,U007,81
1153076000,U009,96
1153076000,U008,94
1153076000,U010,69
1153076000,U012,78
1153076000,U011,98
1153076000,U013,86
1153076000,U014,70
1153076000,U015,109
1153076000,U017,64
1153076000,U016,83
1153076000,U018,93
1153076000,U020,68
1153076000,U019,101
1153076000,U021,69
1153076000,U025,39
1153076000,U022,71
1153076000,U023,91
1153076000,U026,40
1153076000,U024,106
1153076000,U027,84
1153076000,U028,85
1153076000,U030,84
1153076000,U031,65
1153076000,U029,92
1153076000,U032,60
1153076000,U033,70
1153076000,U034,96
1153076000,U035,66
1153076000,U036,96
1153076000,U037,62
1153076000,U038,64
1153076000,U039,66
1153076000,U040,89
1153076000,U042,84
1153076000,U041,110
1153076000,U043,80
1153076000,U044,80
1153076000,U045,96
1153076000,U047,61
1153076000,V001,76
1153076000,U046,80
1153077000,C001,30
1153076000,V002,65
1153077000,C003,81
1153077000,C002,71
1153077000,B001,66
1153077000,C004,85
1153077000,C005,81
1153077000,C007,73
1153077000,C006,90
1153077000,C008,95
1153077000,C009,84
1153077000,P001,62
1153077000,E001,69
1153077000,M001,90
1153077000,P002,67
1153077000,U002,71
1153077000,U003,75
1153077000,U001,80
1153077000,U004,90
1153077000,U005,76
1153077000,U007,78
1153077000,U006,83
1153077000,U008,92
1153077000,U010,63
1153077000,U009,94
1153077000,U012,76
1153077000,U011,96
1153077000,U013,83
1153077000,U015,107
1153077000,U014,69
1153077000,U016,81
1153077000,U017,63
1153077000,U021,68
1153077000,U018,91
1153077000,U020,67
1153077000,U019,99
1153077000,U025,31
1153077000,U026,25
1153077000,U022,69
1153077000,U024,103
1153077000,U023,89
1153077000,U027,82
1153077000,U028,83
1153077000,U030,84
1153077000,U031,63
1153077000,U029,90
1153077000,U032,60
1153077000,U033,68
1153077000,U035,65
1153077000,U034,95
1153077000,U036,95
1153077000,U037,61
1153077000,U038,69
1153077000,U039,65
1153077000,U040,89
1153077000,U041,109
1153077000,U042,81
1153077000,U043,81
1153077000,U044,78
1153077000,U045,94
1153077000,V001,76
1153077000,U046,78
1153077000,U047,60
1153077000,V002,63
1153078000,C001,38
1153078000,B001,74
1153078000,C002,78
1153078000,C003,96
1153078000,C004,93
1153078000,C006,87
1153078000,C005,88
1153078000,C007,85
1153078000,C008,103
1153078000,E001,67
1153078000,C009,91
1153078000,P001,77
1153078000,M001,105
1153078000,P002,81
1153078000,U002,62
1153078000,U001,93
1153078000,U003,82
1153078000,U004,82
1153078000,U005,75
1153078000,U006,91
1153078000,U007,86
1153078000,U010,78
1153078000,U009,106
1153078000,U008,100
1153078000,U011,104
1153078000,U015,113
1153078000,U014,75
1153078000,U012,84
1153078000,U013,105
1153078000,U016,89
1153078000,U017,69
1153078000,U019,101
1153078000,U018,106
1153078000,U020,74
1153078000,U021,69
1153078000,U026,35
1153078000,U022,77
1153078000,U024,109
1153078000,U025,39
1153078000,U023,97
1153078000,U030,75
1153078000,U027,90
1153078000,U029,102
1153078000,U028,97
1153078000,U031,71
1153078000,U034,95
1153078000,U032,51
1153078000,U033,75
1153078000,U035,72
1153078000,U036,91
1153078000,U037,53
1153078000,U039,72
1153078000,U038,56
1153078000,U040,95
1153078000,U041,101
1153078000,U043,91
1153078000,U042,89
1153078000,U044,86
1153078000,U045,102
1153078000,U046,85
1153078000,U047,66
1153078000,V001,67
1153078000,V002,75
1153079000,C001,45
1153079000,B001,75
1153079000,C002,80
1153079000,C003,90
1153079000,C005,90
1153079000,C004,94
1153079000,C006,99
1153079000,C007,82
1153079000,C008,104
1153079000,E001,78
1153079000,P001,66
1153079000,C009,93
1153079000,M001,99
1153079000,P002,76
1153079000,U002,74
1153079000,U001,89
1153079000,U003,73
1153079000,U004,94
1153079000,U005,73
1153079000,U006,92
1153079000,U007,87
1153079000,U009,103
1153079000,U010,67
1153079000,U008,101
1153079000,U012,85
1153079000,U011,105
1153079000,U013,92
1153079000,U014,78
1153079000,U015,116
1153079000,U016,90
1153079000,U017,72
1153079000,U018,100
1153079000,U019,108
1153079000,U020,76
1153079000,U021,77
1153079000,U026,37
1153079000,U022,78
1153079000,U025,44
1153079000,U024,112
1153079000,U023,98
1153079000,U027,91
1153079000,U030,87
1153079000,U029,99
1153079000,U028,92
1153079000,U031,72
1153079000,U032,63
1153079000,U034,104
1153079000,U033,77
1153079000,U035,74
1153079000,U036,103
1153079000,U037,65
1153079000,U038,67
1153079000,U039,74
1153079000,U041,113
1153079000,U040,98
1153079000,U043,90
1153079000,U042,90
1153079000,U044,87
1153079000,U046,87
1153079000,U045,103
1153079000,U047,69
1153079000,V001,79
1153079000,V002,72
1153080000,C001,39
1153080000,B001,75
1153080000,C002,82
1153080000,C003,91
1153080000,C004,95
1153080000,C005,90
1153080000,C006,91
1153080000,C007,88
1153080000,C008,104
1153080000,E001,71
1153080000,C009,95
1153080000,P001,77
1153080000,M001,108
1153080000,P002,84
1153080000,U002,66
1153080000,U001,90
1153080000,U004,86
1153080000,U003,84
1153080000,U005,85
1153080000,U006,92
1153080000,U007,88
1153080000,U008,101
1153080000,U009,103
1153080000,U010,78
1153080000,U011,105
1153080000,U012,88
1153080000,U014,79
1153080000,U013,93
1153080000,U015,116
1153080000,U017,73
1153080000,U016,90
1153080000,U020,76
1153080000,U018,100
1153080000,U019,104
1153080000,U021,81
1153080000,U026,27
1153080000,U025,40
1153080000,U024,113
1153080000,U022,78
1153080000,U023,98
1153080000,U027,91
1153080000,U030,79
1153080000,U029,106
1153080000,U031,72
1153080000,U028,92
1153080000,U032,55
1153080000,U033,79
1153080000,U034,98
1153080000,U036,95
1153080000,U035,75
1153080000,U037,57
1153080000,U038,59
1153080000,U039,75
1153080000,U040,96
1153080000,U041,104
1153080000,U043,94
1153080000,U042,91
1153080000,U044,87
1153080000,U045,103
1153080000,V001,71
1153080000,U047,70
1153080000,U046,88
1153080000,V002,78
1154551000,C001,47
1154551000,C003,79
1154551000,B001,64
1154551000,C002,69
1154551000,C005,85
1154551000,C004,83
1154551000,C006,85
1154551000,C007,71
1154551000,C008,92
1154551000,E001,65
1154551000,C009,82
1154551000,P001,81
1154551000,M001,88
1154551000,P002,65
1154551000,U002,60
1154551000,U001,78
1154551000,U003,62
1154551000,U004,80
1154551000,U005,62
1154551000,U007,76
1154551000,U006,81
1154551000,U008,89
1154551000,U009,91
1154551000,U010,83
1154551000,U012,82
1154551000,U011,94
1154551000,U015,110
1154551000,U014,67
1154551000,U013,81
1154551000,U017,60
1154551000,U016,79
1154551000,U018,88
1154551000,U020,75
1154551000,U019,98
1154551000,U021,66
1154551000,U022,66
1154551000,U025,53
1154551000,U026,47
1154551000,U023,87
1154551000,U024,107
1154551000,U027,80
1154551000,U030,73
1154551000,U028,80
1154551000,U029,87
1154551000,U031,61
1154551000,U032,49
1154551000,U034,92
1154551000,U036,89
1154551000,U035,63
1154551000,U033,66
1154551000,U037,51
1154551000,U038,53
1154551000,U039,63
1154551000,U040,85
1154551000,U041,99
1154551000,U042,79
1154551000,U043,77
1154551000,U044,76
1154551000,U045,92
1154551000,U047,58
1154551000,U046,76
1154551000,V001,65
1154551000,V002,61
1154561000,B001,67
1154561000,C001,60
1154561000,C003,82
1154561000,C002,72
1154561000,C005,81
1154561000,C006,87
1154561000,C004,86
1154561000,C007,74
1154561000,C008,95
1154561000,C009,85
1154561000,E001,62
1154561000,P001,73
1154561000,M001,90
1154561000,P002,68
1154561000,U002,62
1154561000,U001,81
1154561000,U003,65
1154561000,U004,82
1154561000,U005,65
1154561000,U006,84
1154561000,U007,79
1154561000,U009,94
1154561000,U008,92
1154561000,U010,72
1154561000,U012,77
1154561000,U011,96
1154561000,U015,108
1154561000,U014,69
1154561000,U013,84
1154561000,U016,82
1154561000,U017,63
1154561000,U018,91
1154561000,U019,100
1154561000,U021,66
1154561000,U020,67
1154561000,U022,69
1154561000,U026,57
1154561000,U025,56
1154561000,U023,90
1154561000,U024,104
1154561000,U027,83
1154561000,U030,75
1154561000,U028,83
1154561000,U031,64
1154561000,U029,90
1154561000,U032,51
1154561000,U033,69
1154561000,U034,88
1154561000,U035,66
1154561000,U036,96
1154561000,U037,53
1154561000,U038,55
1154561000,U039,65
1154561000,U040,90
1154561000,U041,101
1154561000,U042,82
1154561000,U043,80
1154561000,U044,79
1154561000,U045,95
1154561000,U046,78
1154561000,U047,60
1154561000,V001,67
1154561000,V002,64
1154562000,C001,59
1154562000,B001,101
1154562000,C003,89
1154562000,C002,78
1154562000,C005,99
1154562000,C004,98
1154562000,C006,97
1154562000,C007,92
1154562000,C008,107
1154562000,E001,65
1154562000,C009,91
1154562000,P001,76
1154562000,P002,83
1154562000,M001,103
1154562000,U002,79
1154562000,U001,87
1154562000,U003,74
1154562000,U005,74
1154562000,U004,90
1154562000,U006,104
1154562000,U007,91
1154562000,U008,104
1154562000,U009,113
1154562000,U010,88
1154562000,U011,109
1154562000,U012,95
1154562000,U014,76
1154562000,U013,96
1154562000,U015,120
1154562000,U016,100
1154562000,U017,69
1154562000,U018,100
1154562000,U020,74
1154562000,U019,110
1154562000,U021,64
1154562000,U022,82
1154562000,U025,59
1154562000,U024,116
1154562000,U023,102
1154562000,U026,59
1154562000,U027,97
1154562000,U030,85
1154562000,U028,91
1154562000,U029,96
1154562000,U031,75
1154562000,U032,61
1154562000,U033,75
1154562000,U034,91
1154562000,U035,72
1154562000,U036,105
1154562000,U037,69
1154562000,U038,64
1154562000,U039,72
1154562000,U040,108
1154562000,U041,110
1154562000,U043,92
1154562000,U042,94
1154562000,U044,86
1154562000,U045,107
1154562000,U046,85
1154562000,U047,63
1154562000,V001,77
1154562000,V002,81
1154563000,B001,71
1154563000,C001,46
1154563000,C002,69
1154563000,C003,80
1154563000,C004,87
1154563000,C005,79
1154563000,C007,95
1154563000,C006,89
1154563000,C008,96
1154563000,E001,56
1154563000,C009,82
1154563000,P001,67
1154563000,P002,69
1154563000,M001,93
1154563000,U002,69
1154563000,U001,78
1154563000,U003,66
1154563000,U004,83
1154563000,U005,67
1154563000,U007,82
1154563000,U006,85
1154563000,U010,74
1154563000,U008,93
1154563000,U009,97
1154563000,U012,79
1154563000,U013,87
1154563000,U011,98
1154563000,U014,67
1154563000,U015,114
1154563000,U016,84
1154563000,U017,60
1154563000,U018,91
1154563000,U020,65
1154563000,U021,53
1154563000,U019,101
1154563000,U022,73
1154563000,U025,55
1154563000,U024,102
1154563000,U023,91
1154563000,U026,56
1154563000,U027,90
1154563000,U030,77
1154563000,U028,82
1154563000,U031,66
1154563000,U029,87
1154563000,U032,51
1154563000,U033,66
1154563000,U034,82
1154563000,U035,63
1154563000,U036,93
1154563000,U037,61
1154563000,U038,53
1154563000,U039,63
1154563000,U040,89
1154563000,U041,103
1154563000,U042,83
1154563000,U043,79
1154563000,U044,77
1154563000,U047,54
1154563000,U045,95
1154563000,U046,76
1154563000,V001,69
1154563000,V002,84
1154564000,C001,50
1154564000,B001,75
1154564000,C003,84
1154564000,C002,73
1154564000,C005,82
1154564000,C004,91
1154564000,C007,99
1154564000,C006,93
1154564000,C008,100
1154564000,E001,60
1154564000,C009,86
1154564000,P001,71
1154564000,M001,97
1154564000,P002,73
1154564000,U002,72
1154564000,U001,81
1154564000,U004,86
1154564000,U003,69
1154564000,U005,70
1154564000,U007,85
1154564000,U006,88
1154564000,U010,95
1154564000,U008,97
1154564000,U009,100
1154564000,U012,83
1154564000,U011,102
1154564000,U013,90
1154564000,U015,118
1154564000,U014,70
1154564000,U016,88
1154564000,U017,64
1154564000,U020,68
1154564000,U018,94
1154564000,U019,104
1154564000,U021,57
1154564000,U022,77
1154564000,U023,94
1154564000,U025,51
1154564000,U024,105
1154564000,U026,60
1154564000,U027,93
1154564000,U029,90
1154564000,U030,81
1154564000,U028,85
1154564000,U031,75
1154564000,U032,55
1154564000,U035,67
1154564000,U034,85
1154564000,U036,97
1154564000,U033,70
1154564000,U037,64
1154564000,U038,57
1154564000,U039,66
1154564000,U040,91
1154564000,U041,106
1154564000,U042,87
1154564000,U043,82
1154564000,U044,80
1154564000,U047,57
1154564000,U045,97
1154564000,U046,79
1154564000,V001,73
1154564000,V002,88
1154567000,C001,62
1154567000,B001,69
1154567000,C002,81
1154567000,C003,73
1154567000,C005,101
1154567000,C004,89
1154567000,C006,90
1154567000,C007,66
1154567000,C008,98
1154567000,E001,68
1154567000,P001,76
1154567000,C009,94
1154567000,M001,93
1154567000,P002,70
1154567000,U002,64
1154567000,U001,84
1154567000,U003,77
1154567000,U004,84
1154567000,U005,77
1154567000,U006,87
1154567000,U008,95
1154567000,U009,87
1154567000,U010,91
1154567000,U007,82
1154567000,U011,99
1154567000,U012,69
1154567000,U015,111
1154567000,U014,78
1154567000,U013,86
1154567000,U017,72
1154567000,U016,84
1154567000,U018,87
1154567000,U019,103
1154567000,U022,72
1154567000,U020,76
1154567000,U021,68
1154567000,U023,89
1154567000,U024,107
1154567000,U025,61
1154567000,U026,62
1154567000,U027,85
1154567000,U029,93
1154567000,U028,86
1154567000,U030,78
1154567000,U031,81
1154567000,U032,54
1154567000,U033,78
1154567000,U034,93
1154567000,U035,75
1154567000,U036,108
1154567000,U037,71
1154567000,U038,68
1154567000,U039,74
1154567000,U040,89
1154567000,U042,85
1154567000,U041,103
1154567000,U043,82
1154567000,U044,81
1154567000,U047,65
1154567000,V001,70
1154567000,U046,87
1154567000,U045,97
1154567000,V002,56
1154568000,B001,82
1154568000,C003,86
1154568000,C001,75
1154568000,C002,87
1154568000,C004,102
1154568000,C005,85
1154568000,C006,104
1154568000,C007,79
1154568000,C008,111
1154568000,C009,104
1154568000,P001,89
1154568000,E001,70
1154568000,M001,106
1154568000,P002,93
1154568000,U001,97
1154568000,U002,68
1154568000,U003,74
1154568000,U004,99
1154568000,U005,80
1154568000,U007,95
1154568000,U006,100
1154568000,U010,85
1154568000,U008,108
1154568000,U009,100
1154568000,U011,112
1154568000,U012,82
1154568000,U015,124
1154568000,U014,85
1154568000,U013,99
1154568000,U016,97
1154568000,U017,79
1154568000,U021,48
1154568000,U019,116
1154568000,U018,100
1154568000,U020,88
1154568000,U022,85
1154568000,U025,74
1154568000,U024,120
1154568000,U023,106
1154568000,U026,75
1154568000,U027,98
1154568000,U030,92
1154568000,U029,106
1154568000,U028,99
1154568000,U031,79
1154568000,U032,62
1154568000,U033,85
1154568000,U034,96
1154568000,U035,81
1154568000,U036,104
1154568000,U037,66
1154568000,U038,70
1154568000,U039,81
1154568000,U040,102
1154568000,U041,118
1154568000,U042,98
1154568000,U043,100
1154568000,U044,94
1154568000,U045,110
1154568000,U047,77
1154568000,U046,97
1154568000,V001,84
1154568000,V002,69
1154569000,B001,77
1154569000,C001,67
1154569000,C002,86
1154569000,C003,92
1154569000,C005,106
1154569000,C004,96
1154569000,C007,83
1154569000,C006,104
1154569000,C008,105
1154569000,E001,73
1154569000,C009,99
1154569000,P001,84
1154569000,M001,100
1154569000,P002,77
1154569000,U002,79
1154569000,U001,94
1154569000,U003,82
1154569000,U004,99
1154569000,U005,82
1154569000,U006,93
1154569000,U007,89
1154569000,U009,104
1154569000,U010,96
1154569000,U008,102
1154569000,U012,87
1154569000,U011,106
1154569000,U014,83
1154569000,U013,94
1154569000,U015,117
1154569000,U017,77
1154569000,U016,91
1154569000,U018,101
1154569000,U020,81
1154569000,U021,73
1154569000,U019,109
1154569000,U022,79
1154569000,U026,59
1154569000,U024,114
1154569000,U023,99
1154569000,U025,66
1154569000,U027,92
1154569000,U030,92
1154569000,U028,93
1154569000,U029,104
1154569000,U031,73
1154569000,U032,68
1154569000,U033,83
1154569000,U034,99
1154569000,U035,80
1154569000,U036,113
1154569000,U037,76
1154569000,U038,73
1154569000,U039,79
1154569000,U040,97
1154569000,U042,92
1154569000,U041,118
1154569000,U043,99
1154569000,U044,88
1154569000,U047,71
1154569000,U045,104
1154569000,U046,92
1154569000,V001,84
1154569000,V002,73
1154570000,C001,61
1154570000,B001,86
1154570000,C002,84
1154570000,C003,95
1154570000,C004,102
1154570000,C005,93
1154570000,C006,104
1154570000,C007,110
1154570000,C008,111
1154570000,E001,71
1154570000,C009,97
1154570000,P001,82
1154570000,M001,108
1154570000,P002,84
1154570000,U002,83
1154570000,U001,92
1154570000,U003,80
1154570000,U004,97
1154570000,U005,81
1154570000,U006,100
1154570000,U007,96
1154570000,U010,89
1154570000,U008,108
1154570000,U009,111
1154570000,U011,113
1154570000,U012,94
1154570000,U014,81
1154570000,U015,129
1154570000,U013,101
1154570000,U017,75
1154570000,U016,99
1154570000,U018,105
1154570000,U021,68
1154570000,U020,79
1154570000,U019,115
1154570000,U022,87
1154570000,U025,62
1154570000,U026,70
1154570000,U024,117
1154570000,U023,105
1154570000,U027,99
1154570000,U030,92
1154570000,U028,96
1154570000,U032,66
1154570000,U029,101
1154570000,U031,80
1154570000,U033,81
1154570000,U034,96
1154570000,U035,77
1154570000,U037,75
1154570000,U036,108
1154570000,U038,68
1154570000,U039,77
1154570000,U040,111
1154570000,U042,98
1154570000,U041,117
1154570000,U043,93
1154570000,U044,92
1154570000,U045,109
1154570000,U047,68
1154570000,U046,90
1154570000,V001,84
1154570000,V002,99
1154571000,C001,69
1154571000,B001,81
1154571000,C003,84
1154571000,C002,87
1154571000,C005,109
1154571000,C004,100
1154571000,C007,78
1154571000,C006,103
1154571000,C008,110
1154571000,E001,74
1154571000,C009,100
1154571000,P001,85
1154571000,M001,105
1154571000,P002,82
1154571000,U002,88
1154571000,U001,95
1154571000,U003,84
1154571000,U004,98
1154571000,U005,84
1154571000,U006,98
1154571000,U007,93
1154571000,U008,107
1154571000,U010,98
1154571000,U009,98
1154571000,U012,81
1154571000,U011,111
1154571000,U013,98
1154571000,U014,84
1154571000,U015,122
1154571000,U016,96
1154571000,U017,78
1154571000,U020,82
1154571000,U019,114
1154571000,U021,72
1154571000,U018,98
1154571000,U022,83
1154571000,U025,68
1154571000,U023,104
1154571000,U024,118
1154571000,U026,65
1154571000,U027,97
1154571000,U028,97
1154571000,U030,91
1154571000,U029,104
1154571000,U031,78
1154571000,U032,69
1154571000,U033,84
1154571000,U034,100
1154571000,U035,81
1154571000,U036,115
1154571000,U037,79
1154571000,U038,73
1154571000,U039,80
1154571000,U040,101
1154571000,U042,97
1154571000,U041,117
1154571000,U043,94
1154571000,U044,93
1154571000,U047,71
1154571000,U045,109
1154571000,V001,83
1154571000,U046,93
1154571000,V002,68
1156051500,C001,41
1156051500,B001,52
1156051500,C002,67
1156051500,C003,61
1156051500,C004,72
1156051500,C005,61
1156051500,C007,55
1156051500,C006,91
1156051500,C008,81
1156051500,C009,70
1156051500,P001,59
1156051500,P002,53
1156051500,E001,60
1156051500,M001,76
1156051500,U002,49
1156051500,U001,67
1156051500,U003,50
1156051500,U004,77
1156051500,U005,50
1156051500,U007,65
1156051500,U006,69
1156051500,U010,59
1156051500,U009,80
1156051500,U008,78
1156051500,U012,58
1156051500,U011,82
1156051500,U013,70
1156051500,U014,64
1156051500,U015,93
1156051500,U017,58
1156051500,U016,67
1156051500,U018,77
1156051500,U019,85
1156051500,U020,63
1156051500,U021,59
1156051500,U022,55
1156051500,U025,53
1156051500,U023,75
1156051500,U024,90
1156051500,U026,47
1156051500,U027,68
1156051500,U028,69
1156051500,U030,70
1156051500,U029,76
1156051500,U031,49
1156051500,U033,62
1156051500,U032,46
1156051500,U034,86
1156051500,U036,81
1156051500,U035,56
1156051500,U037,47
1156051500,U038,55
1156051500,U039,56
1156051500,U040,76
1156051500,U041,84
1156051500,U042,68
1156051500,U043,65
1156051500,U044,64
1156051500,U045,80
1156051500,U046,64
1156051500,U047,55
1156051500,V001,62
1156051500,V002,45
1156053500,B001,56
1156053500,C002,57
1156053500,C006,75
1156053500,C005,64
1156053500,C003,59
1156053500,C004,73
1156053500,C001,40
1156053500,C009,64
1156053500,C007,60
1156053500,M001,73
1156053500,E001,49
1156053500,P001,48
1156053500,P002,50
1156053500,U002,48
1156053500,U003,44
1156053500,U004,74
1156053500,U005,44
1156053500,U006,71
1156053500,U001,62
1156053500,U007,62
1156053500,U010,53
1156053500,U008,80
1156053500,U009,71
1156053500,U011,81
1156053500,C008,83
1156053500,U012,62
1156053500,U013,67
1156053500,U017,55
1156053500,U014,55
1156053500,U016,59
1156053500,U015,87
1156053500,U020,53
1156053500,U021,63
1156053500,U018,75
1156053500,U019,83
1156053500,U022,50
1156053500,U024,84
1156053500,U025,53
1156053500,U023,75
1156053500,U027,66
1156053500,U026,56
1156053500,U030,67
1156053500,U028,66
1156053500,U029,71
1156053500,U031,45
1156053500,U032,56
1156053500,U033,61
1156053500,U035,52
1156053500,U034,82
1156053500,U036,75
1156053500,U037,53
1156053500,U038,61
1156053500,U039,52
1156053500,U040,71
1156053500,U042,70
1156053500,U041,89
1156053500,U043,78
1156053500,U044,62
1156053500,U045,78
1156053500,U046,61
1156053500,U047,46
1156053500,V001,59
1156053500,V002,52
1156054000,B001,57
1156054000,C001,48
1156054000,C003,55
1156054000,C002,71
1156054000,C005,60
1156054000,C004,83
1156054000,C006,71
1156054000,C007,56
1156054000,C008,79
1156054000,C009,60
1156054000,E001,49
1156054000,M001,70
1156054000,P001,56
1156054000,P002,46
1156054000,U002,48
1156054000,U001,58
1156054000,U003,40
1156054000,U004,70
1156054000,U005,40
1156054000,U007,58
1156054000,U006,67
1156054000,U008,76
1156054000,U010,54
1156054000,U009,68
1156054000,U012,62
1156054000,U011,77
1156054000,U013,63
1156054000,U014,68
1156054000,U015,83
1156054000,U017,42
1156054000,U016,55
1156054000,U018,71
1156054000,U019,79
1156054000,U020,56
1156054000,U021,73
1156054000,U022,46
1156054000,U023,71
1156054000,U024,80
1156054000,U025,61
1156054000,U026,64
1156054000,U027,71
1156054000,U028,62
1156054000,U030,63
1156054000,U031,40
1156054000,U029,67
1156054000,U032,58
1156054000,U036,71
1156054000,U035,51
1156054000,U037,49
1156054000,U034,78
1156054000,U033,54
1156054000,U038,55
1156054000,U039,49
1156054000,U042,66
1156054000,U040,67
1156054000,U041,85
1156054000,U043,74
1156054000,U044,58
1156054000,U047,41
1156054000,U045,74
1156054000,U046,57
1156054000,V001,59
1156054000,V002,45
1156055000,B001,54
1156055000,C001,44
1156055000,C002,52
1156055000,C003,59
1156055000,C004,72
1156055000,C005,62
1156055000,C006,75
1156055000,C007,61
1156055000,C008,82
1156055000,E001,58
1156055000,C009,65
1156055000,P001,45
1156055000,M001,74
1156055000,P002,50
1156055000,U002,49
1156055000,U001,61
1156055000,U003,44
1156055000,U004,72
1156055000,U005,44
1156055000,U006,70
1156055000,U007,62
1156055000,U010,44
1156055000,U008,78
1156055000,U009,72
1156055000,U012,62
1156055000,U011,81
1156055000,U013,67
1156055000,U014,58
1156055000,U015,87
1156055000,U016,59
1156055000,U017,43
1156055000,U020,48
1156055000,U018,73
1156055000,U021,57
1156055000,U019,83
1156055000,U022,51
1156055000,U024,84
1156055000,U023,75
1156055000,U025,58
1156055000,U026,49
1156055000,U027,66
1156055000,U028,65
1156055000,U029,70
1156055000,U030,67
1156055000,U031,45
1156055000,U032,58
1156055000,U033,49
1156055000,U035,46
1156055000,U034,81
1156055000,U036,75
1156055000,U037,56
1156055000,U038,52
1156055000,U039,46
1156055000,U040,71
1156055000,U041,80
1156055000,U043,66
1156055000,U042,68
1156055000,U044,60
1156055000,U045,77
1156055000,U046,59
1156055000,U047,37
1156055000,V001,66
1156055000,V002,51
1156056000,B001,50
1156056000,C001,51
1156056000,C002,48
1156056000,C003,59
1156056000,C005,58
1156056000,C004,68
1156056000,C006,75
1156056000,C007,57
1156056000,C008,78
1156056000,E001,45
1156056000,C009,61
1156056000,P001,51
1156056000,M001,72
1156056000,P002,48
1156056000,U002,44
1156056000,U001,57
1156056000,U003,43
1156056000,U004,68
1156056000,U005,43
1156056000,U007,60
1156056000,U006,66
1156056000,U008,74
1156056000,U010,48
1156056000,U012,58
1156056000,U009,70
1156056000,U014,45
1156056000,U013,65
1156056000,U011,77
1156056000,U016,63
1156056000,U015,86
1156056000,U017,39
1156056000,U018,69
1156056000,U020,44
1156056000,U021,57
1156056000,U019,81
1156056000,U022,52
1156056000,U024,82
1156056000,U023,72
1156056000,U025,50
1156056000,U026,49
1156056000,U027,62
1156056000,U030,63
1156056000,U028,61
1156056000,U029,66
1156056000,U031,43
1156056000,U032,45
1156056000,U033,45
1156056000,U035,42
1156056000,U036,72
1156056000,U037,45
1156056000,U034,77
1156056000,U039,42
1156056000,U038,53
1156056000,U040,69
1156056000,U041,77
1156056000,U042,64
1156056000,U043,60
1156056000,U044,56
1156056000,U045,73
1156056000,U047,33
1156056000,U046,55
1156056000,V001,53
1156056000,V002,47
1156058500,C001,35
1156058500,B001,71
1156058500,C002,66
1156058500,C003,77
1156058500,C004,78
1156058500,C005,75
1156058500,C007,73
1156058500,C006,78
1156058500,C008,87
1156058500,C009,79
1156058500,E001,63
1156058500,P001,60
1156058500,M001,83
1156058500,P002,66
1156058500,U001,74
1156058500,U002,53
1156058500,U003,57
1156058500,U004,73
1156058500,U005,57
1156058500,U006,76
1156058500,U007,71
1156058500,U010,72
1156058500,U009,87
1156058500,U008,84
1156058500,U012,76
1156058500,U011,89
1156058500,U013,76
1156058500,U014,63
1156058500,U015,100
1156058500,U016,81
1156058500,U017,57
1156058500,U018,87
1156058500,U020,61
1156058500,U021,66
1156058500,U019,91
1156058500,U022,69
1156058500,U024,96
1156058500,U025,48
1156058500,U023,82
1156058500,U026,51
1156058500,U027,75
1156058500,U030,66
1156058500,U029,83
1156058500,U028,78
1156058500,U031,56
1156058500,U032,42
1156058500,U033,63
1156058500,U034,89
1156058500,U035,60
1156058500,U036,82
1156058500,U037,48
1156058500,U038,46
1156058500,U039,59
1156058500,U040,88
1156058500,U041,91
1156058500,U042,74
1156058500,U043,71
1156058500,U044,71
1156058500,U045,87
1156058500,U046,72
1156058500,U047,50
1156058500,V001,58
1156058500,V002,62
1156060500,B001,58
1156060500,C001,40
1156060500,C002,56
1156060500,C003,67
1156060500,C004,76
1156060500,C005,65
1156060500,C007,65
1156060500,C006,83
1156060500,C008,85
1156060500,E001,59
1156060500,C009,69
1156060500,P002,56
1156060500,P001,54
1156060500,M001,80
1156060500,U001,64
1156060500,U002,56
1156060500,U004,76
1156060500,U003,53
1156060500,U005,53
1156060500,U007,68
1156060500,U010,53
1156060500,U006,74
1156060500,U008,82
1156060500,U009,77
1156060500,U012,66
1156060500,U013,73
1156060500,U011,85
1156060500,U014,53
1156060500,U015,94
1156060500,U016,71
1156060500,U017,47
1156060500,U018,77
1156060500,U020,51
1156060500,U021,58
1156060500,U019,89
1156060500,U022,60
1156060500,U023,80
1156060500,U024,90
1156060500,U025,52
1156060500,U026,56
1156060500,U027,70
1156060500,U029,74
1156060500,U030,71
1156060500,U028,69
1156060500,U031,51
1156060500,U032,51
1156060500,U033,53
1156060500,U034,85
1156060500,U035,50
1156060500,U036,80
1156060500,U037,54
1156060500,U038,53
1156060500,U039,49
1156060500,U040,77
1156060500,U041,84
1156060500,U042,72
1156060500,U043,70
1156060500,U044,64
1156060500,U045,81
1156060500,U046,62
1156060500,U047,41
1156060500,V001,67
1156060500,V002,54
1156061000,B001,56
1156061000,C001,51
1156061000,C002,67
1156061000,C003,59
1156061000,C004,74
1156061000,C005,65
1156061000,C007,60
1156061000,C006,76
1156061000,C008,84
1156061000,C009,65
1156061000,E001,50
1156061000,P001,43
1156061000,M001,74
1156061000,P002,51
1156061000,U001,63
1156061000,U002,49
1156061000,U003,44
1156061000,U005,45
1156061000,U004,75
1156061000,U007,63
1156061000,U006,72
1156061000,U010,41
1156061000,U008,81
1156061000,U009,72
1156061000,U012,63
1156061000,U011,82
1156061000,U014,60
1156061000,U013,68
1156061000,U015,88
1156061000,U016,60
1156061000,U017,47
1156061000,U018,76
1156061000,U020,60
1156061000,U021,61
1156061000,U019,84
1156061000,U022,51
1156061000,U024,84
1156061000,U025,64
1156061000,U023,75
1156061000,U026,57
1156061000,U027,67
1156061000,U028,67
1156061000,U030,68
1156061000,U029,72
1156061000,U031,46
1156061000,U032,56
1156061000,U033,62
1156061000,U034,83
1156061000,U035,50
1156061000,U036,75
1156061000,U037,46
1156061000,U038,56
1156061000,U039,49
1156061000,U040,72
1156061000,U041,90
1156061000,U042,70
1156061000,U043,78
1156061000,U044,63
1156061000,U045,79
1156061000,U047,46
1156061000,U046,62
1156061000,V001,60
1156061000,V002,53
1156062000,B001,59
1156062000,C001,56
1156062000,C003,67
1156062000,C002,54
1156062000,C005,65
1156062000,C004,98
1156062000,C007,82
1156062000,C006,81
1156062000,C008,85
1156062000,C009,70
1156062000,E001,53
1156062000,P001,47
1156062000,M001,78
1156062000,P002,54
1156062000,U001,66
1156062000,U002,52
1156062000,U003,57
1156062000,U004,77
1156062000,U005,58
1156062000,U006,75
1156062000,U007,67
1156062000,U010,45
1156062000,U008,81
1156062000,U009,83
1156062000,U012,65
1156062000,U013,71
1156062000,U011,85
1156062000,U014,51
1156062000,U016,79
1156062000,U015,92
1156062000,U017,47
1156062000,U019,87
1156062000,U018,78
1156062000,U020,50
1156062000,U021,66
1156062000,U022,61
1156062000,U023,82
1156062000,U024,88
1156062000,U025,69
1156062000,U026,73
1156062000,U027,87
1156062000,U030,72
1156062000,U028,73
1156062000,U029,75
1156062000,U031,49
1156062000,U032,57
1156062000,U035,56
1156062000,U033,57
1156062000,U034,86
1156062000,U037,54
1156062000,U036,86
1156062000,U039,57
1156062000,U038,64
1156062000,U040,74
1156062000,U042,74
1156062000,U041,85
1156062000,U043,68
1156062000,U044,68
1156062000,U047,42
1156062000,U045,83
1156062000,V001,68
1156062000,U046,63
1156062000,V002,71
1156063000,B001,54
1156063000,C001,47
1156063000,C003,69
1156063000,C002,73
1156063000,C004,73
1156063000,C005,81
1156063000,C007,64
1156063000,C006,81
1156063000,C008,82
1156063000,C009,71
1156063000,E001,48
1156063000,P001,67
1156063000,M001,77
1156063000,P002,54
1156063000,U001,68
1156063000,U002,59
1156063000,U003,48
1156063000,U004,72
1156063000,U005,48
1156063000,U007,66
1156063000,U006,70
1156063000,U009,88
1156063000,U010,65
1156063000,U008,79
1156063000,U012,70
1156063000,U011,83
1156063000,U013,71
1156063000,U014,72
1156063000,U015,94
1156063000,U016,75
1156063000,U017,59
1156063000,U018,78
1156063000,U020,63
1156063000,U021,56
1156063000,U019,86
1156063000,U022,56
1156063000,U023,76
1156063000,U025,57
1156063000,U024,91
1156063000,U026,57
1156063000,U027,69
1156063000,U030,66
1156063000,U028,70
1156063000,U031,55
1156063000,U029,77
1156063000,U032,41
1156063000,U033,75
1156063000,U035,70
1156063000,U037,40
1156063000,U034,76
1156063000,U036,79
1156063000,U038,47
1156063000,U039,60
1156063000,U040,77
1156063000,U041,94
1156063000,U042,69
1156063000,U043,63
1156063000,U044,65
1156063000,U045,81
1156063000,U047,55
1156063000,U046,65
1156063000,V001,64
1156063000,V002,53
1156065000,B001,59
1156065000,C001,40
1156065000,C002,66
1156065000,C003,69
1156065000,C004,78
1156065000,C005,85
1156065000,C006,84
1156065000,C007,75
1156065000,C008,87
1156065000,E001,64
1156065000,C009,79
1156065000,P001,62
1156065000,M001,82
1156065000,U002,58
1156065000,P002,65
1156065000,U001,72
1156065000,U003,54
1156065000,U004,78
1156065000,U005,54
1156065000,U006,76
1156065000,U007,71
1156065000,U008,84
1156065000,U009,82
1156065000,U010,61
1156065000,U012,81
1156065000,U011,88
1156065000,U013,76
1156065000,U014,63
1156065000,U015,100
1156065000,U016,69
1156065000,U017,65
1156065000,U018,83
1156065000,U019,97
1156065000,U021,70
1156065000,U020,61
1156065000,U022,60
1156065000,U025,54
1156065000,U023,82
1156065000,U026,56
1156065000,U024,96
1156065000,U027,75
1156065000,U028,76
1156065000,U029,82
1156065000,U030,72
1156065000,U031,67
1156065000,U032,48
1156065000,U033,76
1156065000,U035,59
1156065000,U036,85
1156065000,U034,92
1156065000,U037,51
1156065000,U038,52
1156065000,U039,59
1156065000,U042,74
1156065000,U040,79
1156065000,U041,97
1156065000,U043,73
1156065000,U044,71
1156065000,U047,50
1156065000,U045,87
1156065000,U046,72
1156065000,V001,64
1156065000,V002,64
1156066000,B001,54
1156066000,C001,46
1156066000,C002,75
1156066000,C003,68
1156066000,C004,78
1156066000,C006,83
1156066000,C005,77
1156066000,C007,72
1156066000,C008,87
1156066000,C009,73
1156066000,E001,56
1156066000,M001,82
1156066000,P001,62
1156066000,P002,62
1156066000,U002,58
1156066000,U003,54
1156066000,U001,72
1156066000,U004,78
1156066000,U005,54
1156066000,U007,71
1156066000,U006,71
1156066000,U010,61
1156066000,U009,82
1156066000,U008,84
1156066000,U012,78
1156066000,U014,72
1156066000,U013,76
1156066000,U015,100
1156066000,U011,88
1156066000,U016,69
1156066000,U017,57
1156066000,U020,68
1156066000,U018,78
1156066000,U019,87
1156066000,U021,57
1156066000,U022,56
1156066000,U025,59
1156066000,U023,82
1156066000,U024,91
1156066000,U026,58
1156066000,U027,70
1156066000,U030,71
1156066000,U029,82
1156066000,U028,70
1156066000,U031,64
1156066000,U032,47
1156066000,U033,70
1156066000,U035,67
1156066000,U034,84
1156066000,U036,85
1156066000,U037,48
1156066000,U038,59
1156066000,U039,68
1156066000,U040,74
1156066000,U042,74
1156066000,U041,96
1156066000,U043,71
1156066000,U045,87
1156066000,U044,66
1156066000,U047,55
1156066000,V001,73
1156066000,U046,70
1156066000,V002,61
1156067000,B001,72
1156067000,C001,36
1156067000,C002,69
1156067000,C003,82
1156067000,C005,81
1156067000,C004,81
1156067000,C006,73
1156067000,C008,94
1156067000,C007,71
1156067000,E001,54
1156067000,C009,79
1156067000,P001,64
1156067000,P002,67
1156067000,M001,91
1156067000,U002,48
1156067000,U001,79
1156067000,U003,58
1156067000,U004,68
1156067000,U005,59
1156067000,U006,78
1156067000,U007,74
1156067000,U010,76
1156067000,U008,88
1156067000,U009,92
1156067000,U012,70
1156067000,U014,67
1156067000,U013,91
1156067000,U011,92
1156067000,U015,99
1156067000,U016,72
1156067000,U017,61
1156067000,U020,62
1156067000,U021,55
1156067000,U019,87
1156067000,U018,92
1156067000,U022,74
1156067000,U024,95
1156067000,U025,50
1156067000,U026,48
1156067000,U023,90
1156067000,U027,78
1156067000,U028,83
1156067000,U029,88
1156067000,U030,61
1156067000,U032,37
1156067000,U031,57
1156067000,U033,76
1156067000,U035,63
1156067000,U034,84
1156067000,U036,78
1156067000,U037,39
1156067000,U038,42
1156067000,U039,63
1156067000,U040,94
1156067000,U041,87
1156067000,U042,77
1156067000,U043,74
1156067000,U044,73
1156067000,U045,90
1156067000,U046,72
1156067000,V001,53
1156067000,U047,59
1156067000,V002,61
1156068000,B001,81
1156068000,C001,52
1156068000,C003,69
1156068000,C002,70
1156068000,C004,78
1156068000,C005,79
1156068000,C006,75
1156068000,C007,72
1156068000,C008,87
1156068000,E001,55
1156068000,C009,80
1156068000,M001,92
1156068000,P001,67
1156068000,P002,63
1156068000,U002,49
1156068000,U001,80
1156068000,U003,54
1156068000,U004,69
1156068000,U006,76
1156068000,U007,71
1156068000,U008,84
1156068000,U009,93
1156068000,U010,65
1156068000,U011,89
1156068000,U012,72
1156068000,U013,76
1156068000,U014,68
1156068000,U015,100
1156068000,U016,80
1156068000,U005,54
1156068000,U017,60
1156068000,U021,52
1156068000,U018,93
1156068000,U019,88
1156068000,U020,66
1156068000,U022,75
1156068000,U023,82
1156068000,U024,96
1156068000,U025,58
1156068000,U026,50
1156068000,U027,75
1156068000,U029,89
1156068000,U030,63
1156068000,U028,75
1156068000,U032,39
1156068000,U031,55
1156068000,U033,67
1156068000,U034,83
1156068000,U035,64
1156068000,U037,40
1156068000,U036,79
1156068000,U038,43
1156068000,U039,64
1156068000,U040,80
1156068000,U042,74
1156068000,U041,88
1156068000,U043,72
1156068000,U044,71
1156068000,U047,59
1156068000,U046,74
1156068000,U045,87
1156068000,V001,55
1156068000,V002,61
1156069000,B001,83
1156069000,C003,69
1156069000,C001,56
1156069000,C002,78
1156069000,C004,78
1156069000,C007,73
1156069000,C005,80
1156069000,C006,80
1156069000,C008,88
1156069000,E001,61
1156069000,P001,63
1156069000,C009,75
1156069000,M001,83
1156069000,P002,66
1156069000,U002,55
1156069000,U001,73
1156069000,U004,75
1156069000,U003,54
1156069000,U005,55
1156069000,U006,73
1156069000,U007,71
1156069000,U010,75
1156069000,U008,85
1156069000,U009,82
1156069000,U012,79
1156069000,U011,89
1156069000,U013,76
1156069000,U014,79
1156069000,U015,100
1156069000,U016,70
1156069000,U017,62
1156069000,U020,70
1156069000,U018,80
1156069000,U019,90
1156069000,U021,56
1156069000,U022,61
1156069000,U024,93
1156069000,U025,69
1156069000,U023,82
1156069000,U026,59
1156069000,U027,72
1156069000,U031,56
1156069000,U030,68
1156069000,U029,82
1156069000,U028,80
1156069000,U032,44
1156069000,U033,76
1156069000,U035,79
1156069000,U034,87
1156069000,U036,85
1156069000,U037,49
1156069000,U038,48
1156069000,U039,63
1156069000,U040,77
1156069000,U041,93
1156069000,U042,74
1156069000,U043,72
1156069000,U045,87
1156069000,U044,68
1156069000,U047,58
1156069000,U046,71
1156069000,V001,60
1156069000,V002,62
1156070000,C001,46
1156070000,B001,89
1156070000,C002,72
1156070000,C003,76
1156070000,C004,85
1156070000,C005,86
1156070000,C006,83
1156070000,C007,79
1156070000,C008,95
1156070000,C009,85
1156070000,E001,62
1156070000,P001,74
1156070000,P002,70
1156070000,M001,90
1156070000,U002,58
1156070000,U001,101
1156070000,U003,61
1156070000,U004,78
1156070000,U005,62
1156070000,U006,83
1156070000,U007,78
1156070000,U010,78
1156070000,U008,92
1156070000,U009,100
1156070000,U011,96
1156070000,U012,94
1156070000,U014,69
1156070000,U013,83
1156070000,U015,109
1156070000,U017,72
1156070000,U016,87
1156070000,U020,67
1156070000,U018,91
1156070000,U019,97
1156070000,U021,67
1156070000,U022,68
1156070000,U024,105
1156070000,U025,59
1156070000,U026,56
1156070000,U023,89
1156070000,U027,82
1156070000,U030,71
1156070000,U029,89
1156070000,U028,83
1156070000,U031,62
1156070000,U032,47
1156070000,U033,81
1156070000,U034,88
1156070000,U035,65
1156070000,U037,56
1156070000,U036,88
1156070000,U038,52
1156070000,U039,65
1156070000,U040,87
1156070000,U042,81
1156070000,U041,97
1156070000,U043,79
1156070000,U044,78
1156070000,U045,94
1156070000,V001,63
1156070000,U046,78
1156070000,U047,56
1156070000,V002,68
1156071000,B001,71
1156071000,C001,43
1156071000,C003,79
1156071000,C002,68
1156071000,C005,78
1156071000,C004,86
1156071000,C007,74
1156071000,C006,80
1156071000,C008,96
1156071000,E001,55
1156071000,C009,81
1156071000,P001,67
1156071000,M001,92
1156071000,P002,69
1156071000,U002,55
1156071000,U001,77
1156071000,U003,63
1156071000,U004,75
1156071000,U005,66
1156071000,U006,84
1156071000,U007,81
1156071000,U008,93
1156071000,U010,76
1156071000,U009,96
1156071000,U012,78
1156071000,U011,96
1156071000,U014,66
1156071000,U013,86
1156071000,U015,106
1156071000,U016,83
1156071000,U017,60
1156071000,U020,64
1156071000,U021,54
1156071000,U018,90
1156071000,U019,93
1156071000,U022,72
1156071000,U025,56
1156071000,U026,50
1156071000,U024,102
1156071000,U023,90
1156071000,U027,82
1156071000,U030,68
1156071000,U031,67
1156071000,U029,86
1156071000,U028,81
1156071000,U032,44
1156071000,U033,66
1156071000,U035,62
1156071000,U036,84
1156071000,U034,81
1156071000,U037,46
1156071000,U038,49
1156071000,U039,62
1156071000,U041,94
1156071000,U040,88
1156071000,U042,82
1156071000,U043,78
1156071000,U044,77
1156071000,U045,94
1156071000,U046,75
1156071000,V001,60
1156071000,U047,53
1156071000,V002,64
1156072000,B001,67
1156072000,C001,40
1156072000,C003,82
1156072000,C002,71
1156072000,C004,83
1156072000,C007,79
1156072000,C005,80
1156072000,C006,79
1156072000,C008,92
1156072000,C009,78
1156072000,P001,59
1156072000,E001,62
1156072000,P002,69
1156072000,M001,87
1156072000,U001,74
1156072000,U002,54
1156072000,U003,59
1156072000,U004,73
1156072000,U005,59
1156072000,U007,76
1156072000,U006,81
1156072000,U010,66
1156072000,U008,89
1156072000,U009,87
1156072000,U012,85
1156072000,U011,93
1156072000,U015,104
1156072000,U014,68
1156072000,U013,81
1156072000,U016,75
1156072000,U017,56
1156072000,U018,92
1156072000,U020,60
1156072000,U021,61
1156072000,U019,92
1156072000,U022,69
1156072000,U025,56
1156072000,U024,100
1156072000,U023,86
1156072000,U026,49
1156072000,U027,80
1156072000,U030,67
1156072000,U029,83
1156072000,U031,71
1156072000,U028,78
1156072000,U032,43
1156072000,U033,68
1156072000,U035,65
1156072000,U034,87
1156072000,U036,90
1156072000,U038,47
1156072000,U037,55
1156072000,U039,58
1156072000,U040,85
1156072000,U041,92
1156072000,U043,78
1156072000,U042,79
1156072000,U044,76
1156072000,U045,91
1156072000,U046,71
1156072000,U047,50
1156072000,V001,59
1159051000,B001,66
1156072000,V002,68
1159051000,C001,57
1159051000,C003,71
1159051000,C002,66
1159051000,C005,72
1159051000,C004,71
1159051000,C006,71
1159051000,C007,58
1159051000,C008,80
1159051000,E001,47
1159051000,C009,70
1159051000,P001,61
1159051000,M001,76
1159051000,P002,48
1159051000,U002,46
1159051000,U001,78
1159051000,U003,54
1159051000,U004,66
1159051000,U005,49
1159051000,U006,69
1159051000,U007,65
1159051000,U009,82
1159051000,U008,77
1159051000,U010,61
1159051000,U012,64
1159051000,U011,81
1159051000,U013,70
1159051000,U015,93
1159051000,U014,64
1159051000,U016,69
1159051000,U017,58
1159051000,U021,67
1159051000,U018,81
1159051000,U020,70
1159051000,U019,85
1159051000,U022,73
1159051000,U023,75
1159051000,U026,60
1159051000,U025,61
1159051000,U027,67
1159051000,U024,89
1159051000,U030,59
1159051000,U032,33
1159051000,U028,73
1159051000,U029,78
1159051000,U031,49
1159051000,U037,32
1159051000,U034,78
1159051000,U035,65
1159051000,U036,80
1159051000,U033,70
1159051000,U038,39
1159051000,U042,67
1159051000,U041,80
1159051000,U039,64
1159051000,U040,72
1159051000,U043,61
1159051000,U044,68
1159051000,V001,57
1159051000,U045,79
1159051000,U047,56
1159051000,U046,73
1159051000,V002,47
1159052000,B001,71
1159052000,C001,55
1159052000,C003,63
1159052000,C002,64
1159052000,C004,72
1159052000,C005,76
1159052000,C006,75
1159052000,C007,63
1159052000,C008,81
1159052000,E001,44
1159052000,P001,56
1159052000,C009,64
1159052000,M001,77
1159052000,P002,52
1159052000,U002,43
1159052000,U003,48
1159052000,U001,70
1159052000,U004,70
1159052000,U005,48
1159052000,U006,70
1159052000,U007,65
1159052000,U009,87
1159052000,U010,57
1159052000,U008,78
1159052000,U011,83
1159052000,U012,69
1159052000,U013,70
1159052000,U015,94
1159052000,U014,62
1159052000,U016,74
1159052000,U017,56
1159052000,U018,77
1159052000,U020,60
1159052000,U019,86
1159052000,U021,62
1159052000,U022,55
1159052000,U024,90
1159052000,U023,76
1159052000,U025,62
1159052000,U026,61
1159052000,U027,69
1159052000,U029,79
1159052000,U030,63
1159052000,U028,69
1159052000,U031,54
1159052000,U032,35
1159052000,U033,83
1159052000,U035,58
1159052000,U034,72
1159052000,U036,76
1159052000,U038,42
1159052000,U037,39
1159052000,U039,58
1159052000,U040,76
1159052000,U041,76
1159052000,U042,68
1159052000,U043,59
1159052000,U044,65
1159052000,U045,81
1159052000,U046,64
1159052000,V001,55
1159052000,U047,53
1159052000,V002,52
1159053000,B001,60
1159053000,C001,64
1159053000,C003,70
1159053000,C002,82
1159053000,C004,77
1159053000,C005,72
1159053000,C006,69
1159053000,C007,59
1159053000,C008,86
1159053000,E001,57
1159053000,C009,74
1159053000,P002,48
1159053000,M001,77
1159053000,P001,64
1159053000,U002,44
1159053000,U001,67
1159053000,U004,63
1159053000,U003,53
1159053000,U005,58
1159053000,U006,74
1159053000,U007,65
1159053000,U009,82
1159053000,U008,83
1159053000,U010,65
1159053000,U012,65
1159053000,U011,84
1159053000,U013,70
1159053000,U015,94
1159053000,U014,79
1159053000,U016,70
1159053000,U017,73
1159053000,U019,82
1159053000,U021,51
1159053000,U020,70
1159053000,U018,80
1159053000,U022,62
1159053000,U024,90
1159053000,U026,59
1159053000,U023,80
1159053000,U025,66
1159053000,U027,81
1159053000,U032,24
1159053000,U028,71
1159053000,U030,57
1159053000,U029,76
1159053000,U031,50
1159053000,U037,25
1159053000,U033,70
1159053000,U034,79
1159053000,U036,73
1159053000,U035,65
1159053000,U038,31
1159053000,U039,65
1159053000,U043,67
1159053000,U041,82
1159053000,U040,74
1159053000,U042,73
1159053000,U044,66
1159053000,V001,49
1159053000,U045,82
1159053000,U047,56
1159053000,U046,68
1159053000,V002,48
1159054000,B001,66
1159054000,C001,60
1159054000,C003,75
1159054000,C002,74
1159054000,C005,87
1159054000,C004,72
1159054000,C007,64
1159054000,C006,67
1159054000,C008,87
1159054000,E001,47
1159054000,C009,72
1159054000,P001,69
1159054000,P002,56
1159054000,M001,84
1159054000,U002,42
1159054000,U001,72
1159054000,U004,61
1159054000,U003,58
1159054000,U005,51
1159054000,U007,65
1159054000,U006,70
1159054000,U010,62
1159054000,U009,90
1159054000,U008,78
1159054000,U012,64
1159054000,U011,83
1159054000,U015,92
1159054000,U013,70
1159054000,U014,72
1159054000,U016,77
1159054000,U017,68
1159054000,U018,85
1159054000,U019,80
1159054000,U021,60
1159054000,U020,70
1159054000,U022,67
1159054000,U024,88
1159054000,U023,84
1159054000,U025,62
1159054000,U026,53
1159054000,U027,69
1159054000,U031,57
1159054000,U030,55
1159054000,U028,76
1159054000,U029,81
1159054000,U032,29
1159054000,U037,34
1159054000,U033,85
1159054000,U034,77
1159054000,U035,78
1159054000,U036,71
1159054000,U038,35
1159054000,U039,71
1159054000,U040,87
1159054000,U042,68
1159054000,U041,80
1159054000,U043,62
1159054000,U044,65
1159054000,U046,66
1159054000,U045,81
1159054000,U047,63
1159054000,V001,47
1159054000,V002,54
1159055000,C001,63
1159055000,C003,79
1159055000,B001,69
1159055000,C002,73
1159055000,C006,70
1159055000,C004,76
1159055000,C007,69
1159055000,C005,82
1159055000,C008,91
1159055000,E001,51
1159055000,C009,76
1159055000,P001,82
1159055000,P002,58
1159055000,M001,88
1159055000,U002,45
1159055000,U001,76
1159055000,U004,65
1159055000,U003,63
1159055000,U005,58
1159055000,U006,73
1159055000,U007,75
1159055000,U008,82
1159055000,U010,80
1159055000,U009,92
1159055000,U012,67
1159055000,U011,86
1159055000,U015,96
1159055000,U013,80
1159055000,U014,71
1159055000,U016,80
1159055000,U017,63
1159055000,U021,55
1159055000,U020,69
1159055000,U019,84
1159055000,U018,89
1159055000,U022,71
1159055000,U024,92
1159055000,U023,87
1159055000,U025,61
1159055000,U026,52
1159055000,U027,72
1159055000,U030,58
1159055000,U031,60
1159055000,U028,80
1159055000,U029,85
1159055000,U032,34
1159055000,U033,80
1159055000,U035,67
1159055000,U036,75
1159055000,U034,81
1159055000,U037,36
1159055000,U038,39
1159055000,U039,67
1159055000,U040,77
1159055000,U041,84
1159055000,U042,72
1159055000,U043,66
1159055000,U044,68
1159055000,U045,84
1159055000,U047,62
1159055000,V001,50
1159055000,U046,69
1159055000,V002,62
1159056000,B001,58
1159056000,C001,67
1159056000,C002,80
1159056000,C003,81
1159056000,C005,86
1159056000,C006,69
1159056000,C007,70
1159056000,C004,77
1159056000,C008,87
1159056000,E001,54
1159056000,C009,76
1159056000,M001,82
1159056000,P002,60
1159056000,P001,64
1159056000,U002,43
1159056000,U001,72
1159056000,U004,63
1159056000,U003,59
1159056000,U005,57
1159056000,U006,75
1159056000,U007,70
1159056000,U010,66
1159056000,U008,83
1159056000,U009,94
1159056000,U012,76
1159056000,U011,88
1159056000,U015,94
1159056000,U014,78
1159056000,U013,75
1159056000,U016,81
1159056000,U017,72
1159056000,U019,82
1159056000,U020,76
1159056000,U018,82
1159056000,U021,52
1159056000,U022,61
1159056000,U024,90
1159056000,U023,81
1159056000,U026,62
1159056000,U025,67
1159056000,U027,74
1159056000,U032,38
1159056000,U030,57
1159056000,U031,61
1159056000,U029,81
1159056000,U028,75
1159056000,U033,75
1159056000,U036,73
1159056000,U034,80
1159056000,U035,70
1159056000,U037,33
1159056000,U038,39
1159056000,U039,65
1159056000,U042,73
1159056000,U041,82
1159056000,U040,79
1159056000,U043,67
1159056000,U045,86
1159056000,U047,68
1159056000,U044,70
1159056000,V001,49
1159056000,U046,70
1159060500,C003,70
1159060500,B001,63
1159056000,V002,59
1159060500,C001,64
1159060500,C002,71
1159060500,C005,70
1159060500,C006,76
1159060500,C007,59
1159060500,C004,75
1159060500,C008,85
1159060500,E001,48
1159060500,P001,66
1159060500,M001,77
1159060500,C009,69
1159060500,P002,48
1159060500,U001,69
1159060500,U002,47
1159060500,U003,59
1159060500,U004,71
1159060500,U005,54
1159060500,U006,73
1159060500,U009,83
1159060500,U010,65
1159060500,U007,65
1159060500,U008,81
1159060500,U012,65
1159060500,U011,84
1159060500,U013,70
1159060500,U014,68
1159060500,U015,91
1159060500,U016,70
1159060500,U017,62
1159060500,U018,82
1159060500,U020,71
1159060500,U019,89
1159060500,U021,61
1159060500,U022,71
1159060500,U023,79
1159060500,U026,64
1159060500,U024,87
1159060500,U027,79
1159060500,U028,86
1159060500,U032,33
1159060500,U031,50
1159060500,U030,64
1159060500,U034,79
1159060500,U033,70
1159060500,U035,65
1159060500,U036,84
1159060500,U025,65
1159060500,U037,26
1159060500,U038,47
1159060500,U039,64
1159060500,U029,78
1159060500,U040,73
1159060500,U041,81
1159060500,U042,71
1159060500,U043,61
1159060500,U044,68
1159060500,U045,101
1159060500,U047,57
1159060500,V001,56
1159060500,V002,48
1159062000,C001,64
1159062000,C003,68
1159062000,C002,73
1159062000,C006,63
1159062000,C005,72
1159062000,C004,65
1159062000,C007,56
1159062000,C008,83
1159062000,B001,58
1159062000,C009,60
1159060500,U046,77
1159062000,E001,42
1159062000,P002,47
1159062000,M001,77
1159062000,U002,38
1159062000,P001,79
1159062000,U001,64
1159062000,U004,58
1159062000,U003,70
1159062000,U005,67
1159062000,U007,65
1159062000,U006,63
1159062000,U009,77
1159062000,U008,84
1159062000,U012,59
1159062000,U010,73
1159062000,U011,83
1159062000,U013,70
1159062000,U015,88
1159062000,U016,76
1159062000,U014,78
1159062000,U017,58
1159062000,U018,77
1159062000,U021,48
1159062000,U020,70
1159062000,U019,76
1159062000,U022,59
1159062000,U024,85
1159062000,U023,69
1159062000,U025,80
1159062000,U026,67
1159062000,U027,74
1159062000,U028,68
1159062000,U029,73
1159062000,U030,51
1159062000,U031,51
1159062000,U032,35
1159062000,U033,70
1159062000,U034,68
1159062000,U035,74
1159062000,U036,67
1159062000,U037,42
1159062000,U038,30
1159062000,U039,74
1159062000,U041,77
1159062000,U043,65
1159062000,U040,74
1159062000,U042,74
1159062000,U044,64
1159062000,V001,43
1159062000,U045,81
1159062000,U046,69
1159062000,U047,56
1159062000,V002,46
1159063000,B001,63
1159063000,C003,73
1159063000,C002,78
1159063000,C001,74
1159063000,C004,70
1159063000,C005,81
1159063000,C006,75
1159063000,C007,61
1159063000,C008,93
1159063000,C009,64
1159063000,E001,64
1159063000,P001,71
1159063000,P002,57
1159063000,M001,82
1159063000,U002,50
1159063000,U001,69
1159063000,U004,70
1159063000,U003,70
1159063000,U005,64
1159063000,U007,70
1159063000,U006,68
1159063000,U009,82
1159063000,U010,74
1159063000,U008,89
1159063000,U012,64
1159063000,U011,88
1159063000,U013,75
1159063000,U015,95
1159063000,U014,77
1159063000,U016,81
1159063000,U017,63
1159063000,U018,82
1159063000,U021,70
1159063000,U019,88
1159063000,U020,75
1159063000,U022,64
1159063000,U024,91
1159063000,U023,74
1159063000,U025,76
1159063000,U026,82
1159063000,U027,79
1159063000,U029,78
1159063000,U032,77
1159063000,U028,73
1159063000,U030,63
1159063000,U031,56
1159063000,U034,79
1159063000,U037,98
1159063000,U033,75
1159063000,U035,76
1159063000,U038,15
1159063000,U036,86
1159063000,U039,74
1159063000,U041,84
1159063000,U040,79
1159063000,U042,79
1159063000,U043,66
1159063000,U045,86
1159063000,V001,55
1159063000,U046,71
1159063000,U044,69
1159063000,U047,61
1159063000,V002,51
1159064000,B001,64
1159064000,C003,78
1159064000,C001,72
1159064000,C002,78
1159064000,C005,82
1159064000,C004,71
1159064000,C006,70
1159064000,C007,62
1159064000,C008,90
1159064000,E001,46
1159064000,C009,75
1159064000,M001,87
1159064000,P002,63
1159064000,P001,86
1159064000,U002,45
1159064000,U001,70
1159064000,U004,64
1159064000,U003,74
1159064000,U005,77
1159064000,U006,69
1159064000,U007,71
1159064000,U009,82
1159064000,U010,86
1159064000,U008,92
1159064000,U012,66
1159064000,U011,89
1159064000,U013,76
1159064000,U015,95
1159064000,U016,82
1159064000,U017,65
1159064000,U014,86
1159064000,U018,82
1159064000,U021,57
1159064000,U019,83
1159064000,U020,77
1159064000,U022,66
1159064000,U024,91
1159064000,U023,87
1159064000,U025,78
1159064000,U026,70
1159064000,U027,82
1159064000,U032,36
1159064000,U028,74
1159064000,U029,80
1159064000,U030,58
1159064000,U031,57
1159064000,U034,75
1159064000,U033,90
1159064000,U036,74
1159064000,U037,45
1159064000,U035,86
1159064000,U038,32
1159064000,U039,82
1159064000,U042,83
1159064000,U040,95
1159064000,U043,73
1159064000,U041,83
1159064000,V001,50
1159064000,U046,69
1159064000,U047,63
1159064000,U044,69
1159064000,U045,87
1159064000,V002,52
1159065000,C003,72
1159065000,B001,63
1159065000,C001,66
1159065000,C002,85
1159065000,C006,64
1159065000,C004,79
1159065000,C005,76
1159065000,C007,61
1159065000,C008,84
1159065000,E001,45
1159065000,C009,69
1159065000,M001,81
1159065000,P002,58
1159065000,P001,76
1159065000,U001,69
1159065000,U002,39
1159065000,U004,59
1159065000,U003,74
1159065000,U005,77
1159065000,U007,67
1159065000,U006,78
1159065000,U009,82
1159065000,U008,86
1159065000,U010,78
1159065000,U012,61
1159065000,U011,86
1159065000,U013,81
1159065000,U014,82
1159065000,U015,89
1159065000,U016,76
1159065000,U017,76
1159065000,U018,81
1159065000,U019,77
1159065000,U021,52
1159065000,U020,74
1159065000,U022,65
1159065000,U024,86
1159065000,U023,81
1159065000,U025,72
1159065000,U026,64
1159065000,U027,75
1159065000,U030,52
1159065000,U032,33
1159065000,U028,73
1159065000,U031,56
1159065000,U029,79
1159065000,U034,75
1159065000,U033,87
1159065000,U036,68
1159065000,U037,39
1159065000,U035,83
1159065000,U038,28
1159065000,U039,78
1159065000,U040,89
1159065000,U041,77
1159065000,U043,68
1159065000,U042,77
1159065000,V001,44
1159065000,U045,86
1159065000,U046,63
1159065000,U047,60
1159065000,U044,67
1159065000,V002,51
1159065100,B001,64
1159065100,C003,75
1159065100,C002,77
1159065100,C001,76
1159065100,C006,66
1159065100,C005,86
1159065100,C004,81
1159065100,C007,63
1159065100,C008,86
1159065100,E001,46
1159065100,C009,71
1159065100,P002,49
1159065100,M001,83
1159065100,P001,75
1159065100,U002,41
1159065100,U001,71
1159065100,U003,65
1159065100,U004,61
1159065100,U005,78
1159065100,U006,70
1159065100,U007,72
1159065100,U009,83
1159065100,U010,78
1159065100,U008,88
1159065100,U012,63
1159065100,U011,89
1159065100,U015,91
1159065100,U013,83
1159065100,U014,74
1159065100,U016,91
1159065100,U017,65
1159065100,U021,47
1159065100,U019,79
1159065100,U018,83
1159065100,U020,77
1159065100,U022,66
1159065100,U024,88
1159065100,U023,83
1159065100,U025,74
1159065100,U026,66
1159065100,U027,77
1159065100,U032,26
1159065100,U028,75
1159065100,U030,54
1159065100,U029,80
1159065100,U031,57
1159065100,U034,74
1159065100,U033,81
1159065100,U035,76
1159065100,U038,15
1159065100,U036,70
1159065100,U037,36
1159065100,U039,87
1159065100,U040,92
1159065100,U042,84
1159065100,U043,70
1159065100,U041,80
1159065100,V001,46
1159065100,U046,65
1159065100,U044,70
1159065100,U047,63
1159065100,U045,87
1159065100,V002,53
1159066000,B001,80
1159066000,C001,58
1159066000,C002,75
1159066000,C003,68
1159066000,C006,80
1159066000,C005,78
1159066000,C007,71
1159066000,C004,73
1159066000,C008,82
1159066000,E001,61
1159066000,C009,74
1159066000,P001,78
1159066000,M001,78
1159066000,P002,62
1159066000,U002,55
1159066000,U001,72
1159066000,U004,74
1159066000,U005,53
1159066000,U003,53
1159066000,U006,71
1159066000,U007,66
1159066000,U008,79
1159066000,U010,76
1159066000,U009,96
1159066000,U012,78
1159066000,U011,84
1159066000,U014,76
1159066000,U013,71
1159066000,U015,95
1159066000,U016,68
1159066000,U017,59
1159066000,U019,95
1159066000,U018,78
1159066000,U021,55
1159066000,U020,69
1159066000,U022,56
1159066000,U024,91
1159066000,U023,77
1159066000,U026,58
1159066000,U025,72
1159066000,U027,70
1159066000,U030,68
1159066000,U029,81
1159066000,U028,76
1159066000,U031,54
1159066000,U032,44
1159066000,U033,74
1159066000,U035,74
1159066000,U034,86
1159066000,U036,84
1159066000,U037,48
1159066000,U038,47
1159066000,U039,62
1159066000,U040,74
1159066000,U041,93
1159066000,U043,64
1159066000,U042,69
1159066000,U044,66
1159066000,U045,82
1159066000,U046,65
1159066000,V001,60
1159066000,U047,56
1159066000,V002,60
1159067000,B001,71
1159067000,C002,69
1159067000,C001,52
1159067000,C003,80
1159067000,C005,78
1159067000,C004,87
1159067000,C007,70
1159067000,C006,84
1159067000,C008,96
1159067000,C009,82
1159067000,E001,52
1159067000,M001,93
1159067000,P001,67
1159067000,P002,69
1159067000,U002,49
1159067000,U001,77
1159067000,U003,61
1159067000,U004,82
1159067000,U005,66
1159067000,U006,85
1159067000,U007,81
1159067000,U010,65
1159067000,U008,93
1159067000,U009,90
1159067000,U012,73
1159067000,U011,96
1159067000,U013,86
1159067000,U014,66
1159067000,U015,104
1159067000,U016,84
1159067000,U017,60
1159067000,U018,90
1159067000,U021,51
1159067000,U020,64
1159067000,U019,101
1159067000,U022,73
1159067000,U025,59
1159067000,U023,91
1159067000,U024,103
1159067000,U026,58
1159067000,U027,83
1159067000,U030,72
1159067000,U029,87
1159067000,U028,82
1159067000,U031,62
1159067000,U032,48
1159067000,U033,66
1159067000,U034,78
1159067000,U035,63
1159067000,U036,86
1159067000,U037,56
1159067000,U038,46
1159067000,U039,62
1159067000,U040,88
1159067000,U042,83
1159067000,U043,75
1159067000,U041,91
1159067000,U044,77
1159067000,U045,94
1159067000,U047,54
1159067000,V001,61
1159067000,U046,75
1159067000,V002,60
1159068000,C001,59
1159068000,B001,61
1159068000,C003,74
1159068000,C002,74
1159068000,C004,80
1159068000,C005,84
1159068000,C007,77
1159068000,C006,76
1159068000,C008,90
1159068000,C009,87
1159068000,E001,51
1159068000,P001,71
1159068000,P002,68
1159068000,M001,89
1159068000,U002,51
1159068000,U004,70
1159068000,U001,74
1159068000,U003,59
1159068000,U005,59
1159068000,U006,78
1159068000,U007,73
1159068000,U010,67
1159068000,U008,87
1159068000,U009,89
1159068000,U012,73
1159068000,U011,91
1159068000,U013,78
1159068000,U015,102
1159068000,U014,71
1159068000,U016,76
1159068000,U017,65
1159068000,U020,69
1159068000,U019,90
1159068000,U021,46
1159068000,U018,86
1159068000,U022,64
1159068000,U024,98
1159068000,U023,84
1159068000,U025,65
1159068000,U026,55
1159068000,U027,77
1159068000,U030,64
1159068000,U029,87
1159068000,U028,78
1159068000,U031,60
1159068000,U032,40
1159068000,U033,71
1159068000,U035,67
1159068000,U034,77
1159068000,U036,85
1159068000,U037,47
1159068000,U038,51
1159068000,U039,67
1159068000,U040,82
1159068000,U041,90
1159068000,U042,76
1159068000,U043,74
1159068000,U044,73
1159068000,U045,89
1159068000,U047,62
1159068000,U046,80
1159068000,V001,57
1162052500,B001,64
1159068000,V002,66
1162052500,C001,70
1162052500,C002,74
1162052500,C003,87
1162052500,C005,87
1162052500,C006,81
1162052500,C004,83
1162052500,C007,76
1162052500,C008,92
1162052500,E001,54
1162052500,P001,87
1162052500,C009,89
1162052500,P002,65
1162052500,M001,94
1162052500,U002,56
1162052500,U001,80
1162052500,U003,62
1162052500,U004,75
1162052500,U005,62
1162052500,U006,81
1162052500,U007,82
1162052500,U010,84
1162052500,U008,89
1162052500,U009,100
1162052500,U012,82
1162052500,U011,94
1162052500,U014,71
1162052500,U013,87
1162052500,U015,106
1162052500,U016,87
1162052500,U017,65
1162052500,U019,94
1162052500,U021,51
1162052500,U020,71
1162052500,U018,93
1162052500,U022,66
1162052500,U023,87
1162052500,U024,103
1162052500,U025,69
1162052500,U026,59
1162052500,U027,80
1162052500,U030,69
1162052500,U031,67
1162052500,U029,89
1162052500,U028,80
1162052500,U033,71
1162052500,U032,45
1162052500,U034,79
1162052500,U035,68
1162052500,U036,82
1162052500,U038,54
1162052500,U037,53
1162052500,U039,69
1162052500,U040,84
1162052500,U041,94
1162052500,U042,79
1162052500,U043,73
1162052500,U044,76
1162052500,U047,60
1162052500,U046,80
1162052500,U045,92
1162052500,V001,61
1162052500,V002,70
1162054500,B001,68
1162054500,C001,72
1162054500,C003,78
1162054500,C002,89
1162054500,C005,79
1162054500,C007,66
1162054500,C004,81
1162054500,C006,70
1162054500,C008,90
1162054500,E001,50
1162054500,C009,84
1162054500,P002,56
1162054500,P001,81
1162054500,M001,84
1162054500,U002,45
1162054500,U001,74
1162054500,U003,61
1162054500,U004,65
1162054500,U005,66
1162054500,U006,80
1162054500,U007,73
1162054500,U009,90
1162054500,U008,91
1162054500,U010,73
1162054500,U012,72
1162054500,U011,91
1162054500,U013,78
1162054500,U015,95
1162054500,U014,87
1162054500,U016,78
1162054500,U017,66
1162054500,U021,43
1162054500,U019,83
1162054500,U020,78
1162054500,U018,87
1162054500,U022,70
1162054500,U024,91
1162054500,U026,64
1162054500,U023,85
1162054500,U025,74
1162054500,U027,89
1162054500,U032,28
1162054500,U030,58
1162054500,U031,58
1162054500,U028,78
1162054500,U029,84
1162054500,U033,77
1162054500,U035,72
1162054500,U038,31
1162054500,U036,74
1162054500,U034,76
1162054500,U039,72
1162054500,U040,82
1162054500,U041,83
1162054500,U037,32
1162054500,U042,80
1162054500,U043,75
1162054500,U044,74
1162054500,U045,90
1162054500,U046,77
1162054500,U047,64
1162054500,V001,50
1162054500,V002,55
1162056500,B001,72
1162056500,C001,63
1162056500,C002,79
1162056500,C003,82
1162056500,C006,69
1162056500,C004,89
1162056500,C005,83
1162056500,C007,70
1162056500,C008,89
1162056500,E001,50
1162056500,C009,74
1162056500,M001,88
1162056500,P001,77
1162056500,P002,60
1162056500,U002,44
1162056500,U001,78
1162056500,U003,65
1162056500,U004,64
1162056500,U005,70
1162056500,U006,84
1162056500,U007,77
1162056500,U009,94
1162056500,U008,95
1162056500,U010,77
1162056500,U011,95
1162056500,U012,76
1162056500,U013,82
1162056500,U014,76
1162056500,U015,94
1162056500,U016,81
1162056500,U017,70
1162056500,U021,43
1162056500,U018,91
1162056500,U020,75
1162056500,U019,82
1162056500,U022,74
1162056500,U024,91
1162056500,U023,86
1162056500,U025,77
1162056500,U026,63
1162056500,U027,93
1162056500,U032,27
1162056500,U029,87
1162056500,U030,57
1162056500,U028,82
1162056500,U031,61
1162056500,U033,81
1162056500,U034,76
1162056500,U035,76
1162056500,U036,73
1162056500,U038,36
1162056500,U039,73
1162056500,U037,36
1162056500,U040,85
1162056500,U041,83
1162056500,U042,85
1162056500,U043,79
1162056500,U045,94
1162056500,U044,78
1162056500,U046,68
1162056500,U047,68
1162056500,V001,49
1162056500,V002,59
1162057500,B001,66
1162057500,C003,80
1162057500,C001,59
1162057500,C002,76
1162057500,C005,86
1162057500,C006,76
1162057500,C004,76
1162057500,C007,65
1162057500,E001,48
1162057500,C008,103
1162057500,P001,74
1162057500,C009,80
1162057500,M001,92
1162057500,P002,63
1162057500,U002,49
1162057500,U001,73
1162057500,U003,68
1162057500,U004,71
1162057500,U005,73
1162057500,U006,72
1162057500,U007,80
1162057500,U009,86
1162057500,U008,100
1162057500,U010,72
1162057500,U012,68
1162057500,U011,93
1162057500,U014,73
1162057500,U013,85
1162057500,U015,98
1162057500,U016,85
1162057500,U017,67
1162057500,U021,40
1162057500,U018,85
1162057500,U020,71
1162057500,U019,89
1162057500,U022,68
1162057500,U024,98
1162057500,U023,79
1162057500,U025,70
1162057500,U026,64
1162057500,U027,83
1162057500,U030,64
1162057500,U028,77
1162057500,U029,82
1162057500,U031,65
1162057500,U033,84
1162057500,U034,72
1162057500,U035,69
1162057500,U032,34
1162057500,U036,80
1162057500,U038,33
1162057500,U037,39
1162057500,U039,69
1162057500,U041,89
1162057500,U040,94
1162057500,U042,90
1162057500,U043,69
1162057500,U044,72
1162057500,U045,89
1162057500,U047,60
1162057500,V001,56
1162057500,U046,74
1162057500,V002,55
1162058500,B001,66
1162058500,C003,79
1162058500,C001,62
1162058500,C002,79
1162058500,C004,73
1162058500,C006,84
1162058500,C005,88
1162058500,C007,64
1162058500,C008,106
1162058500,E001,46
1162058500,P001,77
1162058500,C009,79
1162058500,M001,85
1162058500,P002,65
1162058500,U002,51
1162058500,U001,72
1162058500,U003,84
1162058500,U004,76
1162058500,U005,76
1162058500,U006,80
1162058500,U007,73
1162058500,U010,84
1162058500,U009,85
1162058500,U008,103
1162058500,U011,92
1162058500,U012,67
1162058500,U015,98
1162058500,U014,76
1162058500,U013,78
1162058500,U016,84
1162058500,U021,25
1162058500,U018,85
1162058500,U020,74
1162058500,U019,97
1162058500,U022,67
1162058500,U017,70
1162058500,U024,104
1162058500,U023,77
1162058500,U025,69
1162058500,U027,84
1162058500,U026,68
1162058500,U029,81
1162058500,U030,70
1162058500,U028,76
1162058500,U032,44
1162058500,U031,59
1162058500,U034,72
1162058500,U035,73
1162058500,U033,76
1162058500,U036,80
1162058500,U037,56
1162058500,U038,36
1162058500,U039,72
1162058500,U040,93
1162058500,U043,69
1162058500,U041,85
1162058500,U042,93
1162058500,U044,72
1162058500,U045,89
1162058500,U046,73
1162058500,U047,64
1162058500,V001,55
1162058500,V002,54
1162059500,B001,70
1162059500,C001,60
1162059500,C002,76
1162059500,C003,84
1162059500,C005,86
1162059500,C007,68
1162059500,C006,79
1162059500,C004,77
1162059500,C008,102
1162059500,E001,57
1162059500,C009,84
1162059500,P001,74
1162059500,M001,100
1162059500,P002,68
1162059500,U002,57
1162059500,U001,76
1162059500,U003,76
1162059500,U004,73
1162059500,U005,73
1162059500,U007,89
1162059500,U006,91
1162059500,U010,73
1162059500,U008,99
1162059500,U009,89
1162059500,U012,72
1162059500,U011,97
1162059500,U013,94
1162059500,U014,74
1162059500,U015,102
1162059500,U016,89
1162059500,U017,67
1162059500,U020,72
1162059500,U021,40
1162059500,U019,92
1162059500,U018,89
1162059500,U022,72
1162059500,U024,100
1162059500,U023,99
1162059500,U025,71
1162059500,U026,65
1162059500,U027,87
1162059500,U030,67
1162059500,U028,80
1162059500,U029,85
1162059500,U032,37
1162059500,U031,69
1162059500,U033,73
1162059500,U035,70
1162059500,U034,76
1162059500,U036,84
1162059500,U037,41
1162059500,U038,45
1162059500,U039,70
1162059500,U040,93
1162059500,U042,89
1162059500,U041,92
1162059500,U043,73
1162059500,U044,76
1162059500,U046,77
1162059500,V001,59
1162059500,U045,93
1162059500,U047,61
1162059500,V002,58
1162060500,C001,81
1162060500,C003,86
1162060500,B001,72
1162060500,C002,79
1162060500,C004,86
1162060500,C006,82
1162060500,C005,88
1162060500,C007,71
1162060500,C008,95
1162060500,E001,53
1162060500,C009,86
1162060500,P001,77
1162060500,M001,91
1162060500,P002,70
1162060500,U001,79
1162060500,U002,50
1162060500,U004,77
1162060500,U003,71
1162060500,U005,65
1162060500,U007,79
1162060500,U010,74
1162060500,U006,84
1162060500,U008,92
1162060500,U009,104
1162060500,U012,74
1162060500,U011,97
1162060500,U013,84
1162060500,U014,76
1162060500,U015,107
1162060500,U016,91
1162060500,U017,70
1162060500,U020,74
1162060500,U019,95
1162060500,U018,92
1162060500,U021,46
1162060500,U022,74
1162060500,U024,103
1162060500,U025,72
1162060500,U026,68
1162060500,U023,90
1162060500,U027,83
1162060500,U030,70
1162060500,U028,83
1162060500,U031,71
1162060500,U029,88
1162060500,U032,42
1162060500,U033,76
1162060500,U035,73
1162060500,U034,78
1162060500,U036,87
1162060500,U037,42
1162060500,U038,51
1162060500,U039,72
1162060500,U040,87
1162060500,U043,76
1162060500,U041,95
1162060500,U042,82
1162060500,U044,78
1162060500,U045,95
1162060500,U047,63
1162060500,U046,80
1162060500,V001,62
1162061500,B001,65
1162060500,V002,61
1162061500,C001,57
1162061500,C003,83
1162061500,C002,74
1162061500,C004,72
1162061500,C007,63
1162061500,C006,75
1162061500,C005,84
1162061500,C008,101
1162061500,E001,45
1162061500,P001,72
1162061500,C009,78
1162061500,M001,90
1162061500,P002,61
1162061500,U002,42
1162061500,U001,71
1162061500,U004,75
1162061500,U003,66
1162061500,U005,71
1162061500,U006,70
1162061500,U007,78
1162061500,U010,71
1162061500,U008,98
1162061500,U009,84
1162061500,U012,66
1162061500,U011,91
1162061500,U015,97
1162061500,U013,83
1162061500,U014,71
1162061500,U016,83
1162061500,U017,65
1162061500,U020,69
1162061500,U018,84
1162061500,U019,88
1162061500,U021,39
1162061500,U022,66
1162061500,U024,97
1162061500,U023,94
1162061500,U025,68
1162061500,U026,63
1162061500,U027,81
1162061500,U030,63
1162061500,U028,75
1162061500,U029,80
1162061500,U031,63
1162061500,U033,82
1162061500,U034,71
1162061500,U035,78
1162061500,U036,79
1162061500,U038,42
1162061500,U037,37
1162061500,U032,33
1162061500,U039,67
1162061500,U040,86
1162061500,U041,84
1162061500,U042,88
1162061500,U043,68
1162061500,U044,71
1162061500,U045,87
1162061500,V001,54
1162061500,U046,72
1162061500,U047,59
1162061500,V002,53
1162062500,B001,66
1162062500,C003,79
1162062500,C001,62
1162062500,C002,79
1162062500,C004,78
1162062500,C007,64
1162062500,C006,79
1162062500,C005,88
1162062500,C009,79
1162062500,C008,101
1162062500,E001,51
1162062500,P001,77
1162062500,M001,90
1162062500,P002,73
1162062500,U002,51
1162062500,U001,72
1162062500,U003,82
1162062500,U004,76
1162062500,U005,76
1162062500,U006,76
1162062500,U007,78
1162062500,U009,89
1162062500,U010,80
1162062500,U008,103
1162062500,U011,96
1162062500,U012,67
1162062500,U013,83
1162062500,U015,98
1162062500,U014,76
1162062500,U016,84
1162062500,U017,70
1162062500,U018,85
1162062500,U019,93
1162062500,U020,74
1162062500,U021,32
1162062500,U022,67
1162062500,U023,82
1162062500,U025,83
1162062500,U026,68
1162062500,U024,101
1162062500,U027,82
1162062500,U030,67
1162062500,U028,76
1162062500,U032,48
1162062500,U031,59
1162062500,U029,81
1162062500,U036,80
1162062500,U033,76
1162062500,U034,72
1162062500,U035,73
1162062500,U037,53
1162062500,U038,37
1162062500,U039,72
1162062500,U042,93
1162062500,U040,93
1162062500,U041,85
1162062500,U043,69
1162062500,U044,72
1162062500,U047,64
1162062500,U046,73
1162062500,U045,94
1162062500,V001,55
1162063000,B001,70
1162062500,V002,54
1162063000,C003,80
1162063000,C001,77
1162063000,C002,85
1162063000,C005,84
1162063000,C004,77
1162063000,C007,68
1162063000,C006,79
1162063000,C008,100
1162063000,C009,72
1162063000,E001,59
1162063000,P001,82
1162063000,P002,61
1162063000,M001,89
1162063000,U002,61
1162063000,U001,76
1162063000,U004,74
1162063000,U005,79
1162063000,U003,71
1162063000,U006,75
1162063000,U007,77
1162063000,U009,89
1162063000,U010,84
1162063000,U008,96
1162063000,U012,71
1162063000,U011,95
1162063000,U013,82
1162063000,U014,80
1162063000,U015,102
1162063000,U016,88
1162063000,U017,70
1162063000,U021,64
1162063000,U018,89
1162063000,U020,82
1162063000,U019,93
1162063000,U022,71
1162063000,U024,99
1162063000,U023,81
1162063000,U026,83
1162063000,U025,92
1162063000,U027,86
1162063000,U028,80
1162063000,U029,85
1162063000,U030,67
1162063000,U032,53
1162063000,U031,63
1162063000,U033,82
1162063000,U034,80
1162063000,U035,83
1162063000,U036,93
1162063000,U037,58
1162063000,U038,54
1162063000,U039,87
1162063000,U041,93
1162063000,U043,77
1162063000,U040,86
1162063000,U042,86
1162063000,U044,76
1162063000,U047,68
1162063000,V001,59
1162063000,U046,78
1162063000,U045,93
1162063000,V002,58
1162064500,B001,68
1162064500,C001,63
1162064500,C002,73
1162064500,C003,88
1162064500,C004,87
1162064500,C005,91
1162064500,C007,69
1162064500,C006,83
1162064500,C008,97
1162064500,C009,86
1162064500,E001,51
1162064500,P001,94
1162064500,M001,96
1162064500,P002,73
1162064500,U001,77
1162064500,U002,58
1162064500,U003,63
1162064500,U004,78
1162064500,U005,63
1162064500,U006,85
1162064500,U007,90
1162064500,U010,92
1162064500,U008,94
1162064500,U009,107
1162064500,U012,72
1162064500,U011,98
1162064500,U014,71
1162064500,U013,95
1162064500,U015,109
1162064500,U016,94
1162064500,U017,64
1162064500,U021,43
1162064500,U020,68
1162064500,U018,89
1162064500,U019,97
1162064500,U022,71
1162064500,U023,91
1162064500,U024,105
1162064500,U025,65
1162064500,U026,62
1162064500,U027,84
1162064500,U030,71
1162064500,U028,81
1162064500,U029,86
1162064500,U031,75
1162064500,U032,47
1162064500,U033,70
1162064500,U034,77
1162064500,U036,85
1162064500,U035,67
1162064500,U037,49
1162064500,U038,58
1162064500,U039,67
1162064500,U041,97
1162064500,U040,89
1162064500,U042,83
1162064500,U043,81
1162064500,U044,80
1162064500,U046,80
1162064500,U045,96
1162064500,U047,62
1162064500,V001,63
1162064500,V002,59
1162065500,B001,71
1162065500,C001,57
1162065500,C002,73
1162065500,C003,84
1162065500,C004,91
1162065500,C006,88
1162065500,C005,83
1162065500,C007,69
1162065500,C008,101
1162065500,E001,51
1162065500,C009,86
1162065500,P001,71
1162065500,M001,97
1162065500,P002,74
1162065500,U002,49
1162065500,U001,77
1162065500,U004,81
1162065500,U003,70
1162065500,U005,71
1162065500,U006,89
1162065500,U007,86
1162065500,U010,70
1162065500,U008,97
1162065500,U009,90
1162065500,U012,73
1162065500,U011,98
1162065500,U014,71
1162065500,U015,103
1162065500,U013,91
1162065500,U016,88
1162065500,U017,64
1162065500,U021,42
1162065500,U020,69
1162065500,U018,90
1162065500,U019,101
1162065500,U022,73
1162065500,U023,95
1162065500,U024,107
1162065500,U025,67
1162065500,U027,87
1162065500,U026,62
1162065500,U028,81
1162065500,U029,87
1162065500,U030,76
1162065500,U032,49
1162065500,U031,64
1162065500,U033,70
1162065500,U035,67
1162065500,U034,77
1162065500,U036,85
1162065500,U037,59
1162065500,U038,45
1162065500,U039,67
1162065500,U040,93
1162065500,U042,87
1162065500,U041,90
1162065500,U043,74
1162065500,U044,77
1162065500,U045,94
1162065500,U047,58
1162065500,V001,60
1162065500,U046,80
1162065500,V002,59
1162066500,C001,67
1162066500,C003,94
1162066500,B001,75
1162066500,C002,77
1162066500,C004,93
1162066500,C005,86
1162066500,C006,89
1162066500,C007,73
1162066500,C008,102
1162066500,E001,55
1162066500,C009,88
1162066500,P001,98
1162066500,M001,101
1162066500,P002,75
1162066500,U002,64
1162066500,U001,81
1162066500,U003,81
1162066500,U004,83
1162066500,U005,74
1162066500,U007,92
1162066500,U006,91
1162066500,U010,96
1162066500,U008,99
1162066500,U009,110
1162066500,U012,76
1162066500,U011,105
1162066500,U014,74
1162066500,U013,97
1162066500,U015,115
1162066500,U016,97
1162066500,U017,68
1162066500,U021,35
1162066500,U019,102
1162066500,U020,72
1162066500,U018,93
1162066500,U022,76
1162066500,U024,111
1162066500,U023,97
1162066500,U025,69
1162066500,U026,68
1162066500,U027,90
1162066500,U030,77
1162066500,U031,77
1162066500,U028,85
1162066500,U029,90
1162066500,U032,47
1162066500,U033,74
1162066500,U034,81
1162066500,U035,71
1162066500,U036,93
1162066500,U037,57
1162066500,U038,52
1162066500,U039,70
1162066500,U040,94
1162066500,U043,85
1162066500,U042,89
1162066500,U041,103
1162066500,U044,86
1162066500,V001,69
1162066500,U045,103
1162066500,U047,62
1162066500,U046,82
1162066500,V002,63
1162068500,C001,58
1162068500,B001,73
1162068500,C003,82
1162068500,C002,71
1162068500,C005,81
1162068500,C007,72
1162068500,C004,89
1162068500,C006,82
1162068500,C008,98
1162068500,E001,54
1162068500,C009,84
1162068500,P001,69
1162068500,M001,95
1162068500,P002,71
1162068500,U002,52
1162068500,U001,80
1162068500,U004,84
1162068500,U003,68
1162068500,U005,68
1162068500,U007,83
1162068500,U006,87
1162068500,U008,95
1162068500,U010,68
1162068500,U009,92
1162068500,U012,75
1162068500,U014,68
1162068500,U013,88
1162068500,U011,100
1162068500,U015,106
1162068500,U016,86
1162068500,U017,62
1162068500,U018,92
1162068500,U021,49
1162068500,U020,66
1162068500,U019,95
1162068500,U022,75
1162068500,U025,60
1162068500,U023,93
1162068500,U024,105
1162068500,U026,61
1162068500,U027,85
1162068500,U030,70
1162068500,U029,89
1162068500,U031,66
1162068500,U028,84
1162068500,U032,51
1162068500,U033,68
1162068500,U034,80
1162068500,U035,65
1162068500,U036,88
1162068500,U037,60
1162068500,U038,48
1162068500,U039,64
1162068500,U040,90
1162068500,U041,93
1162068500,U042,85
1162068500,U043,77
1162068500,U044,79
1162068500,U046,77
1162068500,U045,96
1162068500,U047,56
1162068500,V001,63
1162068500,V002,62
1162069500,B001,66
1162069500,C001,52
1162069500,C002,68
1162069500,C003,79
1162069500,C004,86
1162069500,C006,78
1162069500,C005,78
1162069500,C007,64
1162069500,C008,96
1162069500,E001,46
1162069500,C009,81
1162069500,M001,92
1162069500,P001,66
1162069500,P002,66
1162069500,U002,44
1162069500,U001,72
1162069500,U004,76
1162069500,U003,65
1162069500,U005,66
1162069500,U006,84
1162069500,U007,81
1162069500,U010,85
1162069500,U008,92
1162069500,U009,85
1162069500,U012,68
1162069500,U011,93
1162069500,U014,66
1162069500,U015,98
1162069500,U013,86
1162069500,U016,88
1162069500,U017,59
1162069500,U021,42
1162069500,U018,85
1162069500,U020,64
1162069500,U019,91
1162069500,U022,68
1162069500,U024,102
1162069500,U023,90
1162069500,U025,60
1162069500,U026,57
1162069500,U027,83
1162069500,U030,66
1162069500,U028,76
1162069500,U029,82
1162069500,U032,47
1162069500,U031,68
1162069500,U033,65
1162069500,U035,62
1162069500,U034,72
1162069500,U037,53
1162069500,U036,80
1162069500,U038,40
1162069500,U039,62
1162069500,U040,88
1162069500,U041,85
1162069500,U042,82
1162069500,U043,69
1162069500,U044,72
1162069500,U045,89
1162069500,U047,53
1162069500,V001,55
1162069500,U046,75
1162069500,V002,54
1162071500,C001,66
1162071500,B001,84
1162071500,C003,93
1162071500,C002,82
1162071500,C004,100
1162071500,C005,92
1162071500,C006,101
1162071500,C007,83
1162071500,C008,110
1162071500,C009,95
1162071500,E001,64
1162071500,P001,81
1162071500,M001,106
1162071500,P002,87
1162071500,U002,62
1162071500,U001,91
1162071500,U003,93
1162071500,U004,94
1162071500,U005,80
1162071500,U006,98
1162071500,U007,95
1162071500,U008,107
1162071500,U009,122
1162071500,U010,87
1162071500,U012,86
1162071500,U011,111
1162071500,U014,80
1162071500,U013,100
1162071500,U015,119
1162071500,U016,109
1162071500,U017,74
1162071500,U021,44
1162071500,U020,78
1162071500,U018,103
1162071500,U019,115
1162071500,U022,86
1162071500,U023,104
1162071500,U024,123
1162071500,U025,66
1162071500,U026,74
1162071500,U027,103
1162071500,U028,95
1162071500,U029,100
1162071500,U030,89
1162071500,U032,60
1162071500,U031,89
1162071500,U035,76
1162071500,U033,79
1162071500,U034,90
1162071500,U036,101
1162071500,U037,69
1162071500,U038,68
1162071500,U039,76
1162071500,U042,96
1162071500,U040,102
1162071500,U041,106
1162071500,U044,91
1162071500,U046,89
1162071500,U045,108
1162071500,U047,67
1162071500,V001,73
1162071500,V002,73
1162072500,B001,73
1162072500,C001,49
1162072500,C003,82
1162072500,C002,71
1162072500,C005,80
1162072500,C004,89
1162072500,C006,92
1162072500,C007,74
1162072500,C009,84
1162072500,C008,98
1162072500,E001,56
1162072500,M001,95
1162072500,P001,69
1162071500,U043,87
1162072500,U002,70
1162072500,U001,79
1162072500,U003,68
1162072500,P002,71
1162072500,U004,86
1162072500,U005,68
1162072500,U006,86
1162072500,U007,83
1162072500,U010,80
1162072500,U008,95
1162072500,U009,92
1162072500,U012,77
1162072500,U011,100
1162072500,U013,88
1162072500,U014,68
1162072500,U015,108
1162072500,U017,62
1162072500,U016,86
1162072500,U018,92
1162072500,U021,52
1162072500,U020,66
1162072500,U022,75
1162072500,U019,102
1162072500,U023,92
1162072500,U024,105
1162072500,U025,50
1162072500,U026,51
1162072500,U027,85
1162072500,U030,79
1162072500,U029,89
1162072500,U028,83
1162072500,U031,69
1162072500,U032,52
1162072500,U034,82
1162072500,U035,65
1162072500,U033,68
1162072500,U036,90
1162072500,U037,63
1162072500,U038,55
1162072500,U039,64
1162072500,U040,90
1162072500,U041,95
1162072500,U042,85
1162072500,U043,78
1162072500,U044,79
1162072500,U045,96
1162072500,U047,56
1162072500,U046,77
1162072500,V001,65
1162072500,V002,64
1162073500,C003,89
1162073500,B001,75
1162073500,C001,68
1162073500,C002,84
1162073500,C005,94
1162073500,C004,82
1162073500,C006,88
1162073500,C008,108
1162073500,C007,73
1162073500,C009,89
1162073500,E001,55
1162073500,M001,101
1162073500,P001,82
1162073500,P002,73
1162073500,U002,53
1162073500,U001,81
1162073500,U004,83
1162073500,U003,78
1162073500,U005,83
1162073500,U006,108
1162073500,U007,90
1162073500,U009,94
1162073500,U010,89
1162073500,U008,117
1162073500,U011,102
1162073500,U012,77
1162073500,U015,113
1162073500,U013,95
1162073500,U014,82
1162073500,U016,95
1162073500,U017,75
1162073500,U021,15
1162073500,U018,94
1162073500,U019,101
1162073500,U020,80
1162073500,U023,105
1162073500,U022,77
1162073500,U024,110
1162073500,U025,83
1162073500,U026,82
1162073500,U027,92
1162073500,U028,85
1162073500,U029,91
1162073500,U030,76
1162073500,U032,46
1162073500,U031,75
1162073500,U034,81
1162073500,U033,94
1162073500,U035,78
1162073500,U036,92
1162073500,U037,50
1162073500,U038,55
1162073500,U039,78
1162073500,U040,103
1162073500,U041,102
1162073500,U043,78
1162073500,U042,107
1162073500,U044,81
1162073500,U046,82
1162073500,V001,68
1162073500,U045,98
1162073500,U047,69
1162073500,V002,63
1162074500,B001,83
1162074500,C001,69
1162074500,C002,85
1162074500,C003,106
1162074500,C004,102
1162074500,C005,95
1162074500,C006,96
1162074500,C007,82
1162074500,C008,112
1162074500,E001,63
1162074500,C009,97
1162074500,M001,113
1162074500,P002,85
1162074500,P001,83
1162074500,U002,61
1162074500,U001,89
1162074500,U003,86
1162074500,U004,91
1162074500,U005,83
1162074500,U006,100
1162074500,U007,102
1162074500,U010,104
1162074500,U009,119
1162074500,U008,109
1162074500,U011,113
1162074500,U012,85
1162074500,U015,122
1162074500,U013,107
1162074500,U014,83
1162074500,U016,106
1162074500,U017,77
1162074500,U021,40
1162074500,U018,101
1162074500,U020,81
1162074500,U022,85
1162074500,U019,110
1162074500,U025,76
1162074500,U024,118
1162074500,U023,106
1162074500,U026,78
1162074500,U027,99
1162074500,U030,84
1162074500,U028,94
1162074500,U029,99
1162074500,U032,54
1162074500,U031,86
1162074500,U033,82
1162074500,U034,89
1162074500,U035,79
1162074500,U036,96
1162074500,U037,59
1162074500,U038,62
1162074500,U039,79
1162074500,U040,104
1162074500,U042,98
1162074500,U043,92
1162074500,U041,110
1162074500,U044,95
1162074500,V001,77
1162074500,U047,70
1162074500,U046,90
1162074500,U045,111
1162074500,V002,71
1162076500,C001,58
1162076500,B001,76
1162076500,C002,75
1162076500,C003,86
1162076500,C004,93
1162076500,C007,74
1162076500,C005,85
1162076500,C006,94
1162076500,C008,102
1162076500,E001,56
1162076500,P001,73
1162076500,C009,89
1162076500,M001,99
1162076500,P002,80
1162076500,U002,53
1162076500,U003,72
1162076500,U001,82
1162076500,U004,86
1162076500,U005,72
1162076500,U007,88
1162076500,U010,80
1162076500,U006,91
1162076500,U008,99
1162076500,U009,95
1162076500,U012,77
1162076500,U013,92
1162076500,U011,102
1162076500,U015,108
1162076500,U014,73
1162076500,U016,102
1162076500,U017,66
1162076500,U020,71
1162076500,U021,53
1162076500,U018,95
1162076500,U019,107
1162076500,U022,77
1162076500,U024,108
1162076500,U023,97
1162076500,U025,58
1162076500,U026,66
1162076500,U027,94
1162076500,U028,86
1162076500,U030,82
1162076500,U029,91
1162076500,U032,52
1162076500,U031,82
1162076500,U033,72
1162076500,U034,82
1162076500,U035,69
1162076500,U037,62
1162076500,U038,60
1162076500,U039,69
1162076500,U040,94
1162076500,U041,95
1162076500,U036,90
1162076500,U042,89
1162076500,U043,79
1162076500,U044,82
1162076500,U047,60
1162076500,U045,99
1162076500,U046,83
1162076500,V001,65
1162076500,V002,64
1162077500,B001,76
1162077500,C003,87
1162077500,C002,75
1162077500,C001,59
1162077500,C005,85
1162077500,C004,93
1162077500,C006,94
1162077500,C007,75
1162077500,C008,103
1162077500,E001,56
1162077500,C009,90
1162077500,P001,74
1162077500,M001,99
1162077500,P002,80
1162077500,U002,54
1162077500,U001,82
1162077500,U003,72
1162077500,U004,86
1162077500,U005,73
1162077500,U007,88
1162077500,U006,91
1162077500,U010,80
1162077500,U009,95
1162077500,U008,100
1162077500,U012,78
1162077500,U011,103
1162077500,U015,108
1162077500,U013,93
1162077500,U014,73
1162077500,U017,67
1162077500,U016,102
1162077500,U021,50
1162077500,U020,71
1162077500,U018,95
1162077500,U019,108
1162077500,U022,78
1162077500,U023,97
1162077500,U025,58
1162077500,U024,109
1162077500,U026,66
1162077500,U027,95
1162077500,U030,82
1162077500,U029,92
1162077500,U032,53
1162077500,U028,87
1162077500,U031,82
1162077500,U035,69
1162077500,U037,62
1162077500,U033,73
1162077500,U036,90
1162077500,U034,82
1162077500,U038,61
1162077500,U039,69
1162077500,U042,90
1162077500,U040,95
1162077500,U041,95
1162077500,U043,79
1162077500,U045,99
1162077500,U046,83
1162077500,U047,60
1162077500,U044,82
1162077500,V001,65
1162077500,V002,64
1165051000,B001,55
1165051000,C002,79
1165051000,C001,72
1165051000,C003,64
1165051000,C005,67
1165051000,C006,62
1165051000,C004,63
1165051000,E001,23
1165051000,C007,59
1165051000,C008,79
1165051000,C009,66
1165051000,P002,60
1165051000,M001,70
1165051000,P001,69
1165051000,U001,61
1165051000,U002,34
1165051000,U004,56
1165051000,U003,60
1165051000,U005,60
1165051000,U006,62
1165051000,U007,58
1165051000,U008,72
1165051000,U009,80
1165051000,U012,52
1165051000,U010,71
1165051000,U011,77
1165051000,U013,63
1165051000,U016,68
1165051000,U015,84
1165051000,U014,76
1165051000,U017,70
1165051000,U018,74
1165051000,U021,65
1165051000,U019,75
1165051000,U022,57
1165051000,U020,79
1165051000,U023,67
1165051000,U024,80
1165051000,U025,74
1165051000,U027,67
1165051000,U026,76
1165051000,U028,66
1165051000,U029,71
1165051000,U030,50
1165051000,U032,46
1165051000,U031,62
1165051000,U034,61
1165051000,U035,68
1165051000,U033,70
1165051000,U037,51
1165051000,U036,70
1165051000,U038,44
1165051000,U039,66
1165051000,U040,67
1165051000,U041,71
1165051000,U042,74
1165051000,U043,55
1165051000,U045,78
1165051000,U044,60
1165051000,U046,62
1165051000,V001,42
1165051000,U047,68
1165051000,V002,46
1165052000,B001,65
1165052000,C002,83
1165052000,C003,66
1165052000,C001,73
1165052000,C005,68
1165052000,C004,66
1165052000,C006,63
1165052000,E001,24
1165052000,C007,64
1165052000,C009,65
1165052000,C008,77
1165052000,M001,72
1165052000,P002,53
1165052000,P001,74
1165052000,U002,32
1165052000,U001,77
1165052000,U003,72
1165052000,U004,58
1165052000,U005,63
1165052000,U007,61
1165052000,U006,63
1165052000,U008,78
1165052000,U012,55
1165052000,U010,75
1165052000,U009,83
1165052000,U011,80
1165052000,U013,66
1165052000,U015,80
1165052000,U014,87
1165052000,U016,70
1165052000,U017,73
1165052000,U021,69
1165052000,U018,75
1165052000,U019,69
1165052000,U020,81
1165052000,U022,72
1165052000,U024,76
1165052000,U023,92
1165052000,U025,79
1165052000,U026,80
1165052000,U027,68
1165052000,U029,73
1165052000,U028,68
1165052000,U030,51
1165052000,U031,63
1165052000,U032,53
1165052000,U034,57
1165052000,U033,88
1165052000,U035,83
1165052000,U036,65
1165052000,U037,69
1165052000,U038,48
1165052000,U039,69
1165052000,U040,67
1165052000,U043,56
1165052000,U042,68
1165052000,U041,67
1165052000,U044,77
1165052000,U045,76
1165052000,V001,48
1165052000,U046,58
1165052000,U047,70
1165052000,V002,49
1165053000,B001,59
1165053000,C003,68
1165053000,C001,71
1165053000,C002,87
1165053000,C004,67
1165053000,C005,71
1165053000,C006,65
1165053000,C007,62
1165053000,E001,22
1165053000,C008,86
1165053000,C009,71
1165053000,P002,49
1165053000,M001,74
1165053000,P001,85
1165053000,U001,65
1165053000,U004,59
1165053000,U003,64
1165053000,U005,64
1165053000,U006,66
1165053000,U002,27
1165053000,U007,62
1165053000,U008,76
1165053000,U010,76
1165053000,U009,84
1165053000,U012,56
1165053000,U011,81
1165053000,U013,67
1165053000,U015,89
1165053000,U016,72
1165053000,U014,85
1165053000,U017,74
1165053000,U021,59
1165053000,U018,78
1165053000,U019,78
1165053000,U020,83
1165053000,U022,61
1165053000,U023,71
1165053000,U024,86
1165053000,U025,77
1165053000,U027,71
1165053000,U026,73
1165053000,U030,53
1165053000,U028,70
1165053000,U032,53
1165053000,U029,75
1165053000,U031,63
1165053000,U034,63
1165053000,U033,74
1165053000,U036,71
1165053000,U035,81
1165053000,U037,62
1165053000,U038,48
1165053000,U039,81
1165053000,U041,74
1165053000,U040,70
1165053000,U042,78
1165053000,U043,60
1165053000,U044,64
1165053000,V001,45
1165053000,U046,64
1165053000,U045,79
1165053000,U047,72
1165053000,V002,51
1165053100,B001,64
1165053100,C003,73
1165053100,C001,76
1165053100,C002,93
1165053100,C004,72
1165053100,C005,76
1165053100,C007,62
1165053100,C008,81
1165053100,C006,69
1165053100,C009,68
1165053100,E001,27
1165053100,M001,79
1165053100,P002,53
1165053100,P001,71
1165053100,U001,70
1165053100,U004,71
1165053100,U003,70
1165053100,U005,70
1165053100,U006,70
1165053100,U002,32
1165053100,U007,83
1165053100,U008,82
1165053100,U010,82
1165053100,U012,61
1165053100,U009,89
1165053100,U011,90
1165053100,U014,90
1165053100,U016,72
1165053100,U015,83
1165053100,U013,72
1165053100,U017,73
1165053100,U021,62
1165053100,U019,73
1165053100,U018,83
1165053100,U022,70
1165053100,U020,83
1165053100,U023,90
1165053100,U024,80
1165053100,U025,82
1165053100,U026,78
1165053100,U027,75
1165053100,U028,85
1165053100,U030,57
1165053100,U029,79
1165053100,U032,51
1165053100,U031,62
1165053100,U034,64
1165053100,U033,79
1165053100,U037,61
1165053100,U036,72
1165053100,U035,82
1165053100,U038,46
1165053100,U039,86
1165053100,U042,83
1165053100,U040,89
1165053100,U043,65
1165053100,U041,66
1165053100,U046,62
1165053100,U044,79
1165053100,U045,88
1165053100,V001,44
1165053100,U047,69
1165054000,B001,63
1165053100,V002,51
1165054000,C003,62
1165054000,C001,72
1165054000,C002,77
1165054000,C004,61
1165054000,C005,65
1165054000,C006,63
1165054000,C007,55
1165054000,C008,76
1165054000,C009,61
1165054000,E001,37
1165054000,M001,68
1165054000,P002,46
1165054000,P001,69
1165054000,U002,38
1165054000,U001,60
1165054000,U004,58
1165054000,U003,58
1165054000,U005,58
1165054000,U006,60
1165054000,U007,56
1165054000,U009,78
1165054000,U008,71
1165054000,U010,72
1165054000,U012,50
1165054000,U011,75
1165054000,U013,61
1165054000,U015,78
1165054000,U016,66
1165054000,U014,74
1165054000,U017,66
1165054000,U018,72
1165054000,U021,66
1165054000,U019,67
1165054000,U020,77
1165054000,U022,55
1165054000,U023,65
1165054000,U024,74
1165054000,U027,65
1165054000,U026,78
1165054000,U025,74
1165054000,U030,51
1165054000,U028,64
1165054000,U029,69
1165054000,U032,48
1165054000,U031,55
1165054000,U033,68
1165054000,U035,66
1165054000,U034,68
1165054000,U036,68
1165054000,U037,57
1165054000,U038,52
1165054000,U039,64
1165054000,U040,65
1165054000,U042,72
1165054000,U043,57
1165054000,U041,66
1165054000,U044,58
1165054000,U045,76
1165054000,U046,54
1165054000,V001,37
1165054000,U047,66
1165054000,V002,44
1165055000,B001,60
1165055000,C001,69
1165055000,C003,67
1165055000,C002,75
1165055000,C004,80
1165055000,C005,71
1165055000,C006,67
1165055000,C007,56
1165055000,C008,89
1165055000,E001,39
1165055000,C009,61
1165055000,M001,73
1165055000,P001,70
1165055000,P002,42
1165055000,U002,38
1165055000,U001,67
1165055000,U003,58
1165055000,U004,61
1165055000,U005,58
1165055000,U006,78
1165055000,U007,62
1165055000,U009,80
1165055000,U010,70
1165055000,U008,86
1165055000,U012,56
1165055000,U011,88
1165055000,U013,67
1165055000,U016,71
1165055000,U015,92
1165055000,U014,73
1165055000,U017,67
1165055000,U021,68
1165055000,U019,80
1165055000,U018,79
1165055000,U020,71
1165055000,U022,62
1165055000,U024,80
1165055000,U023,84
1165055000,U025,71
1165055000,U027,70
1165055000,U026,69
1165055000,U030,55
1165055000,U029,76
1165055000,U032,48
1165055000,U028,71
1165055000,U031,67
1165055000,U034,70
1165055000,U033,82
1165055000,U037,41
1165055000,U036,81
1165055000,U035,69
1165055000,U038,44
1165055000,U039,69
1165055000,U040,70
1165055000,U041,72
1165055000,U042,76
1165055000,U043,54
1165055000,V001,48
1165055000,U046,58
1165055000,U047,64
1165055000,U045,84
1165055000,U044,66
1165055000,V002,45
1165056000,B001,61
1165056000,C003,63
1165056000,C001,72
1165056000,C002,78
1165056000,C004,60
1165056000,C006,57
1165056000,C005,67
1165056000,C007,52
1165056000,E001,35
1165056000,C008,77
1165056000,C009,53
1165056000,P001,61
1165056000,M001,74
1165056000,P002,43
1165056000,U001,70
1165056000,U002,34
1165056000,U004,51
1165056000,U003,61
1165056000,U005,61
1165056000,U006,58
1165056000,U007,58
1165056000,U008,79
1165056000,U010,73
1165056000,U009,80
1165056000,U012,52
1165056000,U011,90
1165056000,U015,82
1165056000,U013,63
1165056000,U014,76
1165056000,U016,67
1165056000,U017,70
1165056000,U018,82
1165056000,U021,72
1165056000,U019,70
1165056000,U020,74
1165056000,U022,55
1165056000,U024,78
1165056000,U023,74
1165056000,U025,74
1165056000,U027,66
1165056000,U026,75
1165056000,U029,79
1165056000,U028,74
1165056000,U030,45
1165056000,U032,45
1165056000,U031,56
1165056000,U034,62
1165056000,U033,70
1165056000,U037,44
1165056000,U036,61
1165056000,U035,72
1165056000,U038,43
1165056000,U039,72
1165056000,U042,79
1165056000,U040,77
1165056000,U041,64
1165056000,U043,56
1165056000,U044,74
1165056000,U046,56
1165056000,U045,86
1165056000,U047,67
1165056000,V001,37
1165057000,B001,59
1165056000,V002,42
1165057000,C002,79
1165057000,C003,68
1165057000,C001,72
1165057000,C004,66
1165057000,C007,51
1165057000,C006,60
1165057000,C008,80
1165057000,E001,43
1165057000,P001,74
1165057000,C005,70
1165057000,U001,71
1165057000,P002,42
1165057000,C009,61
1165057000,U002,30
1165057000,U003,62
1165057000,M001,72
1165057000,U004,55
1165057000,U005,62
1165057000,U006,64
1165057000,U007,61
1165057000,U009,89
1165057000,U008,90
1165057000,U010,73
1165057000,U012,56
1165057000,U011,85
1165057000,U013,66
1165057000,U015,85
1165057000,U014,76
1165057000,U016,79
1165057000,U017,66
1165057000,U018,90
1165057000,U019,73
1165057000,U020,76
1165057000,U022,66
1165057000,U021,70
1165057000,U023,69
1165057000,U024,81
1165057000,U025,74
1165057000,U027,72
1165057000,U026,72
1165057000,U028,80
1165057000,U030,48
1165057000,U029,79
1165057000,U031,55
1165057000,U032,49
1165057000,U033,74
1165057000,U034,70
1165057000,U035,72
1165057000,U036,64
1165057000,U037,45
1165057000,U038,47
1165057000,U039,72
1165057000,U040,86
1165057000,U043,54
1165057000,U041,69
1165057000,U042,79
1165057000,U044,73
1165057000,V001,40
1165057000,U045,93
1165057000,U047,62
1165057000,U046,59
1165057000,V002,40
1165058000,B001,59
1165058000,C003,65
1165058000,C001,66
1165058000,C002,87
1165058000,C004,64
1165058000,C005,68
1165058000,C006,63
1165058000,C007,51
1165058000,C009,65
1165058000,C008,84
1165058000,E001,40
1165058000,M001,71
1165058000,P001,63
1165058000,U002,35
1165058000,U001,71
1165058000,U004,58
1165058000,U003,59
1165058000,U005,55
1165058000,U006,63
1165058000,U007,59
1165058000,P002,42
1165058000,U008,73
1165058000,U009,89
1165058000,U010,65
1165058000,U012,53
1165058000,U011,78
1165058000,U013,64
1165058000,U014,84
1165058000,U016,69
1165058000,U015,89
1165058000,U017,62
1165058000,U018,90
1165058000,U019,76
1165058000,U021,69
1165058000,U020,77
1165058000,U022,66
1165058000,U023,68
1165058000,U025,68
1165058000,U024,85
1165058000,U027,74
1165058000,U026,75
1165058000,U028,80
1165058000,U030,51
1165058000,U029,72
1165058000,U032,45
1165058000,U031,51
1165058000,U033,71
1165058000,U034,71
1165058000,U035,78
1165058000,U037,45
1165058000,U036,67
1165058000,U038,48
1165058000,U039,68
1165058000,U040,68
1165058000,U041,69
1165058000,U043,51
1165058000,U042,75
1165058000,U044,73
1165058000,U045,93
1165058000,U046,57
1165058000,U047,62
1165058000,V002,40
1165058000,V001,45
1165058100,B001,54
1165058100,C001,73
1165058100,C003,64
1165058100,C004,64
1165058100,C005,68
1165058100,C002,77
1165058100,C006,57
1165058100,E001,25
1165058100,C007,46
1165058100,C009,62
1165058100,C008,77
1165058100,U002,15
1165058100,P002,38
1165058100,M001,70
1165058100,P001,69
1165058100,U001,62
1165058100,U004,51
1165058100,U003,56
1165058100,U005,61
1165058100,U006,62
1165058100,U007,59
1165058100,U009,81
1165058100,U008,79
1165058100,U010,71
1165058100,U012,53
1165058100,U011,77
1165058100,U013,64
1165058100,U015,82
1165058100,U014,74
1165058100,U016,68
1165058100,U017,57
1165058100,U021,67
1165058100,U018,75
1165058100,U020,67
1165058100,U019,70
1165058100,U022,57
1165058100,U024,78
1165058100,U023,73
1165058100,U025,79
1165058100,U026,71
1165058100,U027,67
1165058100,U030,45
1165058100,U029,71
1165058100,U028,66
1165058100,U032,41
1165058100,U031,46
1165058100,U034,62
1165058100,U033,72
1165058100,U036,61
1165058100,U035,67
1165058100,U037,46
1165058100,U038,39
1165058100,U039,67
1165058100,U041,70
1165058100,U040,68
1165058100,U042,70
1165058100,U043,57
1165058100,U044,60
1165058100,U045,75
1165058100,U047,53
1165058100,U046,55
1165058100,V001,37
1165058100,V002,35
1165059000,B001,59
1165059000,C003,67
1165059000,C001,72
1165059000,C002,86
1165059000,C005,78
1165059000,C004,68
1165059000,C006,62
1165059000,C007,50
1165059000,C008,86
1165059000,E001,36
1165059000,C009,70
1165059000,P001,74
1165059000,P002,42
1165059000,M001,84
1165059000,U001,69
1165059000,U002,24
1165059000,U004,60
1165059000,U003,67
1165059000,U005,71
1165059000,U007,72
1165059000,U006,67
1165059000,U009,91
1165059000,U008,87
1165059000,U010,78
1165059000,U012,59
1165059000,U011,88
1165059000,U013,77
1165059000,U015,78
1165059000,U014,84
1165059000,U016,79
1165059000,U017,62
1165059000,U019,73
1165059000,U021,63
1165059000,U018,82
1165059000,U020,76
1165059000,U022,62
1165059000,U024,74
1165059000,U023,88
1165059000,U025,75
1165059000,U026,70
1165059000,U027,72
1165059000,U030,50
1165059000,U029,78
1165059000,U028,87
1165059000,U032,44
1165059000,U031,51
1165059000,U034,69
1165059000,U033,73
1165059000,U037,44
1165059000,U035,72
1165059000,U036,66
1165059000,U038,39
1165059000,U041,66
1165059000,U039,67
1165059000,U042,80
1165059000,U040,87
1165059000,U043,60
1165059000,U045,92
1165059000,U044,80
1165059000,U046,61
1165059000,V001,47
1165059000,U047,62
1165059000,V002,40
1165060000,C003,64
1165060000,B001,58
1165060000,C001,65
1165060000,C002,81
1165060000,C005,67
1165060000,C004,70
1165060000,C006,55
1165060000,C007,58
1165060000,C008,76
1165060000,E001,33
1165060000,C009,61
1165060000,M001,73
1165060000,P002,50
1165060000,P001,79
1165060000,U002,30
1165060000,U001,65
1165060000,U004,50
1165060000,U003,67
1165060000,U005,60
1165060000,U006,69
1165060000,U007,58
1165060000,U008,77
1165060000,U009,78
1165060000,U010,73
1165060000,U012,52
1165060000,U011,85
1165060000,U013,72
1165060000,U015,81
1165060000,U016,68
1165060000,U014,78
1165060000,U017,72
1165060000,U021,51
1165060000,U019,68
1165060000,U018,78
1165060000,U020,76
1165060000,U022,60
1165060000,U023,72
1165060000,U024,77
1165060000,U025,72
1165060000,U026,63
1165060000,U027,67
1165060000,U030,43
1165060000,U028,69
1165060000,U029,74
1165060000,U031,52
1165060000,U032,33
1165060000,U034,61
1165060000,U033,70
1165060000,U036,59
1165060000,U035,75
1165060000,U037,38
1165060000,U038,36
1165060000,U039,74
1165060000,U040,81
1165060000,U041,69
1165060000,U042,69
1165060000,U043,58
1165060000,U044,64
1165060000,U046,54
1165060000,U045,81
1165060000,U047,65
1165060000,V001,35
1165061000,C003,72
1165060000,V002,48
1165061000,B001,61
1165061000,C001,64
1165061000,C002,81
1165061000,C005,75
1165061000,C004,68
1165061000,C007,59
1165061000,C006,69
1165061000,C008,91
1165061000,E001,44
1165061000,P002,47
1165061000,C009,76
1165061000,P001,79
1165061000,M001,80
1165061000,U001,67
1165061000,U002,48
1165061000,U003,63
1165061000,U005,71
1165061000,U004,64
1165061000,U006,67
1165061000,U007,69
1165061000,U009,80
1165061000,U008,87
1165061000,U010,85
1165061000,U012,63
1165061000,U011,86
1165061000,U013,73
1165061000,U015,94
1165061000,U014,78
1165061000,U016,79
1165061000,U017,72
1165061000,U018,80
1165061000,U021,53
1165061000,U019,82
1165061000,U020,74
1165061000,U022,63
1165061000,U023,72
1165061000,U024,90
1165061000,U026,69
1165061000,U025,70
1165061000,U027,77
1165061000,U028,71
1165061000,U030,57
1165061000,U029,77
1165061000,U031,54
1165061000,U032,45
1165061000,U034,68
1165061000,U033,78
1165061000,U037,52
1165061000,U036,76
1165061000,U035,74
1165061000,U038,41
1165061000,U039,74
1165061000,U041,81
1165061000,U040,77
1165061000,U042,77
1165061000,U043,65
1165061000,U045,84
1165061000,U044,67
1165061000,U046,69
1165061000,V001,62
1165061000,U047,60
1165061000,V002,49
1165062000,C003,76
1165062000,B001,65
1165062000,C001,67
1165062000,C002,84
1165062000,C006,69
1165062000,C005,86
1165062000,C004,72
1165062000,C007,63
1165062000,C008,89
1165062000,E001,40
1165062000,C009,80
1165062000,P001,82
1165062000,M001,84
1165062000,P002,63
1165062000,U002,38
1165062000,U001,71
1165062000,U004,63
1165062000,U003,67
1165062000,U005,74
1165062000,U007,73
1165062000,U006,71
1165062000,U009,84
1165062000,U010,88
1165062000,U008,91
1165062000,U012,67
1165062000,U011,90
1165062000,U013,77
1165062000,U015,95
1165062000,U016,83
1165062000,U014,81
1165062000,U017,75
1165062000,U018,84
1165062000,U021,51
1165062000,U019,82
1165062000,U020,79
1165062000,U022,67
1165062000,U024,91
1165062000,U023,76
1165062000,U025,82
1165062000,U026,77
1165062000,U027,83
1165062000,U030,57
1165062000,U028,75
1165062000,U029,81
1165062000,U032,47
1165062000,U031,58
1165062000,U034,72
1165062000,U033,81
1165062000,U035,77
1165062000,U036,73
1165062000,U037,55
1165062000,U038,40
1165062000,U039,77
1165062000,U041,83
1165062000,U042,81
1165062000,U040,80
1165062000,U043,69
1165062000,U046,73
1165062000,V001,49
1165062000,U044,71
1165062000,U045,88
1165062000,U047,64
1165062000,V002,53
1165062100,B001,59
1165062100,C001,65
1165062100,C003,64
1165062100,C002,79
1165062100,C004,71
1165062100,C005,67
1165062100,C006,55
1165062100,C007,55
1165062100,C008,76
1165062100,C009,61
1165062100,E001,36
1165062100,M001,73
1165062100,P002,46
1165062100,P001,71
1165062100,U002,30
1165062100,U001,65
1165062100,U004,50
1165062100,U003,68
1165062100,U005,60
1165062100,U006,70
1165062100,U007,59
1165062100,U008,77
1165062100,U009,78
1165062100,U010,74
1165062100,U011,85
1165062100,U012,52
1165062100,U013,73
1165062100,U015,81
1165062100,U014,76
1165062100,U016,68
1165062100,U017,66
1165062100,U019,69
1165062100,U018,78
1165062100,U021,60
1165062100,U020,72
1165062100,U022,60
1165062100,U024,77
1165062100,U023,72
1165062100,U025,72
1165062100,U026,63
1165062100,U027,67
1165062100,U028,69
1165062100,U030,43
1165062100,U029,74
1165062100,U031,52
1165062100,U032,37
1165062100,U034,66
1165062100,U033,70
1165062100,U035,79
1165062100,U037,39
1165062100,U036,60
1165062100,U038,32
1165062100,U039,78
1165062100,U042,69
1165062100,U041,69
1165062100,U040,81
1165062100,U043,59
1165062100,U045,82
1165062100,U044,65
1165062100,U046,54
1165062100,V001,36
1165062100,U047,57
1165062100,V002,44
1165065100,C003,90
1165065100,B001,79
1165065100,C002,94
1165065100,C001,87
1165065100,C005,93
1165065100,C006,81
1165065100,C004,86
1165065100,C007,77
1165065100,C008,101
1165065100,E001,48
1165065100,C009,87
1165065100,M001,96
1165065100,P002,67
1165065100,P001,92
1165065100,U002,45
1165065100,U001,85
1165065100,U004,76
1165065100,U003,81
1165065100,U005,86
1165065100,U007,84
1165065100,U006,85
1165065100,U009,98
1165065100,U008,105
1165065100,U010,93
1165065100,U012,78
1165065100,U011,104
1165065100,U013,89
1165065100,U014,101
1165065100,U015,103
1165065100,U016,94
1165065100,U017,89
1165065100,U018,98
1165065100,U021,73
1165065100,U019,98
1165065100,U020,92
1165065100,U022,81
1165065100,U024,98
1165065100,U023,90
1165065100,U025,93
1165065100,U027,93
1165065100,U026,92
1165065100,U028,89
1165065100,U030,69
1165065100,U029,95
1165065100,U032,67
1165065100,U031,72
1165065100,U033,92
1165065100,U034,79
1165065100,U035,92
1165065100,U037,68
1165065100,U036,91
1165065100,U038,62
1165065100,U039,97
1165065100,U040,94
1165065100,U043,76
1165065100,U041,90
1165065100,U042,95
1165065100,U044,85
1165065100,U046,80
1165065100,V001,61
1165065100,U047,78
1165065100,V002,67
1165065100,U045,102
1165065200,B001,83
1165065200,C001,85
1165065200,C002,98
1165065200,C003,83
1165065200,C005,86
1165065200,C004,82
1165065200,C006,72
1165065200,C007,78
1165065200,C008,92
1165065200,E001,49
1165065200,C009,82
1165065200,M001,89
1165065200,P002,71
1165065200,P001,86
1165065200,U002,55
1165065200,U001,81
1165065200,U004,66
1165065200,U003,79
1165065200,U005,79
1165065200,U006,81
1165065200,U007,78
1165065200,U009,99
1165065200,U008,92
1165065200,U010,87
1165065200,U012,71
1165065200,U011,96
1165065200,U013,83
1165065200,U016,87
1165065200,U015,101
1165065200,U014,95
1165065200,U017,89
1165065200,U021,78
1165065200,U019,95
1165065200,U018,94
1165065200,U020,98
1165065200,U022,76
1165065200,U024,96
1165065200,U023,86
1165065200,U025,91
1165065200,U026,93
1165065200,U027,86
1165065200,U030,60
1165065200,U029,90
1165065200,U028,85
1165065200,U031,79
1165065200,U032,63
1165065200,U034,75
1165065200,U033,89
1165065200,U035,88
1165065200,U036,84
1165065200,U037,69
1165065200,U038,70
1165065200,U039,86
1165065200,U040,85
1165065200,U041,88
1165065200,U042,93
1165065200,U043,68
1165065200,U044,80
1165065200,U046,76
1165065200,U045,98
1165065200,V001,52
1165065200,U047,87
1165065200,V002,66
1165066000,B001,63
1165066000,C001,98
1165066000,C003,78
1165066000,C002,97
1165066000,C004,95
1165066000,C005,90
1165066000,C006,81
1165066000,C007,62
1165066000,C008,100
1165066000,E001,60
1165066000,C009,91
1165066000,M001,102
1165066000,P002,58
1165066000,P001,94
1165066000,U001,75
1165066000,U002,67
1165066000,U004,75
1165066000,U003,70
1165066000,U005,74
1165066000,U007,85
1165066000,U006,89
1165066000,U009,97
1165066000,U008,97
1165066000,U010,96
1165066000,U012,76
1165066000,U011,102
1165066000,U013,96
1165066000,U015,106
1165066000,U016,84
1165066000,U014,95
1165066000,U017,87
1165066000,U018,93
1165066000,U019,100
1165066000,U021,86
1165066000,U020,104
1165066000,U022,70
1165066000,U024,101
1165066000,U023,92
1165066000,U026,102
1165066000,U025,99
1165066000,U027,78
1165066000,U030,69
1165066000,U028,85
1165066000,U029,94
1165066000,U031,76
1165066000,U032,72
1165066000,U033,84
1165066000,U035,81
1165066000,U036,84
1165066000,U034,80
1165066000,U037,92
1165066000,U038,71
1165066000,U039,78
1165066000,U040,94
1165066000,U041,93
1165066000,U042,87
1165066000,U043,77
1165066000,U044,87
1165066000,U045,100
1165066000,U046,85
1165066000,V001,74
1165066000,U047,84
1168051000,B001,55
1165066000,V002,62
1168051000,C003,65
1168051000,C002,85
1168051000,C001,80
1168051000,C005,68
1168051000,C004,64
1168051000,C006,63
1168051000,C007,50
1168051000,C009,63
1168051000,C008,79
1168051000,E001,45
1168051000,M001,71
1168051000,P002,42
1168051000,P001,76
1168051000,U001,67
1168051000,U002,45
1168051000,U004,61
1168051000,U003,62
1168051000,U005,66
1168051000,U006,63
1168051000,U007,59
1168051000,U009,85
1168051000,U008,73
1168051000,U010,77
1168051000,U011,80
1168051000,U012,53
1168051000,U013,64
1168051000,U016,72
1168051000,U014,83
1168051000,U015,75
1168051000,U017,73
1168051000,U018,75
1168051000,U019,70
1168051000,U021,77
1168051000,U020,78
1168051000,U022,62
1168051000,U023,82
1168051000,U024,71
1168051000,U027,68
1168051000,U025,81
1168051000,U026,85
1168051000,U028,76
1168051000,U030,60
1168051000,U029,72
1168051000,U031,62
1168051000,U032,55
1168051000,U033,78
1168051000,U034,75
1168051000,U035,73
1168051000,U037,60
1168051000,U036,68
1168051000,U038,59
1168051000,U039,70
1168051000,U040,81
1168051000,U043,64
1168051000,U042,84
1168051000,U041,63
1168051000,U044,67
1168051000,U045,79
1168051000,V001,36
1168051000,U046,52
1168051000,U047,64
1168051000,V002,54
1168052100,B001,57
1168052100,C003,61
1168052100,C001,75
1168052100,C002,76
1168052100,C004,66
1168052100,C005,64
1168052100,C006,52
1168052100,C007,56
1168052100,C008,72
1168052100,C009,61
1168052100,E001,39
1168052100,M001,69
1168052100,P002,44
1168052100,P001,71
1168052100,U001,69
1168052100,U002,34
1168052100,U003,64
1168052100,U004,47
1168052100,U005,67
1168052100,U007,55
1168052100,U006,66
1168052100,U009,77
1168052100,U008,74
1168052100,U010,76
1168052100,U012,49
1168052100,U011,83
1168052100,U013,69
1168052100,U015,71
1168052100,U014,73
1168052100,U016,65
1168052100,U017,68
1168052100,U019,65
1168052100,U021,70
1168052100,U018,71
1168052100,U020,75
1168052100,U022,63
1168052100,U023,69
1168052100,U024,67
1168052100,U026,73
1168052100,U027,64
1168052100,U025,82
1168052100,U029,68
1168052100,U028,77
1168052100,U030,40
1168052100,U031,62
1168052100,U032,43
1168052100,U034,63
1168052100,U033,80
1168052100,U035,75
1168052100,U036,56
1168052100,U037,48
1168052100,U038,42
1168052100,U039,75
1168052100,U040,72
1168052100,U042,65
1168052100,U041,59
1168052100,U043,53
1168052100,V001,28
1168052100,U045,75
1168052100,U046,51
1168052100,U044,68
1168052100,U047,65
1168052100,V002,46
1168053100,B001,63
1168053100,C003,68
1168053100,C001,76
1168053100,C002,82
1168053100,C004,55
1168053100,C005,71
1168053100,C006,48
1168053100,C007,59
1168053100,C009,47
1168053100,C008,69
1168053100,E001,40
1168053100,M001,66
1168053100,P002,51
1168053100,P001,78
1168053100,U002,34
1168053100,U001,57
1168053100,U004,43
1168053100,U003,61
1168053100,U005,62
1168053100,U006,53
1168053100,U007,62
1168053100,U008,70
1168053100,U010,75
1168053100,U012,56
1168053100,U011,92
1168053100,U013,65
1168053100,U015,74
1168053100,U014,79
1168053100,U016,72
1168053100,U017,68
1168053100,U019,61
1168053100,U018,87
1168053100,U020,82
1168053100,U021,70
1168053100,U023,65
1168053100,U022,70
1168053100,U024,70
1168053100,U025,82
1168053100,U027,71
1168053100,U026,74
1168053100,U028,61
1168053100,U029,79
1168053100,U030,36
1168053100,U009,79
1168053100,U032,44
1168053100,U031,62
1168053100,U034,58
1168053100,U033,74
1168053100,U035,67
1168053100,U036,52
1168053100,U037,49
1168053100,U038,42
1168053100,U039,64
1168053100,U042,62
1168053100,U041,62
1168053100,U040,64
1168053100,U043,48
1168053100,V001,21
1168053100,U044,56
1168053100,U047,70
1168053100,U046,44
1168053100,U045,84
1168053100,V002,49
1168054500,B001,49
1168054500,C002,74
1168054500,C003,59
1168054500,C001,84
1168054500,C004,57
1168054500,C005,62
1168054500,C006,55
1168054500,C007,55
1168054500,C009,39
1168054500,C008,74
1168054500,E001,43
1168054500,P002,43
1168054500,M001,69
1168054500,U001,63
1168054500,P001,76
1168054500,U002,43
1168054500,U004,49
1168054500,U003,55
1168054500,U007,54
1168054500,U006,52
1168054500,U005,55
1168054500,U009,71
1168054500,U012,47
1168054500,U008,82
1168054500,U011,84
1168054500,U010,79
1168054500,U013,58
1168054500,U016,62
1168054500,U015,90
1168054500,U017,66
1168054500,U014,71
1168054500,U018,79
1168054500,U021,72
1168054500,U019,68
1168054500,U020,73
1168054500,U022,56
1168054500,U023,58
1168054500,U024,87
1168054500,U027,71
1168054500,U026,83
1168054500,U025,81
1168054500,U029,71
1168054500,U028,60
1168054500,U030,48
1168054500,U032,53
1168054500,U031,57
1168054500,U034,62
1168054500,U033,65
1168054500,U036,60
1168054500,U037,58
1168054500,U035,66
1168054500,U039,63
1168054500,U038,52
1168054500,U040,56
1168054500,U042,58
1168054500,U041,72
1168054500,U043,52
1168054500,U044,64
1168054500,U046,43
1168054500,U045,76
1168054500,U047,62
1168054500,V001,27
1168054500,V002,41
1168056500,B001,54
1168056500,C003,65
1168056500,C001,78
1168056500,C004,54
1168056500,C002,79
1168056500,C005,68
1168056500,C006,63
1168056500,C007,75
1168056500,C009,46
1168056500,C008,72
1168056500,E001,56
1168056500,M001,69
1168056500,P002,56
1168056500,P001,75
1168056500,U002,47
1168056500,U001,68
1168056500,U004,43
1168056500,U003,61
1168056500,U005,61
1168056500,U007,64
1168056500,U006,52
1168056500,U009,81
1168056500,U008,74
1168056500,U012,53
1168056500,U010,78
1168056500,U011,78
1168056500,U013,64
1168056500,U016,68
1168056500,U015,77
1168056500,U014,77
1168056500,U017,67
1168056500,U019,65
1168056500,U021,73
1168056500,U018,75
1168056500,U020,79
1168056500,U022,61
1168056500,U024,74
1168056500,U023,67
1168056500,U025,80
1168056500,U026,87
1168056500,U027,67
1168056500,U030,42
1168056500,U029,81
1168056500,U028,66
1168056500,U032,57
1168056500,U031,63
1168056500,U033,71
1168056500,U034,58
1168056500,U036,60
1168056500,U035,67
1168056500,U037,62
1168056500,U038,55
1168056500,U039,63
1168056500,U041,66
1168056500,U040,86
1168056500,U042,52
1168056500,U043,46
1168056500,U046,46
1168056500,U045,76
1168056500,U044,62
1168056500,V001,32
1168056500,U047,68
1168058000,B001,64
1168056500,V002,64
1168058000,C003,69
1168058000,C001,70
1168058000,C002,76
1168058000,C006,58
1168058000,C005,72
1168058000,C004,71
1168058000,C007,71
1168058000,C008,67
1168058000,C009,49
1168058000,E001,41
1168058000,M001,64
1168058000,P001,67
1168058000,P002,52
1168058000,U002,40
1168058000,U001,77
1168058000,U004,42
1168058000,U003,59
1168058000,U005,60
1168058000,U006,55
1168058000,U007,68
1168058000,U008,69
1168058000,U010,69
1168058000,U012,57
1168058000,U009,76
1168058000,U011,89
1168058000,U013,64
1168058000,U015,82
1168058000,U014,73
1168058000,U016,75
1168058000,U017,67
1168058000,U021,70
1168058000,U018,75
1168058000,U020,71
1168058000,U019,60
1168058000,U022,71
1168058000,U024,78
1168058000,U023,69
1168058000,U026,79
1168058000,U027,86
1168058000,U025,72
1168058000,U028,77
1168058000,U030,41
1168058000,U029,82
1168058000,U034,52
1168058000,U031,59
1168058000,U032,49
1168058000,U033,73
1168058000,U035,70
1168058000,U036,55
1168058000,U037,56
1168058000,U038,47
1168058000,U039,69
1168058000,U040,84
1168058000,U043,38
1168058000,U041,78
1168058000,U042,72
1168058000,U044,78
1168058000,V001,36
1168058000,U045,87
1168058000,U046,46
1168058000,U047,64
1168058000,V002,60
1168059000,B001,51
1168059000,C001,70
1168059000,C003,69
1168059000,C002,76
1168059000,C004,55
1168059000,C005,72
1168059000,C007,60
1168059000,C006,52
1168059000,C008,72
1168059000,C009,48
1168059000,E001,41
1168059000,P002,52
1168059000,M001,64
1168059000,P001,67
1168059000,U002,40
1168059000,U001,57
1168059000,U004,46
1168059000,U003,60
1168059000,U005,60
1168059000,U006,54
1168059000,U007,57
1168059000,U008,63
1168059000,U009,70
1168059000,U010,69
1168059000,U012,57
1168059000,U011,77
1168059000,U013,62
1168059000,U015,77
1168059000,U016,75
1168059000,U014,73
1168059000,U017,67
1168059000,U019,65
1168059000,U018,70
1168059000,U021,66
1168059000,U020,72
1168059000,U022,52
1168059000,U024,73
1168059000,U023,59
1168059000,U025,72
1168059000,U026,80
1168059000,U027,72
1168059000,U029,66
1168059000,U030,40
1168059000,U028,61
1168059000,U032,50
1168059000,U031,60
1168059000,U034,57
1168059000,U033,73
1168059000,U035,68
1168059000,U036,62
1168059000,U037,52
1168059000,U038,48
1168059000,U039,65
1168059000,U040,57
1168059000,U041,65
1168059000,U043,41
1168059000,U042,54
1168059000,V001,33
1168059000,U045,73
1168059000,U046,45
1168059000,U044,57
1168059000,U047,64
1168059000,V002,49
1168060000,B001,62
1168060000,C003,71
1168060000,C002,86
1168060000,C001,79
1168060000,C004,60
1168060000,C005,74
1168060000,C006,57
1168060000,C007,66
1168060000,C008,77
1168060000,E001,38
1168060000,C009,53
1168060000,M001,77
1168060000,P002,58
1168060000,P001,75
1168060000,U002,43
1168060000,U001,69
1168060000,U003,67
1168060000,U004,51
1168060000,U007,65
1168060000,U005,67
1168060000,U006,58
1168060000,U008,68
1168060000,U012,59
1168060000,U010,78
1168060000,U009,87
1168060000,U011,84
1168060000,U013,70
1168060000,U015,82
1168060000,U016,75
1168060000,U014,83
1168060000,U017,73
1168060000,U021,66
1168060000,U018,82
1168060000,U019,70
1168060000,U020,86
1168060000,U022,64
1168060000,U024,78
1168060000,U023,64
1168060000,U025,80
1168060000,U026,83
1168060000,U027,74
1168060000,U028,73
1168060000,U029,78
1168060000,U030,45
1168060000,U031,69
1168060000,U032,53
1168060000,U034,57
1168060000,U033,77
1168060000,U035,73
1168060000,U036,61
1168060000,U037,58
1168060000,U038,58
1168060000,U039,69
1168060000,U040,67
1168060000,U041,70
1168060000,U043,46
1168060000,U042,58
1168060000,U046,49
1168060000,U044,67
1168060000,U045,85
1168060000,V001,40
1168060000,U047,75
1168060000,V002,54
1168061000,B001,75
1168061000,C003,81
1168061000,C001,80
1168061000,C005,84
1168061000,C002,96
1168061000,C004,61
1168061000,C006,58
1168061000,C007,82
1168061000,E001,42
1168061000,C009,54
1168061000,C008,78
1168061000,M001,75
1168061000,P001,78
1168061000,P002,66
1168061000,U001,70
1168061000,U002,52
1168061000,U004,53
1168061000,U003,68
1168061000,U005,68
1168061000,U007,69
1168061000,U008,80
1168061000,U006,59
1168061000,U010,79
1168061000,U009,97
1168061000,U012,69
1168061000,U013,74
1168061000,U011,88
1168061000,U014,93
1168061000,U015,83
1168061000,U016,85
1168061000,U017,81
1168061000,U019,71
1168061000,U021,66
1168061000,U020,92
1168061000,U018,91
1168061000,U022,65
1168061000,U024,79
1168061000,U023,65
1168061000,U027,84
1168061000,U025,83
1168061000,U026,90
1168061000,U028,74
1168061000,U030,46
1168061000,U029,79
1168061000,U032,60
1168061000,U031,70
1168061000,U034,61
1168061000,U033,87
1168061000,U036,60
1168061000,U035,81
1168061000,U037,65
1168061000,U038,58
1168061000,U039,77
1168061000,U040,72
1168061000,U041,71
1168061000,U043,49
1168061000,U042,59
1168061000,U044,90
1168061000,U046,53
1168061000,V001,47
1168061000,U047,85
1168061000,U045,92
1168061000,V002,71
1168063000,B001,69
1168063000,C001,80
1168063000,C003,77
1168063000,C002,97
1168063000,C004,63
1168063000,C005,80
1168063000,C006,60
1168063000,C007,75
1168063000,C008,80
1168063000,C009,56
1168063000,E001,37
1168063000,M001,73
1168063000,P001,75
1168063000,P002,63
1168063000,U002,54
1168063000,U001,75
1168063000,U004,60
1168063000,U003,70
1168063000,U005,70
1168063000,U006,62
1168063000,U007,74
1168063000,U008,72
1168063000,U010,76
1168063000,U012,65
1168063000,U009,88
1168063000,U011,95
1168063000,U015,83
1168063000,U013,79
1168063000,U014,94
1168063000,U016,97
1168063000,U017,77
1168063000,U019,73
1168063000,U021,67
1168063000,U020,92
1168063000,U018,88
1168063000,U023,67
1168063000,U022,70
1168063000,U024,82
1168063000,U025,80
1168063000,U026,88
1168063000,U027,80
1168063000,U028,79
1168063000,U029,84
1168063000,U030,48
1168063000,U032,58
1168063000,U031,71
1168063000,U034,54
1168063000,U033,83
1168063000,U035,76
1168063000,U036,65
1168063000,U038,58
1168063000,U037,60
1168063000,U039,73
1168063000,U043,51
1168063000,U040,70
1168063000,U042,61
1168063000,U041,74
1168063000,U044,74
1168063000,U046,58
1168063000,V001,47
1168063000,U045,92
1168063000,U047,82
1168063000,V002,65
1168064000,B001,61
1168064000,C003,68
1168064000,C001,72
1168064000,C002,88
1168064000,C004,74
1168064000,C005,72
1168064000,C006,60
1168064000,C007,60
1168064000,E001,35
1168064000,C009,63
1168064000,C008,73
1168064000,P002,48
1168064000,M001,71
1168064000,P001,86
1168064000,U002,37
1168064000,U001,73
1168064000,U004,63
1168064000,U005,71
1168064000,U003,68
1168064000,U006,72
1168064000,U007,72
1168064000,U008,74
1168064000,U010,79
1168064000,U012,57
1168064000,U009,85
1168064000,U011,83
1168064000,U013,77
1168064000,U014,86
1168064000,U015,75
1168064000,U016,79
1168064000,U017,78
1168064000,U021,58
1168064000,U018,85
1168064000,U020,84
1168064000,U019,64
1168064000,U022,68
1168064000,U023,87
1168064000,U024,71
1168064000,U025,78
1168064000,U027,71
1168064000,U026,77
1168064000,U028,81
1168064000,U030,48
1168064000,U029,82
1168064000,U032,56
1168064000,U031,67
1168064000,U034,55
1168064000,U033,84
1168064000,U035,79
1168064000,U036,63
1168064000,U037,60
1168064000,U038,51
1168064000,U039,80
1168064000,U040,86
1168064000,U042,84
1168064000,U043,52
1168064000,U041,63
1168064000,U044,73
1168064000,U045,89
1168064000,U047,73
1168064000,U046,56
1168064000,V002,52
1168065000,B001,66
1168065000,C001,74
1168065000,C002,80
1168065000,C003,75
1168065000,C004,73
1168064000,V001,36
1168065000,C006,60
1168065000,C005,78
1168065000,C007,70
1168065000,C009,56
1168065000,C008,80
1168065000,E001,29
1168065000,M001,85
1168065000,P001,71
1168065000,P002,53
1168065000,U002,48
1168065000,U001,69
1168065000,U003,73
1168065000,U004,62
1168065000,U006,56
1168065000,U005,64
1168065000,U007,70
1168065000,U008,87
1168065000,U012,63
1168065000,U010,74
1168065000,U009,87
1168065000,U011,100
1168065000,U015,84
1168065000,U013,76
1168065000,U014,77
1168065000,U016,79
1168065000,U017,89
1168065000,U019,75
1168065000,U021,60
1168065000,U020,86
1168065000,U018,95
1168065000,U022,73
1168065000,U023,74
1168065000,U024,81
1168065000,U025,76
1168065000,U026,85
1168065000,U027,78
1168065000,U028,84
1168065000,U030,48
1168065000,U029,87
1168065000,U032,62
1168065000,U031,78
1168065000,U034,64
1168065000,U033,89
1168065000,U035,84
1168065000,U036,59
1168065000,U037,56
1168065000,U038,58
1168065000,U039,66
1168065000,U040,72
1168065000,U041,68
1168065000,U042,74
1168065000,U043,54
1168065000,U045,92
1168065000,U044,83
1168065000,V001,34
1168065000,U046,52
1168065000,U047,75
1168065000,V002,59
1168065500,B001,66
1168065500,C003,75
1168065500,C001,77
1168065500,C002,90
1168065500,C005,78
1168065500,C004,66
1168065500,C006,64
1168065500,C007,74
1168065500,C008,85
1168065500,E001,35
1168065500,C009,69
1168065500,M001,81
1168065500,P002,53
1168065500,P001,87
1168065500,U002,46
1168065500,U001,72
1168065500,U004,59
1168065500,U003,75
1168065500,U005,71
1168065500,U006,64
1168065500,U007,69
1168065500,U008,86
1168065500,U010,86
1168065500,U012,63
1168065500,U009,91
1168065500,U011,88
1168065500,U013,74
1168065500,U015,90
1168065500,U014,87
1168065500,U016,79
1168065500,U017,88
1168065500,U021,63
1168065500,U019,75
1168065500,U020,89
1168065500,U018,85
1168065500,U022,68
1168065500,U023,93
1168065500,U024,86
1168065500,U025,83
1168065500,U026,89
1168065500,U027,78
1168065500,U028,76
1168065500,U030,52
1168065500,U029,82
1168065500,U031,69
1168065500,U032,59
1168065500,U034,58
1168065500,U033,81
1168065500,U035,84
1168065500,U036,69
1168065500,U037,58
1168065500,U038,61
1168065500,U039,77
1168065500,U040,92
1168065500,U043,53
1168065500,U042,95
1168065500,U041,68
1168065500,U044,78
1168065500,V001,35
1168065500,U046,60
1168065500,U045,89
1168065500,U047,79
1168065500,V002,57
1168065600,B001,63
1168065600,C002,87
1168065600,C001,80
1168065600,C003,72
1168065600,C004,62
1168065600,C005,75
1168065600,C006,58
1168065600,C007,68
1168065600,C008,79
1168065600,E001,39
1168065600,C009,54
1168065600,M001,78
1168065600,P002,59
1168065600,P001,77
1168065600,U002,44
1168065600,U001,70
1168065600,U004,53
1168065600,U003,68
1168065600,U005,68
1168065600,U006,60
1168065600,U007,67
1168065600,U008,70
1168065600,U010,79
1168065600,U009,89
1168065600,U012,61
1168065600,U011,85
1168065600,U013,72
1168065600,U015,84
1168065600,U016,76
1168065600,U014,84
1168065600,U017,75
1168065600,U018,83
1168065600,U019,72
1168065600,U021,67
1168065600,U020,87
1168065600,U022,65
1168065600,U023,65
1168065600,U024,80
1168065600,U026,84
1168065600,U025,82
1168065600,U027,75
1168065600,U028,74
1168065600,U030,46
1168065600,U029,79
1168065600,U032,54
1168065600,U031,71
1168065600,U034,58
1168065600,U033,78
1168065600,U035,74
1168065600,U036,64
1168065600,U037,59
1168065600,U038,68
1168065600,U039,71
1168065600,U040,63
1168065600,U042,60
1168065600,U043,50
1168065600,U041,72
1168065600,U045,86
1168065600,V001,44
1168065600,U046,51
1168065600,U044,68
1168065600,U047,76
1168065600,V002,55
1168066000,B001,76
1168066000,C003,80
1168066000,C001,89
1168066000,C002,94
1168066000,C004,70
1168066000,C005,83
1168066000,C006,67
1168066000,C007,92
1168066000,C008,87
1168066000,C009,81
1168066000,E001,39
1168066000,M001,86
1168066000,P002,67
1168066000,P001,87
1168066000,U002,50
1168066000,U001,78
1168066000,U003,83
1168066000,U004,60
1168066000,U007,91
1168066000,U006,67
1168066000,U005,77
1168066000,U008,78
1168066000,U012,69
1168066000,U010,89
1168066000,U009,108
1168066000,U011,94
1168066000,U013,80
1168066000,U015,86
1168066000,U016,84
1168066000,U014,92
1168066000,U017,83
1168066000,U019,85
1168066000,U021,76
1168066000,U018,90
1168066000,U022,73
1168066000,U023,74
1168066000,U025,92
1168066000,U024,86
1168066000,U026,96
1168066000,U027,82
1168066000,U029,108
1168066000,U028,82
1168066000,U030,55
1168066000,U031,79
1168066000,U034,69
1168066000,U032,66
1168066000,U020,95
1168066000,U033,87
1168066000,U035,94
1168066000,U036,64
1168066000,U038,69
1168066000,U037,72
1168066000,U039,79
1168066000,U040,93
1168066000,U043,49
1168066000,U041,78
1168066000,U042,72
1168066000,U044,80
1168066000,V001,47
1168066000,U045,112
1168066000,U046,59
1168066000,U047,84
1168067000,B001,67
1168067000,C003,84
1168067000,C002,99
1168066000,V002,81
1168067000,C001,90
1168067000,C004,72
1168067000,C005,92
1168067000,C006,68
1168067000,C007,79
1168067000,C008,89
1168067000,C009,64
1168067000,E001,51
1168067000,M001,81
1168067000,P002,77
1168067000,P001,87
1168067000,U002,57
1168067000,U001,74
1168067000,U004,63
1168067000,U003,78
1168067000,U005,79
1168067000,U007,83
1168067000,U006,70
1168067000,U008,80
1168067000,U010,88
1168067000,U009,86
1168067000,U012,72
1168067000,U011,94
1168067000,U015,94
1168067000,U013,88
1168067000,U016,88
1168067000,U014,96
1168067000,U019,82
1168067000,U021,78
1168067000,U017,85
1168067000,U020,103
1168067000,U018,86
1168067000,U022,69
1168067000,U023,75
1168067000,U024,90
1168067000,U026,97
1168067000,U025,92
1168067000,U027,87
1168067000,U028,78
1168067000,U029,83
1168067000,U030,56
1168067000,U032,67
1168067000,U031,83
1168067000,U034,68
1168067000,U033,90
1168067000,U035,84
1168067000,U036,67
1168067000,U038,65
1168067000,U037,72
1168067000,U039,81
1168067000,U040,73
1168067000,U041,82
1168067000,U043,52
1168067000,U042,69
1168067000,U044,73
1168067000,V001,52
1168067000,U045,90
1168067000,U046,61
1168067000,U047,87
1168067000,V002,71
1168067500,B001,66
1168067500,C003,74
1168067500,C002,89
1168067500,C001,83
1168067500,C005,78
1168067500,C004,74
1168067500,C006,66
1168067500,C007,70
1168067500,C008,87
1168067500,E001,41
1168067500,C009,57
1168067500,M001,80
1168067500,P001,80
1168067500,P002,68
1168067500,U002,46
1168067500,U001,72
1168067500,U003,71
1168067500,U004,61
1168067500,U005,71
1168067500,U007,69
1168067500,U006,72
1168067500,U008,83
1168067500,U009,91
1168067500,U012,63
1168067500,U010,81
1168067500,U011,88
1168067500,U013,74
1168067500,U015,78
1168067500,U016,78
1168067500,U014,87
1168067500,U017,80
1168067500,U018,85
1168067500,U019,79
1168067500,U020,89
1168067500,U021,69
1168067500,U022,67
1168067500,U024,85
1168067500,U023,74
1168067500,U026,86
1168067500,U025,84
1168067500,U027,77
1168067500,U028,76
1168067500,U029,81
1168067500,U030,54
1168067500,U032,56
1168067500,U031,73
1168067500,U034,53
1168067500,U033,81
1168067500,U035,79
1168067500,U036,57
1168067500,U037,61
1168067500,U038,61
1168067500,U039,77
1168067500,U040,77
1168067500,U043,42
1168067500,U042,85
1168067500,U041,79
1168067500,U044,70
1168067500,V001,52
1168067500,U045,88
1168067500,U046,59
1168067500,U047,78
1168067500,V002,57
1168069000,B001,68
1168069000,C003,76
1168069000,C002,91
1168069000,C001,91
1168069000,C004,71
1168069000,C005,80
1168069000,C006,67
1168069000,C007,72
1168069000,C008,88
1168069000,E001,41
1168069000,C009,83
1168069000,M001,82
1168069000,P002,72
1168069000,P001,81
1168069000,U002,52
1168069000,U001,74
1168069000,U004,62
1168069000,U003,73
1168069000,U006,69
1168069000,U005,73
1168069000,U007,71
1168069000,U008,85
1168069000,U009,93
1168069000,U010,83
1168069000,U012,65
1168069000,U011,90
1168069000,U013,76
1168069000,U016,80
1168069000,U015,92
1168069000,U014,88
1168069000,U017,82
1168069000,U021,78
1168069000,U019,87
1168069000,U020,91
1168069000,U018,87
1168069000,U022,69
1168069000,U023,75
1168069000,U024,88
1168069000,U026,88
1168069000,U025,98
1168069000,U027,79
1168069000,U028,78
1168069000,U029,83
1168069000,U030,56
1168069000,U032,58
1168069000,U031,75
1168069000,U034,73
1168069000,U033,83
1168069000,U035,81
1168069000,U036,73
1168069000,U037,63
1168069000,U038,79
1168069000,U039,79
1168069000,U040,93
1168069000,U043,58
1168069000,U041,80
1168069000,U042,69
1168069000,U045,88
1168069000,U044,72
1168069000,V001,49
1168069000,U046,60
1168069000,U047,80
1168069000,V002,59
1168070000,B001,70
1168070000,C003,92
1168070000,C002,107
1168070000,C001,103
1168070000,C005,95
1168070000,C004,82
1168070000,C006,85
1168070000,C007,69
1168070000,C008,97
1168070000,E001,58
1168070000,C009,82
1168070000,P001,97
1168070000,M001,98
1168070000,U002,63
1168070000,P002,66
1168070000,U001,89
1168070000,U004,68
1168070000,U003,77
1168070000,U005,89
1168070000,U006,88
1168070000,U007,86
1168070000,U008,88
1168070000,U010,98
1168070000,U012,80
1168070000,U009,108
1168070000,U011,105
1168070000,U013,91
1168070000,U015,89
1168070000,U014,104
1168070000,U016,96
1168070000,U017,95
1168070000,U019,90
1168070000,U021,89
1168070000,U020,107
1168070000,U018,102
1168070000,U022,83
1168070000,U024,96
1168070000,U023,99
1168070000,U027,86
1168070000,U026,104
1168070000,U025,105
1168070000,U028,94
1168070000,U029,99
1168070000,U030,66
1168070000,U032,74
1168070000,U031,90
1168070000,U034,67
1168070000,U033,98
1168070000,U035,94
1168070000,U036,71
1168070000,U037,79
1168070000,U038,78
1168070000,U039,91
1168070000,U041,92
1168070000,U040,94
1168070000,U043,50
1168070000,U042,84
1168070000,U044,89
1168070000,U046,75
1168070000,U047,96
1168070000,U045,106
1168070000,V001,63
1168070000,V002,74
1168072000,C003,74
1168072000,B001,65
1168072000,C002,89
1168072000,C001,82
1168072000,C004,73
1168072000,C005,77
1168072000,C006,72
1168072000,C007,69
1168072000,E001,41
1168072000,C009,56
1168072000,C008,89
1168072000,M001,80
1168072000,P001,79
1168072000,P002,67
1168072000,U002,46
1168072000,U001,72
1168072000,U003,70
1168072000,U004,65
1168072000,U007,68
1168072000,U005,70
1168072000,U006,72
1168072000,U008,83
1168072000,U009,90
1168072000,U010,81
1168072000,U012,62
1168072000,U011,87
1168072000,U015,74
1168072000,U013,73
1168072000,U016,78
1168072000,U014,86
1168072000,U017,80
1168072000,U021,69
1168072000,U018,84
1168072000,U019,85
1168072000,U020,89
1168072000,U022,67
1168072000,U024,80
1168072000,U023,71
1168072000,U026,86
1168072000,U025,84
1168072000,U027,77
1168072000,U028,76
1168072000,U029,81
1168072000,U030,60
1168072000,U031,72
1168072000,U032,56
1168072000,U034,48
1168072000,U033,80
1168072000,U036,52
1168072000,U035,78
1168072000,U037,61
1168072000,U038,60
1168072000,U039,76
1168072000,U043,37
1168072000,U041,80
1168072000,U042,84
1168072000,U040,76
1168072000,U044,70
1168072000,U045,88
1168072000,V001,52
1168072000,U046,53
1168072000,U047,78
1168072000,V002,57
1168073000,B001,73
1168073000,C003,82
1168073000,C001,96
1168073000,C002,97
1168073000,C005,86
1168073000,C004,76
1168073000,C007,78
1168073000,C006,81
1168073000,C008,94
1168073000,E001,49
1168073000,C009,66
1168073000,M001,88
1168073000,P002,75
1168073000,P001,99
1168073000,U002,54
1168073000,U001,80
1168073000,U003,78
1168073000,U004,69
1168073000,U005,78
1168073000,U007,77
1168073000,U006,72
1168073000,U008,84
1168073000,U010,93
1168073000,U009,99
1168073000,U012,71
1168073000,U011,95
1168073000,U016,86
1168073000,U013,82
1168073000,U015,79
1168073000,U014,94
1168073000,U017,89
1168073000,U019,87
1168073000,U021,82
1168073000,U020,97
1168073000,U018,93
1168073000,U022,75
1168073000,U024,86
1168073000,U023,79
1168073000,U026,94
1168073000,U025,99
1168073000,U027,85
1168073000,U030,62
1168073000,U028,84
1168073000,U029,89
1168073000,U031,81
1168073000,U032,64
1168073000,U034,54
1168073000,U033,88
1168073000,U035,88
1168073000,U036,58
1168073000,U038,69
1168073000,U037,69
1168073000,U039,85
1168073000,U043,49
1168073000,U040,84
1168073000,U041,87
1168073000,U042,71
1168073000,U044,78
1168073000,V001,66
1168073000,U045,93
1168073000,U046,69
1168073000,U047,86
1168073000,V002,65
1168075000,B001,71
1168075000,C002,94
1168075000,C003,79
1168075000,C001,88
1168075000,C004,68
1168075000,C005,83
1168075000,C006,65
1168075000,C007,75
1168075000,C009,61
1168075000,C008,85
1168075000,E001,46
1168075000,P001,83
1168075000,M001,85
1168075000,U002,51
1168075000,P002,72
1168075000,U001,77
1168075000,U004,59
1168075000,U003,75
1168075000,U005,76
1168075000,U006,67
1168075000,U007,74
1168075000,U008,76
1168075000,U012,68
1168075000,U010,86
1168075000,U011,93
1168075000,U009,96
1168075000,U015,74
1168075000,U013,79
1168075000,U014,91
1168075000,U016,83
1168075000,U017,81
1168075000,U019,78
1168075000,U018,90
1168075000,U021,74
1168075000,U020,94
1168075000,U022,72
1168075000,U023,72
1168075000,U024,80
1168075000,U027,82
1168075000,U026,91
1168075000,U025,88
1168075000,U029,86
1168075000,U028,81
1168075000,U030,53
1168075000,U032,61
1168075000,U031,78
1168075000,U034,49
1168075000,U033,86
1168075000,U036,53
1168075000,U035,81
1168075000,U037,66
1168075000,U038,66
1168075000,U040,70
1168075000,U039,77
1168075000,U042,66
1168075000,U041,78
1168075000,U043,38
1168075000,U044,75
1168075000,V001,48
1168075000,U046,57
1168075000,U045,93
1168075000,U047,83
1168075000,V002,62
1171051000,B001,69
1171051000,C003,83
1171051000,C001,106
1171051000,C002,104
1171051000,C004,78
1171051000,C005,91
1171051000,C006,64
1171051000,C007,76
1171051000,C008,79
1171051000,C009,64
1171051000,E001,69
1171051000,M001,84
1171051000,P001,109
1171051000,P002,75
1171051000,U001,76
1171051000,U002,70
1171051000,U004,58
1171051000,U003,74
1171051000,U005,74
1171051000,U006,75
1171051000,U007,74
1171051000,U009,92
1171051000,U008,81
1171051000,U010,107
1171051000,U012,76
1171051000,U011,91
1171051000,U013,77
1171051000,U014,101
1171051000,U015,70
1171051000,U016,86
1171051000,U017,86
1171051000,U018,89
1171051000,U019,72
1171051000,U020,99
1171051000,U021,92
1171051000,U022,71
1171051000,U023,69
1171051000,U024,76
1171051000,U027,88
1171051000,U025,114
1171051000,U026,109
1171051000,U028,80
1171051000,U029,91
1171051000,U030,51
1171051000,U034,44
1171051000,U036,47
1171051000,U032,79
1171051000,U031,81
1171051000,U033,92
1171051000,U035,87
1171051000,U038,77
1171051000,U037,84
1171051000,U039,82
1171051000,U040,76
1171051000,U041,73
1171051000,U043,48
1171051000,U044,74
1171051000,U042,78
1171051000,U045,96
1171051000,U046,62
1171051000,U047,85
1171051000,V001,64
1171051000,V002,66
1171052000,B001,68
1171052000,C001,106
1171052000,C002,100
1171052000,C004,75
1171052000,C005,93
1171052000,C003,84
1171052000,C006,66
1171052000,C009,64
1171052000,E001,69
1171052000,C007,74
1171052000,C008,81
1171052000,M001,86
1171052000,P002,77
1171052000,P001,111
1171052000,U001,74
1171052000,U002,71
1171052000,U003,76
1171052000,U004,48
1171052000,U005,76
1171052000,U007,75
1171052000,U006,77
1171052000,U009,98
1171052000,U008,83
1171052000,U012,74
1171052000,U010,109
1171052000,U011,93
1171052000,U013,79
1171052000,U015,75
1171052000,U014,97
1171052000,U016,88
1171052000,U017,85
1171052000,U018,91
1171052000,U021,92
1171052000,U019,74
1171052000,U020,100
1171052000,U022,69
1171052000,U023,71
1171052000,U024,81
1171052000,U026,110
1171052000,U025,112
1171052000,U027,90
1171052000,U030,57
1171052000,U029,83
1171052000,U028,78
1171052000,U034,15
1171052000,U031,80
1171052000,U032,80
1171052000,U036,51
1171052000,U033,91
1171052000,U035,85
1171052000,U037,85
1171052000,U038,79
1171052000,U039,82
1171052000,U040,91
1171052000,U041,75
1171052000,U043,49
1171052000,U042,74
1171052000,U045,95
1171052000,U046,58
1171052000,U044,76
1171052000,V001,65
1171052000,U047,88
1171052000,V002,64
1171053100,C003,80
1171053100,B001,67
1171053100,C002,101
1171053100,C001,104
1171053100,C004,74
1171053100,C006,57
1171053100,C005,89
1171053100,C007,74
1171053100,C008,77
1171053100,C009,61
1171053100,E001,55
1171053100,M001,82
1171053100,P001,106
1171053100,P002,72
1171053100,U002,60
1171053100,U001,74
1171053100,U004,55
1171053100,U003,72
1171053100,U005,72
1171053100,U007,70
1171053100,U006,73
1171053100,U008,79
1171053100,U009,87
1171053100,U010,105
1171053100,U012,74
1171053100,U011,89
1171053100,U013,75
1171053100,U014,99
1171053100,U015,71
1171053100,U016,83
1171053100,U017,84
1171053100,U018,86
1171053100,U019,70
1171053100,U020,97
1171053100,U021,89
1171053100,U022,69
1171053100,U024,77
1171053100,U023,67
1171053100,U025,93
1171053100,U027,83
1171053100,U026,107
1171053100,U029,83
1171053100,U028,78
1171053100,U030,49
1171053100,U032,77
1171053100,U031,79
1171053100,U034,50
1171053100,U033,90
1171053100,U035,85
1171053100,U036,48
1171053100,U038,75
1171053100,U037,77
1171053100,U039,80
1171053100,U040,77
1171053100,U041,70
1171053100,U043,33
1171053100,U042,70
1171053100,U044,72
1171053100,U045,87
1171053100,U046,60
1171053100,V001,62
1171053100,U047,83
1171053100,V002,64
1171053200,B001,68
1171053200,C003,81
1171053200,C001,105
1171053200,C002,103
1171053200,C004,75
1171053200,C005,90
1171053200,C006,58
1171053200,C007,75
1171053200,C009,63
1171053200,C008,78
1171053200,E001,56
1171053200,M001,83
1171053200,P001,107
1171053200,P002,73
1171053200,U001,75
1171053200,U002,61
1171053200,U003,73
1171053200,U004,56
1171053200,U005,73
1171053200,U007,71
1171053200,U006,74
1171053200,U009,88
1171053200,U008,80
1171053200,U010,106
1171053200,U011,90
1171053200,U012,75
1171053200,U013,76
1171053200,U015,72
1171053200,U014,100
1171053200,U016,84
1171053200,U017,85
1171053200,U019,71
1171053200,U018,88
1171053200,U020,98
1171053200,U021,85
1171053200,U022,70
1171053200,U023,68
1171053200,U024,78
1171053200,U025,94
1171053200,U026,108
1171053200,U027,84
1171053200,U030,50
1171053200,U028,79
1171053200,U029,84
1171053200,U031,80
1171053200,U034,51
1171053200,U032,78
1171053200,U036,49
1171053200,U033,91
1171053200,U035,86
1171053200,U037,78
1171053200,U038,76
1171053200,U039,81
1171053200,U040,78
1171053200,U041,71
1171053200,U043,34
1171053200,U042,71
1171053200,U044,73
1171053200,U046,61
1171053200,U045,88
1171053200,U047,84
1171053200,V001,63
1171053200,V002,65
1171054000,B001,70
1171054000,C001,107
1171054000,C003,83
1171054000,C002,104
1171054000,C004,77
1171054000,C005,91
1171054000,C006,60
1171054000,C007,76
1171054000,C009,64
1171054000,C008,80
1171054000,E001,58
1171054000,M001,85
1171054000,P002,75
1171054000,P001,109
1171054000,U001,76
1171054000,U002,63
1171054000,U003,75
1171054000,U004,58
1171054000,U005,75
1171054000,U006,75
1171054000,U007,73
1171054000,U009,89
1171054000,U008,82
1171054000,U010,108
1171054000,U011,92
1171054000,U012,77
1171054000,U013,78
1171054000,U015,73
1171054000,U014,102
1171054000,U016,86
1171054000,U017,87
1171054000,U019,73
1171054000,U018,89
1171054000,U021,86
1171054000,U020,100
1171054000,U022,72
1171054000,U024,80
1171054000,U023,70
1171054000,U025,96
1171054000,U026,109
1171054000,U027,86
1171054000,U028,81
1171054000,U031,82
1171054000,U033,93
1171054000,U032,79
1171054000,U034,53
1171054000,U030,51
1171054000,U036,51
1171054000,U029,86
1171054000,U035,88
1171054000,U037,79
1171054000,U038,78
1171054000,U039,83
1171054000,U040,82
1171054000,U041,73
1171054000,U042,73
1171054000,U043,36
1171054000,U044,74
1171054000,U045,90
1171054000,U046,63
1171054000,V001,64
1171054000,U047,86
1171054000,V002,66
1171055000,B001,77
1171055000,C003,91
1171055000,C001,101
1171055000,C002,112
1171055000,C005,99
1171055000,C004,84
1171055000,C006,67
1171055000,C007,84
1171055000,C008,87
1171055000,C009,72
1171055000,E001,66
1171055000,M001,92
1171055000,P002,82
1171055000,P001,116
1171055000,U001,84
1171055000,U002,71
1171055000,U004,66
1171055000,U003,82
1171055000,U005,82
1171055000,U007,80
1171055000,U006,83
1171055000,U009,97
1171055000,U008,89
1171055000,U010,99
1171055000,U011,99
1171055000,U012,84
1171055000,U013,85
1171055000,U015,81
1171055000,U014,109
1171055000,U016,93
1171055000,U017,94
1171055000,U019,80
1171055000,U018,97
1171055000,U020,107
1171055000,U021,96
1171055000,U022,79
1171055000,U024,87
1171055000,U023,77
1171055000,U026,117
1171055000,U025,103
1171055000,U027,94
1171055000,U028,88
1171055000,U029,93
1171055000,U030,59
1171055000,U032,87
1171055000,U031,89
1171055000,U034,68
1171055000,U033,100
1171055000,U035,95
1171055000,U036,58
1171055000,U037,86
1171055000,U038,88
1171055000,U039,90
1171055000,U041,80
1171055000,U040,87
1171055000,U043,40
1171055000,U042,80
1171055000,U044,82
1171055000,U045,97
1171055000,U046,71
1171055000,U047,93
1171055000,V001,72
1171055000,V002,74
1171056100,B001,64
1171056100,C003,77
1171056100,C001,101
1171056100,C002,98
1171056100,C004,71
1171056100,C005,86
1171056100,C006,54
1171056100,C007,71
1171056100,C009,58
1171056100,C008,74
1171056100,E001,56
1171056100,M001,79
1171056100,P002,69
1171056100,P001,103
1171056100,U001,71
1171056100,U002,61
1171056100,U003,69
1171056100,U004,58
1171056100,U005,69
1171056100,U007,67
1171056100,U006,70
1171056100,U008,76
1171056100,U009,84
1171056100,U012,71
1171056100,U010,102
1171056100,U011,86
1171056100,U013,72
1171056100,U016,80
1171056100,U015,68
1171056100,U014,96
1171056100,U017,81
1171056100,U021,83
1171056100,U020,94
1171056100,U019,67
1171056100,U018,83
1171056100,U022,66
1171056100,U023,64
1171056100,U024,74
1171056100,U027,80
1171056100,U026,104
1171056100,U025,90
1171056100,U030,46
1171056100,U028,75
1171056100,U029,80
1171056100,U031,76
1171056100,U032,74
1171056100,U034,51
1171056100,U036,45
1171056100,U033,87
1171056100,U035,82
1171056100,U037,74
1171056100,U038,72
1171056100,U039,77
1171056100,U043,30
1171056100,U041,67
1171056100,U040,102
1171056100,U042,67
1171056100,U045,84
1171056100,U046,57
1171056100,U044,69
1171056100,U047,80
1171056100,V001,59
1171056100,V002,61
1171056200,B001,61
1171056200,C001,82
1171056200,C003,87
1171056200,C002,93
1171056200,C004,69
1171056200,C005,90
1171056200,C006,72
1171056200,C007,68
1171056200,C008,81
1171056200,C009,58
1171056200,E001,52
1171056200,M001,79
1171056200,P001,79
1171056200,P002,68
1171056200,U002,57
1171056200,U001,68
1171056200,U004,51
1171056200,U003,74
1171056200,U005,74
1171056200,U006,73
1171056200,U007,67
1171056200,U008,97
1171056200,U010,81
1171056200,U012,75
1171056200,U009,80
1171056200,U011,88
1171056200,U013,72
1171056200,U015,70
1171056200,U014,90
1171056200,U016,85
1171056200,U017,79
1171056200,U019,74
1171056200,U021,76
1171056200,U018,90
1171056200,U020,93
1171056200,U022,63
1171056200,U023,76
1171056200,U024,76
1171056200,U025,84
1171056200,U027,90
1171056200,U026,95
1171056200,U029,77
1171056200,U028,72
1171056200,U030,50
1171056200,U032,70
1171056200,U031,80
1171056200,U033,88
1171056200,U035,78
1171056200,U036,50
1171056200,U037,68
1171056200,U034,30
1171056200,U038,68
1171056200,U039,75
1171056200,U040,95
1171056200,U043,33
1171056200,U042,85
1171056200,U041,83
1171056200,U045,84
1171056200,U044,73
1171056200,U046,51
1171056200,V001,48
1171056200,U047,81
1171056600,B001,60
1171056200,V002,58
1171056600,C003,73
1171056600,C001,82
1171056600,C002,94
1171056600,C004,67
1171056600,C005,82
1171056600,C006,50
1171056600,C007,67
1171056600,C008,70
1171056600,C009,54
1171056600,E001,52
1171056600,M001,75
1171056600,P001,79
1171056600,P002,63
1171056600,U001,67
1171056600,U002,51
1171056600,U004,48
1171056600,U003,65
1171056600,U005,65
1171056600,U007,63
1171056600,U006,65
1171056600,U009,79
1171056600,U008,72
1171056600,U010,80
1171056600,U012,67
1171056600,U011,82
1171056600,U015,63
1171056600,U013,68
1171056600,U014,85
1171056600,U016,76
1171056600,U017,77
1171056600,U019,63
1171056600,U018,79
1171056600,U021,76
1171056600,U020,90
1171056600,U022,62
1171056600,U023,60
1171056600,U024,70
1171056600,U025,84
1171056600,U026,94
1171056600,U027,76
1171056600,U028,71
1171056600,U029,76
1171056600,U030,42
1171056600,U031,72
1171056600,U032,64
1171056600,U034,46
1171056600,U035,78
1171056600,U033,83
1171056600,U036,41
1171056600,U037,67
1171056600,U038,68
1171056600,U039,73
1171056600,U043,15
1171056600,U041,63
1171056600,U040,72
1171056600,U042,63
1171056600,U044,64
1171056600,U045,80
1171056600,U046,53
1171056600,V001,44
1171056600,U047,76
1171056600,V002,57
1171057000,B001,67
1171057000,C003,94
1171057000,C001,92
1171057000,C002,101
1171057000,C004,74
1171057000,C005,88
1171057000,C006,57
1171057000,C007,73
1171057000,C008,77
1171057000,C009,61
1171057000,E001,61
1171057000,M001,82
1171057000,P002,72
1171057000,P001,89
1171057000,U002,66
1171057000,U001,73
1171057000,U004,63
1171057000,U003,72
1171057000,U005,72
1171057000,U007,70
1171057000,U006,72
1171057000,U008,79
1171057000,U010,90
1171057000,U009,86
1171057000,U012,82
1171057000,U011,89
1171057000,U015,70
1171057000,U013,75
1171057000,U016,83
1171057000,U014,99
1171057000,U017,84
1171057000,U019,70
1171057000,U021,89
1171057000,U018,86
1171057000,U020,97
1171057000,U022,69
1171057000,U024,77
1171057000,U023,90
1171057000,U025,94
1171057000,U026,106
1171057000,U027,97
1171057000,U030,64
1171057000,U029,83
1171057000,U028,78
1171057000,U031,79
1171057000,U032,76
1171057000,U034,52
1171057000,U033,90
1171057000,U035,85
1171057000,U036,48
1171057000,U037,77
1171057000,U038,80
1171057000,U039,80
1171057000,U041,70
1171057000,U043,31
1171057000,U040,109
1171057000,U042,70
1171057000,U046,60
1171057000,U045,87
1171057000,U044,71
1171057000,U047,83
1171057000,V001,61
1171057000,V002,63
1171058000,B001,62
1171058000,C001,81
1171058000,C003,80
1171058000,C002,87
1171058000,C005,83
1171058000,C006,69
1171058000,C004,74
1171058000,C007,71
1171058000,C008,77
1171058000,E001,52
1171058000,C009,57
1171058000,M001,79
1171058000,P001,78
1171058000,P002,63
1171058000,U002,51
1171058000,U001,68
1171058000,U003,70
1171058000,U004,51
1171058000,U005,71
1171058000,U006,72
1171058000,U007,68
1171058000,U008,82
1171058000,U009,95
1171058000,U010,80
1171058000,U012,68
1171058000,U011,103
1171058000,U015,69
1171058000,U013,73
1171058000,U016,83
1171058000,U014,84
1171058000,U017,78
1171058000,U021,76
1171058000,U019,70
1171058000,U018,80
1171058000,U020,82
1171058000,U022,64
1171058000,U023,81
1171058000,U024,75
1171058000,U025,83
1171058000,U026,94
1171058000,U029,78
1171058000,U028,72
1171058000,U027,83
1171058000,U030,57
1171058000,U034,36
1171058000,U031,70
1171058000,U032,64
1171058000,U033,85
1171058000,U035,78
1171058000,U036,47
1171058000,U037,67
1171058000,U039,75
1171058000,U038,67
1171058000,U040,100
1171058000,U041,77
1171058000,U043,38
1171058000,U042,72
1171058000,U044,71
1171058000,U046,51
1171058000,U045,101
1171058000,V001,47
1171058000,U047,75
1171058000,V002,60
1171059000,B001,62
1171059000,C003,90
1171059000,C001,84
1171059000,C002,97
1171059000,C004,78
1171059000,C006,74
1171059000,C005,92
1171059000,C007,68
1171059000,C008,79
1171059000,C009,61
1171059000,E001,57
1171059000,M001,79
1171059000,P001,83
1171059000,P002,65
1171059000,U001,68
1171059000,U002,56
1171059000,U004,51
1171059000,U003,75
1171059000,U005,76
1171059000,U006,76
1171059000,U007,68
1171059000,U008,86
1171059000,U009,81
1171059000,U010,86
1171059000,U012,79
1171059000,U011,89
1171059000,U015,73
1171059000,U013,73
1171059000,U016,87
1171059000,U014,94
1171059000,U017,82
1171059000,U019,72
1171059000,U018,81
1171059000,U021,80
1171059000,U020,94
1171059000,U022,63
1171059000,U023,86
1171059000,U024,79
1171059000,U025,86
1171059000,U027,80
1171059000,U026,95
1171059000,U030,62
1171059000,U029,77
1171059000,U028,72
1171059000,U032,66
1171059000,U031,74
1171059000,U034,47
1171059000,U035,82
1171059000,U036,51
1171059000,U033,88
1171059000,U037,72
1171059000,U038,71
1171059000,U041,74
1171059000,U039,79
1171059000,U040,105
1171059000,U043,36
1171059000,U042,76
1171059000,U045,85
1171059000,U046,55
1171059000,V001,53
1171059000,U044,73
1171059000,U047,85
1171059000,V002,58
1171060000,B001,61
1171060000,C003,80
1171060000,C002,87
1171060000,C001,81
1171060000,C006,70
1171060000,C004,73
1171060000,C005,83
1171060000,C007,71
1171060000,C008,76
1171060000,E001,63
1171060000,C009,57
1171060000,P001,78
1171060000,M001,78
1171060000,P002,63
1171060000,U002,51
1171060000,U001,67
1171060000,U004,52
1171060000,U003,71
1171060000,U005,71
1171060000,U006,72
1171060000,U007,67
1171060000,U008,81
1171060000,U010,80
1171060000,U009,80
1171060000,U012,68
1171060000,U011,87
1171060000,U013,71
1171060000,U014,84
1171060000,U015,68
1171060000,U016,82
1171060000,U017,78
1171060000,U018,86
1171060000,U019,69
1171060000,U021,75
1171060000,U020,83
1171060000,U022,62
1171060000,U024,75
1171060000,U023,66
1171060000,U025,83
1171060000,U026,94
1171060000,U027,83
1171060000,U029,76
1171060000,U028,71
1171060000,U030,58
1171060000,U032,64
1171060000,U034,41
1171060000,U031,71
1171060000,U033,84
1171060000,U035,78
1171060000,U036,47
1171060000,U037,67
1171060000,U038,67
1171060000,U039,74
1171060000,U040,78
1171060000,U043,36
1171060000,U041,78
1171060000,U042,72
1171060000,U045,102
1171060000,U044,71
1171060000,U046,50
1171060000,V001,48
1171060000,U047,75
1171061000,B001,63
1171060000,V002,60
1171061000,C003,82
1171061000,C001,80
1171061000,C002,97
1171061000,C006,75
1171061000,C005,85
1171061000,C004,67
1171061000,C007,73
1171061000,C008,89
1171061000,E001,59
1171061000,C009,64
1171061000,M001,81
1171061000,P001,77
1171061000,P002,64
1171061000,U002,53
1171061000,U001,70
1171061000,U004,56
1171061000,U003,80
1171061000,U005,80
1171061000,U006,66
1171061000,U007,69
1171061000,U008,90
1171061000,U010,78
1171061000,U009,83
1171061000,U012,70
1171061000,U011,90
1171061000,U013,74
1171061000,U015,73
1171061000,U014,95
1171061000,U016,86
1171061000,U017,85
1171061000,U018,101
1171061000,U021,74
1171061000,U019,80
1171061000,U020,93
1171061000,U022,65
1171061000,U023,77
1171061000,U024,79
1171061000,U027,85
1171061000,U025,92
1171061000,U026,91
1171061000,U028,74
1171061000,U030,52
1171061000,U029,79
1171061000,U032,66
1171061000,U031,75
1171061000,U034,45
1171061000,U033,88
1171061000,U036,52
1171061000,U035,85
1171061000,U037,63
1171061000,U038,64
1171061000,U039,81
1171061000,U040,70
1171061000,U042,70
1171061000,U041,78
1171061000,U043,43
1171061000,U046,57
1171061000,V001,44
1171061000,U044,75
1171061000,U045,86
1171061000,U047,86
1171061000,V002,62
1171062000,B001,66
1171062000,C001,90
1171062000,C002,102
1171062000,C003,87
1171062000,C004,74
1171062000,C005,91
1171062000,C006,73
1171062000,C007,83
1171062000,C008,86
1171062000,C009,62
1171062000,E001,54
1171062000,M001,93
1171062000,P002,80
1171062000,P001,87
1171062000,U002,59
1171062000,U001,72
1171062000,U003,77
1171062000,U004,55
1171062000,U005,77
1171062000,U007,82
1171062000,U006,79
1171062000,U008,102
1171062000,U009,104
1171062000,U010,89
1171062000,U012,76
1171062000,U011,101
1171062000,U013,87
1171062000,U015,76
1171062000,U014,99
1171062000,U016,91
1171062000,U017,84
1171062000,U019,79
1171062000,U018,85
1171062000,U021,82
1171062000,U020,102
1171062000,U022,68
1171062000,U023,72
1171062000,U024,82
1171062000,U026,99
1171062000,U025,89
1171062000,U027,90
1171062000,U028,76
1171062000,U030,61
1171062000,U029,82
1171062000,U031,86
1171062000,U032,69
1171062000,U034,55
1171062000,U035,83
1171062000,U036,53
1171062000,U033,94
1171062000,U037,79
1171062000,U038,74
1171062000,U039,80
1171062000,U040,90
1171062000,U041,75
1171062000,U043,34
1171062000,U042,94
1171062000,U044,83
1171062000,U046,56
1171062000,U047,91
1171062000,V001,65
1171062000,U045,99
1171062000,V002,70
1171063100,C003,79
1171063100,B001,63
1171063100,C001,87
1171063100,C002,94
1171063100,C004,70
1171063100,C006,70
1171063100,C005,91
1171063100,C007,69
1171063100,C008,82
1171063100,C009,59
1171063100,E001,54
1171063100,M001,80
1171063100,P001,84
1171063100,P002,68
1171063100,U002,59
1171063100,U001,69
1171063100,U004,49
1171063100,U003,79
1171063100,U005,80
1171063100,U006,77
1171063100,U007,69
1171063100,U008,84
1171063100,U010,85
1171063100,U012,76
1171063100,U009,82
1171063100,U011,89
1171063100,U013,73
1171063100,U015,77
1171063100,U016,91
1171063100,U014,92
1171063100,U017,80
1171063100,U019,75
1171063100,U021,77
1171063100,U020,94
1171063100,U018,82
1171063100,U022,64
1171063100,U024,83
1171063100,U023,78
1171063100,U027,81
1171063100,U026,96
1171063100,U025,89
1171063100,U028,73
1171063100,U029,78
1171063100,U030,52
1171063100,U032,69
1171063100,U031,75
1171063100,U034,51
1171063100,U033,86
1171063100,U035,80
1171063100,U036,55
1171063100,U037,73
1171063100,U039,76
1171063100,U038,69
1171063100,U041,75
1171063100,U040,97
1171063100,U043,41
1171063100,U042,79
1171063100,U044,74
1171063100,U046,52
1171063100,U045,85
1171063100,V001,68
1171063100,U047,83
1171063100,V002,59
1171063200,B001,67
1171063200,C003,81
1171063200,C001,91
1171063200,C002,102
1171063200,C004,74
1171063200,C005,89
1171063200,C006,57
1171063200,C007,74
1171063200,C008,77
1171063200,C009,62
1171063200,E001,55
1171063200,M001,82
1171063200,P002,72
1171063200,P001,106
1171063200,U002,60
1171063200,U001,74
1171063200,U003,72
1171063200,U004,60
1171063200,U005,72
1171063200,U007,70
1171063200,U006,73
1171063200,U008,79
1171063200,U009,87
1171063200,U010,105
1171063200,U012,74
1171063200,U011,89
1171063200,U013,75
1171063200,U015,71
1171063200,U014,99
1171063200,U016,83
1171063200,U017,84
1171063200,U018,87
1171063200,U019,70
1171063200,U021,84
1171063200,U020,97
1171063200,U024,77
1171063200,U022,69
1171063200,U023,67
1171063200,U025,93
1171063200,U026,107
1171063200,U027,84
1171063200,U029,83
1171063200,U028,78
1171063200,U030,49
1171063200,U031,79
1171063200,U034,57
1171063200,U033,90
1171063200,U032,77
1171063200,U035,85
1171063200,U036,48
1171063200,U038,75
1171063200,U039,80
1171063200,U041,70
1171063200,U040,77
1171063200,U043,33
1171063200,U042,70
1171063200,U045,87
1171063200,U044,72
1171063200,U046,59
1171063200,U047,83
1171063200,V001,62
1171063200,V002,64
1171063200,U037,76
1171064100,B001,68
1171064100,C003,90
1171064100,C001,89
1171064100,C002,99
1171064100,C004,80
1171064100,C005,93
1171064100,C006,78
1171064100,C007,74
1171064100,C008,83
1171064100,C009,64
1171064100,E001,56
1171064100,M001,85
1171064100,P001,86
1171064100,P002,71
1171064100,U002,61
1171064100,U001,74
1171064100,U004,60
1171064100,U003,78
1171064100,U005,78
1171064100,U007,74
1171064100,U006,79
1171064100,U012,78
1171064100,U008,88
1171064100,U010,88
1171064100,U009,87
1171064100,U011,94
1171064100,U015,75
1171064100,U013,79
1171064100,U014,97
1171064100,U016,89
1171064100,U017,85
1171064100,U019,76
1171064100,U021,82
1171064100,U018,87
1171064100,U020,100
1171064100,U022,69
1171064100,U024,82
1171064100,U023,73
1171064100,U026,102
1171064100,U027,93
1171064100,U025,91
1171064100,U028,78
1171064100,U030,66
1171064100,U029,83
1171064100,U032,72
1171064100,U031,80
1171064100,U034,50
1171064100,U033,91
1171064100,U035,85
1171064100,U036,54
1171064100,U037,75
1171064100,U038,74
1171064100,U039,81
1171064100,U040,85
1171064100,U041,76
1171064100,U043,44
1171064100,U042,79
1171064100,U044,78
1171064100,U045,91
1171064100,U046,57
1171064100,V001,56
1171064100,U047,88
1171064100,V002,64
1171064200,B001,80
1171064200,C003,89
1171064200,C001,93
1171064200,C002,104
1171064200,C004,78
1171064200,C005,92
1171064200,C006,84
1171064200,C007,84
1171064200,C008,87
1171064200,C009,68
1171064200,E001,55
1171064200,M001,95
1171064200,P002,75
1171064200,P001,90
1171064200,U002,60
1171064200,U001,86
1171064200,U004,66
1171064200,U003,82
1171064200,U005,82
1171064200,U007,83
1171064200,U006,76
1171064200,U010,92
1171064200,U008,86
1171064200,U012,77
1171064200,U009,105
1171064200,U011,102
1171064200,U015,80
1171064200,U013,88
1171064200,U016,93
1171064200,U014,101
1171064200,U017,89
1171064200,U019,80
1171064200,U021,87
1171064200,U020,104
1171064200,U018,99
1171064200,U022,82
1171064200,U023,77
1171064200,U024,86
1171064200,U027,92
1171064200,U026,101
1171064200,U025,95
1171064200,U028,91
1171064200,U030,72
1171064200,U029,96
1171064200,U031,87
1171064200,U032,71
1171064200,U033,95
1171064200,U034,54
1171064200,U035,89
1171064200,U036,58
1171064200,U037,79
1171064200,U038,75
1171064200,U040,89
1171064200,U041,88
1171064200,U043,48
1171064200,U039,86
1171064200,U042,75
1171064200,V001,58
1171064200,U046,62
1171064200,U044,86
1171064200,U045,95
1171064200,U047,93
1171064200,V002,71
1171064600,C003,96
1171064600,B001,76
1171064600,C001,96
1171064600,C002,106
1171064600,C004,87
1171064600,C006,83
1171064600,C005,99
1171064600,C007,82
1171064600,C008,89
1171064600,C009,70
1171064600,E001,62
1171064600,M001,93
1171064600,P001,92
1171064600,P002,77
1171064600,U002,67
1171064600,U001,82
1171064600,U003,84
1171064600,U004,65
1171064600,U005,84
1171064600,U007,82
1171064600,U006,85
1171064600,U008,94
1171064600,U010,95
1171064600,U009,95
1171064600,U012,84
1171064600,U011,117
1171064600,U013,87
1171064600,U015,82
1171064600,U016,96
1171064600,U014,103
1171064600,U017,91
1171064600,U019,82
1171064600,U021,89
1171064600,U018,95
1171064600,U020,108
1171064600,U022,77
1171064600,U023,79
1171064600,U024,88
1171064600,U026,108
1171064600,U027,99
1171064600,U025,97
1171064600,U028,86
1171064600,U029,91
1171064600,U030,71
1171064600,U032,78
1171064600,U031,88
1171064600,U034,56
1171064600,U033,97
1171064600,U035,91
1171064600,U036,60
1171064600,U037,81
1171064600,U038,80
1171064600,U039,88
1171064600,U040,91
1171064600,U041,83
1171064600,U043,48
1171064600,U042,89
1171064600,U046,64
1171064600,U045,115
1171064600,U044,87
1171064600,V001,85
1171064600,U047,94
1171064600,V002,72
1171064700,B001,79
1171064700,C001,97
1171064700,C003,98
1171064700,C002,107
1171064700,C005,101
1171064700,C004,88
1171064700,C006,87
1171064700,C007,85
1171064700,C008,89
1171064700,C009,72
1171064700,E001,64
1171064700,M001,93
1171064700,P001,94
1171064700,U002,69
1171064700,P002,79
1171064700,U001,85
1171064700,U003,84
1171064700,U004,71
1171064700,U006,87
1171064700,U007,82
1171064700,U005,84
1171064700,U008,90
1171064700,U009,98
1171064700,U012,86
1171064700,U010,95
1171064700,U011,101
1171064700,U013,87
1171064700,U015,83
1171064700,U016,95
1171064700,U014,110
1171064700,U017,93
1171064700,U018,98
1171064700,U019,82
1171064700,U021,90
1171064700,U020,109
1171064700,U022,80
1171064700,U024,90
1171064700,U023,79
1171064700,U025,99
1171064700,U027,101
1171064700,U026,117
1171064700,U028,89
1171064700,U029,94
1171064700,U030,60
1171064700,U032,87
1171064700,U031,90
1171064700,U034,58
1171064700,U033,101
1171064700,U036,59
1171064700,U035,93
1171064700,U037,83
1171064700,U038,82
1171064700,U039,89
1171064700,U041,82
1171064700,U040,98
1171064700,U043,45
1171064700,U042,82
1171064700,U044,83
1171064700,U045,99
1171064700,U046,65
1171064700,V001,72
1171064700,U047,95
1171065000,B001,62
1171064700,V002,75
1171065000,C001,78
1171065000,C003,80
1171065000,C002,93
1171065000,C006,61
1171065000,C005,84
1171065000,C004,69
1171065000,C007,68
1171065000,C008,81
1171065000,E001,53
1171065000,C009,58
1171065000,P001,75
1171065000,M001,79
1171065000,U002,51
1171065000,P002,62
1171065000,U001,68
1171065000,U003,71
1171065000,U004,54
1171065000,U006,68
1171065000,U005,71
1171065000,U007,68
1171065000,U008,82
1171065000,U010,77
1171065000,U009,81
1171065000,U012,69
1171065000,U011,88
1171065000,U015,74
1171065000,U016,84
1171065000,U013,72
1171065000,U014,91
1171065000,U017,79
1171065000,U021,72
1171065000,U019,74
1171065000,U018,81
1171065000,U022,63
1171065000,U020,93
1171065000,U023,73
1171065000,U024,80
1171065000,U025,91
1171065000,U026,89
1171065000,U027,83
1171065000,U028,72
1171065000,U029,77
1171065000,U030,49
1171065000,U031,73
1171065000,U032,64
1171065000,U034,51
1171065000,U033,85
1171065000,U035,79
1171065000,U036,60
1171065000,U037,61
1171065000,U038,64
1171065000,U039,75
1171065000,U040,71
1171065000,U043,43
1171065000,U041,77
1171065000,U042,68
1171065000,V001,42
1171065000,U045,84
1171065000,U046,51
1171065000,U044,68
1171065000,U047,82
1171065000,V002,58
1171067000,B001,69
1171067000,C003,85
1171067000,C001,93
1171067000,C002,101
1171067000,C004,76
1171067000,C006,78
1171067000,C005,89
1171067000,C007,75
1171067000,C008,88
1171067000,C009,65
1171067000,E001,56
1171067000,P001,92
1171067000,M001,86
1171067000,P002,80
1171067000,U002,57
1171067000,U001,75
1171067000,U004,61
1171067000,U003,78
1171067000,U005,78
1171067000,U006,75
1171067000,U007,75
1171067000,U008,90
1171067000,U010,93
1171067000,U009,88
1171067000,U012,75
1171067000,U011,96
1171067000,U013,80
1171067000,U015,84
1171067000,U014,98
1171067000,U016,96
1171067000,U017,86
1171067000,U019,81
1171067000,U018,88
1171067000,U020,101
1171067000,U021,80
1171067000,U022,70
1171067000,U024,90
1171067000,U023,80
1171067000,U026,98
1171067000,U025,99
1171067000,U028,79
1171067000,U029,84
1171067000,U027,85
1171067000,U030,56
1171067000,U031,81
1171067000,U034,65
1171067000,U032,76
1171067000,U033,95
1171067000,U035,86
1171067000,U036,65
1171067000,U037,81
1171067000,U038,71
1171067000,U039,83
1171067000,U040,78
1171067000,U041,82
1171067000,U042,85
1171067000,U043,56
1171067000,U044,75
1171067000,U045,91
1171067000,U046,59
1171067000,V001,57
1171067000,U047,89
1171067000,V002,65
1171068000,B001,58
1171068000,C001,86
1171068000,C003,74
1171068000,C002,90
1171068000,C004,66
1171068000,C006,62
1171068000,C005,78
1171068000,C009,54
1171068000,C007,64
1171068000,C008,78
1171068000,E001,49
1171068000,M001,75
1171068000,P002,69
1171068000,U002,50
1171068000,U001,64
1171068000,P001,86
1171068000,U003,67
1171068000,U004,44
1171068000,U005,67
1171068000,U007,64
1171068000,U006,64
1171068000,U008,78
1171068000,U012,65
1171068000,U009,77
1171068000,U010,88
1171068000,U011,85
1171068000,U013,69
1171068000,U015,74
1171068000,U016,85
1171068000,U014,87
1171068000,U017,76
1171068000,U018,77
1171068000,U021,73
1171068000,U019,71
1171068000,U020,90
1171068000,U022,60
1171068000,U023,73
1171068000,U024,80
1171068000,U026,92
1171068000,U025,93
1171068000,U028,69
1171068000,U027,74
1171068000,U029,74
1171068000,U030,50
1171068000,U031,70
1171068000,U032,70
1171068000,U033,81
1171068000,U035,75
1171068000,U036,49
1171068000,U037,74
1171068000,U038,64
1171068000,U039,72
1171068000,U034,42
1171068000,U040,92
1171068000,U043,50
1171068000,U042,64
1171068000,U041,71
1171068000,U045,81
1171068000,U044,64
1171068000,U046,48
1171068000,V001,51
1171068000,U047,78
1171068000,V002,54
1171069000,C003,71
1171069000,B001,54
1171069000,C001,87
1171069000,C002,86
1171069000,C004,62
1171069000,C005,74
1171069000,C006,54
1171069000,C007,61
1171069000,C008,74
1171069000,C009,51
1171069000,E001,50
1171069000,M001,72
1171069000,P001,85
1171069000,P002,66
1171069000,U001,61
1171069000,U002,51
1171069000,U003,64
1171069000,U004,47
1171069000,U005,64
1171069000,U006,61
1171069000,U007,60
1171069000,U008,75
1171069000,U010,86
1171069000,U012,61
1171069000,U009,74
1171069000,U011,81
1171069000,U013,65
1171069000,U014,84
1171069000,U015,65
1171069000,U016,82
1171069000,U017,72
1171069000,U019,67
1171069000,U018,74
1171069000,U021,73
1171069000,U022,56
1171069000,U020,86
1171069000,U024,72
1171069000,U023,66
1171069000,U025,93
1171069000,U027,71
1171069000,U026,92
1171069000,U028,65
1171069000,U030,42
1171069000,U029,70
1171069000,U034,28
1171069000,U032,66
1171069000,U031,67
1171069000,U033,78
1171069000,U035,72
1171069000,U036,44
1171069000,U037,75
1171069000,U038,65
1171069000,U039,68
1171069000,U041,67
1171069000,U040,64
1171069000,U043,36
1171069000,U042,61
1171069000,U044,60
1171069000,U046,44
1171069000,U045,77
1171069000,V001,51
1171069000,U047,75
1171071000,B001,52
1171069000,V002,51
1171071000,C003,69
1171071000,C001,85
1171071000,C002,84
1171071000,C006,64
1171071000,C004,60
1171071000,C005,72
1171071000,C007,59
1171071000,C008,72
1171071000,C009,49
1171071000,E001,47
1171071000,M001,70
1171071000,P001,96
1171071000,P002,63
1171071000,U002,49
1171071000,U001,59
1171071000,U004,45
1171071000,U003,61
1171071000,U005,62
1171071000,U006,58
1171071000,U007,58
1171071000,U008,72
1171071000,U010,86
1171071000,U009,71
1171071000,U012,59
1171071000,U011,79
1171071000,U013,63
1171071000,U015,71
1171071000,U014,81
1171071000,U016,80
1171071000,U017,70
1171071000,U018,71
1171071000,U021,71
1171071000,U019,65
1171071000,U022,54
1171071000,U020,84
1171071000,U023,64
1171071000,U024,73
1171071000,U025,91
1171071000,U027,68
1171071000,U026,90
1171071000,U028,63
1171071000,U029,68
1171071000,U030,40
1171071000,U031,64
1171071000,U032,64
1171071000,U034,37
1171071000,U033,76
1171071000,U035,69
1171071000,U036,49
1171071000,U038,63
1171071000,U039,66
1171071000,U041,65
1171071000,U037,72
1171071000,U040,62
1171071000,U043,44
1171071000,U042,58
1171071000,U046,42
1171071000,U044,58
1171071000,U045,75
1171071000,V001,49
1171071000,U047,72
1171071000,V002,49
1171072000,B001,61
1171072000,C003,77
1171072000,C001,81
1171072000,C002,93
1171072000,C004,69
1171072000,C005,81
1171072000,C006,60
1171072000,C007,67
1171072000,C008,81
1171072000,E001,44
1171072000,C009,57
1171072000,M001,78
1171072000,P001,77
1171072000,P002,64
1171072000,U002,45
1171072000,U001,67
1171072000,U004,53
1171072000,U003,70
1171072000,U005,70
1171072000,U006,67
1171072000,U007,67
1171072000,U008,81
1171072000,U010,79
1171072000,U012,66
1171072000,U009,80
1171072000,U011,88
1171072000,U013,72
1171072000,U015,76
1171072000,U014,90
1171072000,U016,88
1171072000,U017,78
1171072000,U021,68
1171072000,U018,80
1171072000,U019,73
1171072000,U020,93
1171072000,U024,82
1171072000,U022,62
1171072000,U023,73
1171072000,U025,82
1171072000,U026,87
1171072000,U030,48
1171072000,U027,77
1171072000,U029,76
1171072000,U028,71
1171072000,U031,72
1171072000,U034,48
1171072000,U032,64
1171072000,U033,84
1171072000,U035,78
1171072000,U036,58
1171072000,U037,66
1171072000,U038,59
1171072000,U039,75
1171072000,U041,74
1171072000,U040,70
1171072000,U043,43
1171072000,U042,67
1171072000,U044,67
1171072000,U046,51
1171072000,V001,45
1171072000,U045,83
1171072000,U047,81
1171072000,V002,57
1174051500,B001,78
1174051500,C003,90
1174051500,C001,113
1174051500,C002,113
1174051500,C004,95
1174051500,C005,100
1174051500,C006,83
1174051500,C008,86
1174051500,C007,85
1174051500,C009,88
1174051500,E001,80
1174051500,M001,93
1174051500,P002,84
1174051500,P001,118
1174051500,U001,85
1174051500,U002,79
1174051500,U003,83
1174051500,U004,76
1174051500,U005,83
1174051500,U006,78
1174051500,U007,81
1174051500,U009,119
1174051500,U008,109
1174051500,U012,85
1174051500,U010,114
1174051500,U011,114
1174051500,U013,86
1174051500,U016,95
1174051500,U015,74
1174051500,U014,110
1174051500,U017,95
1174051500,U021,104
1174051500,U019,79
1174051500,U018,96
1174051500,U020,108
1174051500,U022,80
1174051500,U023,88
1174051500,U024,81
1174051500,U025,123
1174051500,U027,118
1174051500,U026,118
1174051500,U028,99
1174051500,U030,60
1174051500,U029,94
1174051500,U032,88
1174051500,U031,90
1174051500,U034,63
1174051500,U033,101
1174051500,U035,95
1174051500,U036,65
1174051500,U038,84
1174051500,U037,91
1174051500,U039,91
1174051500,U040,107
1174051500,U041,82
1174051500,U043,70
1174051500,U042,102
1174051500,U044,100
1174051500,U045,112
1174051500,U046,71
1174051500,V001,73
1174051500,U047,94
1174051500,V002,75
1174052500,B001,71
1174052500,C001,108
1174052500,C002,106
1174052500,C003,85
1174052500,C004,78
1174052500,C005,93
1174052500,C006,72
1174052500,C009,66
1174052500,C008,81
1174052500,E001,68
1174052500,C007,78
1174052500,M001,86
1174052500,P002,77
1174052500,P001,111
1174052500,U002,71
1174052500,U001,78
1174052500,U003,76
1174052500,U004,60
1174052500,U006,77
1174052500,U007,74
1174052500,U008,83
1174052500,U009,91
1174052500,U010,109
1174052500,U012,78
1174052500,U013,79
1174052500,U014,103
1174052500,U016,88
1174052500,U017,88
1174052500,U011,93
1174052500,U005,76
1174052500,U019,74
1174052500,U020,101
1174052500,U015,75
1174052500,U021,92
1174052500,U018,91
1174052500,U024,81
1174052500,U022,73
1174052500,U023,71
1174052500,U025,99
1174052500,U026,111
1174052500,U027,88
1174052500,U029,87
1174052500,U028,82
1174052500,U030,53
1174052500,U032,81
1174052500,U031,83
1174052500,U034,60
1174052500,U033,94
1174052500,U035,89
1174052500,U036,52
1174052500,U037,86
1174052500,U038,79
1174052500,U039,84
1174052500,U040,81
1174052500,U041,75
1174052500,U043,48
1174052500,U042,74
1174052500,U046,64
1174052500,U044,76
1174052500,U045,91
1174052500,U047,87
1174052500,V001,66
1174052600,B001,78
1174052500,V002,68
1174052600,C001,115
1174052600,C003,91
1174052600,C002,112
1174052600,C004,89
1174052600,C005,100
1174052600,C006,76
1174052600,C007,85
1174052600,C008,88
1174052600,C009,72
1174052600,E001,85
1174052600,M001,93
1174052600,P001,117
1174052600,U001,85
1174052600,P002,83
1174052600,U002,78
1174052600,U003,83
1174052600,U004,66
1174052600,U005,83
1174052600,U007,81
1174052600,U006,83
1174052600,U008,90
1174052600,U009,97
1174052600,U010,116
1174052600,U012,85
1174052600,U011,107
1174052600,U013,86
1174052600,U015,82
1174052600,U014,110
1174052600,U016,94
1174052600,U017,95
1174052600,U019,81
1174052600,U021,109
1174052600,U018,97
1174052600,U022,80
1174052600,U020,108
1174052600,U023,81
1174052600,U024,88
1174052600,U027,94
1174052600,U026,117
1174052600,U025,122
1174052600,U028,92
1174052600,U029,94
1174052600,U030,60
1174052600,U031,90
1174052600,U032,88
1174052600,U033,101
1174052600,U034,57
1174052600,U036,58
1174052600,U035,96
1174052600,U037,93
1174052600,U039,91
1174052600,U038,86
1174052600,U041,81
1174052600,U040,100
1174052600,U043,55
1174052600,U042,95
1174052600,U044,93
1174052600,U046,71
1174052600,U045,105
1174052600,U047,94
1174052600,V001,73
1174052600,V002,75
1174053000,B001,63
1174053000,C001,99
1174053000,C003,76
1174053000,C002,97
1174053000,C004,65
1174053000,C006,43
1174053000,C005,84
1174053000,C007,69
1174053000,C008,73
1174053000,C009,57
1174053000,M001,77
1174053000,E001,62
1174053000,P001,102
1174053000,U001,69
1174053000,P002,68
1174053000,U003,68
1174053000,U002,63
1174053000,U004,51
1174053000,U006,72
1174053000,U005,68
1174053000,U007,66
1174053000,U008,74
1174053000,U009,82
1174053000,U010,100
1174053000,U012,70
1174053000,U011,85
1174053000,U013,71
1174053000,U016,79
1174053000,U015,66
1174053000,U014,94
1174053000,U017,80
1174053000,U018,82
1174053000,U019,66
1174053000,U021,86
1174053000,U020,93
1174053000,U022,65
1174053000,U024,72
1174053000,U023,60
1174053000,U026,102
1174053000,U025,107
1174053000,U027,79
1174053000,U028,73
1174053000,U030,44
1174053000,U029,78
1174053000,U031,74
1174053000,U032,72
1174053000,U034,52
1174053000,U033,85
1174053000,U035,81
1174053000,U036,43
1174053000,U037,77
1174053000,U038,71
1174053000,U039,76
1174053000,U040,71
1174053000,U041,66
1174053000,U043,43
1174053000,U042,66
1174053000,U044,67
1174053000,U046,56
1174053000,U045,83
1174053000,V001,57
1174053000,U047,79
1174053000,V002,59
1174054000,B001,65
1174054000,C001,97
1174054000,C003,79
1174054000,C002,100
1174054000,C004,75
1174054000,C006,53
1174054000,C005,87
1174054000,C007,72
1174054000,C008,69
1174054000,C009,60
1174054000,E001,67
1174054000,M001,80
1174054000,P001,104
1174054000,P002,70
1174054000,U001,72
1174054000,U002,66
1174054000,U003,70
1174054000,U004,53
1174054000,U006,81
1174054000,U005,70
1174054000,U007,68
1174054000,U009,84
1174054000,U008,70
1174054000,U012,72
1174054000,U011,87
1174054000,U010,103
1174054000,U013,73
1174054000,U014,97
1174054000,U016,81
1174054000,U015,65
1174054000,U017,82
1174054000,U019,62
1174054000,U018,85
1174054000,U021,92
1174054000,U022,67
1174054000,U020,95
1174054000,U024,71
1174054000,U023,65
1174054000,U025,99
1174054000,U026,105
1174054000,U027,84
1174054000,U028,76
1174054000,U029,81
1174054000,U030,47
1174054000,U032,75
1174054000,U031,77
1174054000,U034,56
1174054000,U033,88
1174054000,U035,82
1174054000,U036,46
1174054000,U038,73
1174054000,U037,77
1174054000,U041,68
1174054000,U039,78
1174054000,U040,80
1174054000,U043,46
1174054000,U042,62
1174054000,U046,58
1174054000,U045,85
1174054000,U044,70
1174054000,V001,60
1174054000,U047,81
1174055000,B001,63
1174054000,V002,62
1174055000,C003,77
1174055000,C001,97
1174055000,C002,98
1174055000,C004,60
1174055000,C005,85
1174055000,C006,50
1174055000,C007,70
1174055000,C008,71
1174055000,C009,58
1174055000,E001,61
1174055000,M001,69
1174055000,P002,68
1174055000,P001,102
1174055000,U001,70
1174055000,U002,66
1174055000,U003,68
1174055000,U004,52
1174055000,U005,68
1174055000,U006,59
1174055000,U007,66
1174055000,U008,68
1174055000,U009,92
1174055000,U010,101
1174055000,U012,73
1174055000,U011,98
1174055000,U013,71
1174055000,U015,55
1174055000,U016,79
1174055000,U014,95
1174055000,U017,88
1174055000,U019,61
1174055000,U018,95
1174055000,U021,85
1174055000,U020,93
1174055000,U022,66
1174055000,U024,61
1174055000,U023,66
1174055000,U025,98
1174055000,U027,90
1174055000,U026,103
1174055000,U028,74
1174055000,U029,98
1174055000,U030,45
1174055000,U031,75
1174055000,U034,50
1174055000,U033,86
1174055000,U032,73
1174055000,U035,87
1174055000,U036,44
1174055000,U037,82
1174055000,U038,76
1174055000,U039,84
1174055000,U040,65
1174055000,U041,61
1174055000,U043,42
1174055000,U042,59
1174055000,U044,72
1174055000,U046,60
1174055000,U045,96
1174055000,U047,79
1174055000,V001,58
1174055000,V002,60
1174056000,B001,75
1174056000,C001,112
1174056000,C003,88
1174056000,C002,109
1174056000,C004,73
1174056000,C005,96
1174056000,C006,66
1174056000,C007,81
1174056000,C008,85
1174056000,C009,69
1174056000,E001,74
1174056000,M001,83
1174056000,P002,80
1174056000,P001,114
1174056000,U001,81
1174056000,U002,75
1174056000,U003,80
1174056000,U004,63
1174056000,U005,80
1174056000,U006,72
1174056000,U007,78
1174056000,U008,81
1174056000,U009,94
1174056000,U010,112
1174056000,U011,97
1174056000,U012,82
1174056000,U013,83
1174056000,U015,69
1174056000,U014,107
1174056000,U016,91
1174056000,U017,92
1174056000,U019,78
1174056000,U018,94
1174056000,U021,98
1174056000,U020,105
1174056000,U022,77
1174056000,U024,75
1174056000,U023,70
1174056000,U025,112
1174056000,U026,114
1174056000,U027,93
1174056000,U028,85
1174056000,U029,90
1174056000,U030,56
1174056000,U032,84
1174056000,U031,86
1174056000,U034,78
1174056000,U033,97
1174056000,U035,93
1174056000,U036,55
1174056000,U038,83
1174056000,U037,95
1174056000,U039,88
1174056000,U040,81
1174056000,U041,78
1174056000,U042,72
1174056000,U043,55
1174056000,U044,79
1174056000,U046,73
1174056000,U045,95
1174056000,V001,69
1174056000,U047,91
1174056000,V002,71
1174057000,B001,67
1174057000,C001,97
1174057000,C003,77
1174057000,C002,98
1174057000,C004,66
1174057000,C005,86
1174057000,C006,55
1174057000,C007,71
1174057000,C009,58
1174057000,C008,83
1174057000,E001,62
1174057000,M001,82
1174057000,P002,72
1174057000,P001,103
1174057000,U001,73
1174057000,U002,67
1174057000,U003,69
1174057000,U004,55
1174057000,U005,69
1174057000,U006,64
1174057000,U007,70
1174057000,U008,74
1174057000,U009,92
1174057000,U010,97
1174057000,U012,74
1174057000,U011,89
1174057000,U015,61
1174057000,U013,75
1174057000,U016,80
1174057000,U017,88
1174057000,U014,96
1174057000,U019,67
1174057000,U018,83
1174057000,U021,86
1174057000,U020,97
1174057000,U022,69
1174057000,U023,64
1174057000,U024,67
1174057000,U025,99
1174057000,U027,91
1174057000,U026,106
1174057000,U029,92
1174057000,U028,75
1174057000,U030,48
1174057000,U032,76
1174057000,U034,51
1174057000,U031,79
1174057000,U033,87
1174057000,U036,42
1174057000,U035,82
1174057000,U038,77
1174057000,U037,83
1174057000,U039,85
1174057000,U041,70
1174057000,U040,70
1174057000,U043,43
1174057000,U042,64
1174057000,U044,69
1174057000,U045,87
1174057000,U046,61
1174057000,V001,61
1174057000,U047,83
1174057000,V002,63
1174058000,B001,72
1174058000,C001,105
1174058000,C003,85
1174058000,C002,106
1174058000,C004,75
1174058000,C006,69
1174058000,C005,93
1174058000,C007,78
1174058000,C008,82
1174058000,C009,66
1174058000,E001,70
1174058000,M001,84
1174058000,P001,111
1174058000,P002,77
1174058000,U001,78
1174058000,U002,74
1174058000,U004,60
1174058000,U003,77
1174058000,U005,77
1174058000,U006,73
1174058000,U007,75
1174058000,U009,100
1174058000,U008,83
1174058000,U010,104
1174058000,U011,100
1174058000,U012,81
1174058000,U015,70
1174058000,U013,80
1174058000,U014,103
1174058000,U016,88
1174058000,U017,96
1174058000,U019,75
1174058000,U018,91
1174058000,U021,93
1174058000,U020,102
1174058000,U022,75
1174058000,U024,76
1174058000,U023,72
1174058000,U025,107
1174058000,U026,111
1174058000,U027,99
1174058000,U028,82
1174058000,U029,103
1174058000,U030,53
1174058000,U032,81
1174058000,U034,62
1174058000,U031,83
1174058000,U033,94
1174058000,U036,51
1174058000,U035,90
1174058000,U037,90
1174058000,U038,85
1174058000,U039,92
1174058000,U040,79
1174058000,U041,75
1174058000,U043,50
1174058000,U042,73
1174058000,U045,95
1174058000,U044,76
1174058000,U046,68
1174058000,U047,88
1174058000,V001,66
1174058000,V002,68
1174059000,B001,66
1174059000,C001,99
1174059000,C003,80
1174059000,C002,101
1174059000,C004,65
1174059000,C005,88
1174059000,C006,43
1174059000,C007,73
1174059000,C008,67
1174059000,C009,61
1174059000,E001,64
1174059000,M001,64
1174059000,P002,71
1174059000,P001,105
1174059000,U001,73
1174059000,U002,67
1174059000,U003,71
1174059000,U004,55
1174059000,U006,71
1174059000,U005,71
1174059000,U007,66
1174059000,U008,68
1174059000,U009,100
1174059000,U010,104
1174059000,U012,76
1174059000,U011,87
1174059000,U013,64
1174059000,U015,58
1174059000,U014,98
1174059000,U016,82
1174059000,U017,96
1174059000,U019,60
1174059000,U018,92
1174059000,U021,88
1174059000,U020,96
1174059000,U024,64
1174059000,U022,69
1174059000,U023,59
1174059000,U025,101
1174059000,U027,93
1174059000,U026,107
1174059000,U028,70
1174059000,U029,80
1174059000,U030,49
1174059000,U032,77
1174059000,U034,53
1174059000,U031,82
1174059000,U033,94
1174059000,U036,47
1174059000,U035,90
1174059000,U038,75
1174059000,U039,87
1174059000,U037,82
1174059000,U041,60
1174059000,U040,70
1174059000,U043,45
1174059000,U042,60
1174059000,U046,63
1174059000,U044,74
1174059000,U045,83
1174059000,V001,62
1174059000,U047,82
1174059000,V002,63
1174060000,B001,64
1174060000,C001,101
1174060000,C003,77
1174060000,C002,98
1174060000,C004,71
1174060000,C005,85
1174060000,C006,49
1174060000,C007,70
1174060000,C009,58
1174060000,C008,74
1174060000,M001,78
1174060000,E001,63
1174060000,P001,103
1174060000,P002,69
1174060000,U002,64
1174060000,U001,70
1174060000,U003,69
1174060000,U004,52
1174060000,U005,69
1174060000,U006,69
1174060000,U007,67
1174060000,U008,75
1174060000,U009,83
1174060000,U010,101
1174060000,U012,71
1174060000,U011,86
1174060000,U013,72
1174060000,U014,96
1174060000,U015,67
1174060000,U016,80
1174060000,U017,81
1174060000,U018,83
1174060000,U019,67
1174060000,U021,87
1174060000,U020,94
1174060000,U022,66
1174060000,U023,64
1174060000,U024,73
1174060000,U026,103
1174060000,U025,108
1174060000,U027,80
1174060000,U029,79
1174060000,U028,74
1174060000,U030,45
1174060000,U031,75
1174060000,U034,52
1174060000,U032,73
1174060000,U033,87
1174060000,U035,82
1174060000,U036,44
1174060000,U037,78
1174060000,U038,72
1174060000,U039,77
1174060000,U040,76
1174060000,U041,67
1174060000,U043,43
1174060000,U042,67
1174060000,U045,84
1174060000,U044,68
1174060000,U046,57
1174060000,V001,58
1174060000,U047,80
1174060000,V002,60
1174061000,B001,62
1174061000,C003,76
1174061000,C001,99
1174061000,C002,97
1174061000,C004,70
1174061000,C006,57
1174061000,C005,84
1174061000,C007,69
1174061000,C008,72
1174061000,C009,57
1174061000,E001,62
1174061000,M001,77
1174061000,P002,67
1174061000,U001,69
1174061000,P001,102
1174061000,U002,62
1174061000,U003,67
1174061000,U004,51
1174061000,U005,67
1174061000,U006,68
1174061000,U007,67
1174061000,U008,74
1174061000,U009,84
1174061000,U010,100
1174061000,U011,97
1174061000,U012,69
1174061000,U013,70
1174061000,U015,62
1174061000,U014,94
1174061000,U016,78
1174061000,U017,79
1174061000,U018,82
1174061000,U021,85
1174061000,U019,65
1174061000,U020,92
1174061000,U022,64
1174061000,U023,62
1174061000,U024,68
1174061000,U026,102
1174061000,U025,107
1174061000,U027,79
1174061000,U028,73
1174061000,U030,44
1174061000,U029,84
1174061000,U031,74
1174061000,U032,72
1174061000,U034,44
1174061000,U036,39
1174061000,U033,85
1174061000,U035,80
1174061000,U037,77
1174061000,U038,70
1174061000,U039,75
1174061000,U040,69
1174061000,U041,65
1174061000,U043,41
1174061000,U042,71
1174061000,U045,89
1174061000,U044,67
1174061000,U046,55
1174061000,V001,57
1174061000,U047,78
1174061000,V002,59
1174062000,B001,59
1174062000,C003,73
1174062000,C001,96
1174062000,C002,94
1174062000,C004,69
1174062000,C006,49
1174062000,C005,81
1174062000,C007,66
1174062000,C008,69
1174062000,C009,54
1174062000,E001,64
1174062000,M001,74
1174062000,P001,98
1174062000,P002,64
1174062000,U001,66
1174062000,U002,59
1174062000,U003,64
1174062000,U004,48
1174062000,U005,64
1174062000,U007,68
1174062000,U006,65
1174062000,U008,71
1174062000,U009,86
1174062000,U010,97
1174062000,U012,66
1174062000,U011,81
1174062000,U013,67
1174062000,U015,63
1174062000,U014,91
1174062000,U016,75
1174062000,U017,76
1174062000,U018,79
1174062000,U019,62
1174062000,U020,89
1174062000,U021,82
1174062000,U023,59
1174062000,U022,61
1174062000,U024,69
1174062000,U025,104
1174062000,U027,76
1174062000,U026,99
1174062000,U028,70
1174062000,U029,85
1174062000,U030,41
1174062000,U034,37
1174062000,U031,71
1174062000,U032,69
1174062000,U033,82
1174062000,U035,77
1174062000,U036,39
1174062000,U038,67
1174062000,U037,74
1174062000,U039,72
1174062000,U040,70
1174062000,U041,62
1174062000,U043,34
1174062000,U042,62
1174062000,U046,52
1174062000,U044,64
1174062000,U045,79
1174062000,U047,75
1174062000,V001,54
1174062000,V002,56
1174064000,B001,61
1174064000,C001,88
1174064000,C003,74
1174064000,C004,68
1174064000,C005,82
1174064000,C002,95
1174064000,C006,61
1174064000,C007,67
1174064000,C009,60
1174064000,C008,71
1174064000,E001,55
1174064000,M001,75
1174064000,P001,85
1174064000,U002,59
1174064000,U001,67
1174064000,U003,65
1174064000,P002,66
1174064000,U004,43
1174064000,U005,66
1174064000,U006,66
1174064000,U007,64
1174064000,U008,76
1174064000,U009,89
1174064000,U010,89
1174064000,U012,70
1174064000,U011,87
1174064000,U013,69
1174064000,U015,63
1174064000,U014,93
1174064000,U016,77
1174064000,U017,81
1174064000,U019,63
1174064000,U018,80
1174064000,U021,78
1174064000,U020,91
1174064000,U022,64
1174064000,U023,60
1174064000,U024,69
1174064000,U025,90
1174064000,U026,105
1174064000,U027,87
1174064000,U028,71
1174064000,U029,76
1174064000,U030,52
1174064000,U031,72
1174064000,U033,83
1174064000,U032,75
1174064000,U034,33
1174064000,U035,81
1174064000,U036,41
1174064000,U037,74
1174064000,U038,70
1174064000,U040,72
1174064000,U039,77
1174064000,U041,64
1174064000,U043,23
1174064000,U042,66
1174064000,U046,53
1174064000,U045,84
1174064000,U044,65
1174064000,V001,60
1174064000,U047,77
1174064000,V002,57
1174065000,C001,96
1174065000,C003,72
1174065000,C002,93
1174065000,C004,67
1174065000,C006,54
1174065000,C008,69
1174065000,C009,53
1174065000,E001,64
1174065000,B001,59
1174065000,M001,74
1174065000,P001,98
1174065000,C005,80
1174065000,P002,64
1174065000,U001,65
1174065000,C007,66
1174065000,U004,47
1174065000,U002,59
1174065000,U005,64
1174065000,U003,64
1174065000,U006,64
1174065000,U007,67
1174065000,U008,71
1174065000,U009,85
1174065000,U010,97
1174065000,U012,66
1174065000,U011,86
1174065000,U013,67
1174065000,U015,65
1174065000,U014,91
1174065000,U017,76
1174065000,U016,75
1174065000,U018,78
1174065000,U019,62
1174065000,U021,84
1174065000,U020,89
1174065000,U022,61
1174065000,U023,59
1174065000,U024,71
1174065000,U027,75
1174065000,U025,103
1174065000,U026,98
1174065000,U028,71
1174065000,U029,85
1174065000,U030,40
1174065000,U032,68
1174065000,U031,71
1174065000,U033,82
1174065000,U036,37
1174065000,U035,77
1174065000,U034,37
1174065000,U037,74
1174065000,U038,67
1174065000,U039,72
1174065000,U040,70
1174065000,U043,34
1174065000,U041,62
1174065000,U042,73
1174065000,U044,63
1174065000,U045,84
1174065000,U046,52
1174065000,U047,75
1174065000,V001,54
1174065000,V002,55
1174066000,B001,58
1174066000,C003,71
1174066000,C002,92
1174066000,C001,95
1174066000,C004,65
1174066000,C006,47
1174066000,C005,79
1174066000,C007,64
1174066000,C008,68
1174066000,C009,52
1174066000,E001,58
1174066000,M001,72
1174066000,P002,63
1174066000,P001,97
1174066000,U001,64
1174066000,U002,58
1174066000,U003,63
1174066000,U005,63
1174066000,U004,46
1174066000,U007,61
1174066000,U006,63
1174066000,U008,69
1174066000,U012,65
1174066000,U009,77
1174066000,U010,95
1174066000,U011,80
1174066000,U013,66
1174066000,U015,61
1174066000,U016,74
1174066000,U014,90
1174066000,U017,75
1174066000,U018,77
1174066000,U019,61
1174066000,U020,88
1174066000,U021,81
1174066000,U022,60
1174066000,U023,58
1174066000,U024,67
1174066000,U026,97
1174066000,U025,88
1174066000,U027,74
1174066000,U028,68
1174066000,U029,74
1174066000,U030,39
1174066000,U034,39
1174066000,U032,67
1174066000,U031,69
1174066000,U033,81
1174066000,U036,38
1174066000,U035,76
1174066000,U038,66
1174066000,U037,72
1174066000,U039,71
1174066000,U043,29
1174066000,U041,61
1174066000,U040,68
1174066000,U042,61
1174066000,U044,62
1174066000,U046,51
1174066000,U045,78
1174066000,U047,74
1174066000,V001,52
1174066000,V002,54
1174068500,B001,65
1174068500,C003,78
1174068500,C001,102
1174068500,C002,99
1174068500,C004,76
1174068500,C005,87
1174068500,C006,54
1174068500,C008,75
1174068500,C007,72
1174068500,C009,59
1174068500,E001,63
1174068500,M001,80
1174068500,P001,104
1174068500,P002,70
1174068500,U001,72
1174068500,U002,65
1174068500,U003,70
1174068500,U004,53
1174068500,U005,70
1174068500,U007,68
1174068500,U006,71
1174068500,U009,85
1174068500,U008,77
1174068500,U010,103
1174068500,U012,72
1174068500,U011,87
1174068500,U013,73
1174068500,U015,69
1174068500,U016,81
1174068500,U014,97
1174068500,U017,82
1174068500,U019,68
1174068500,U018,84
1174068500,U020,95
1174068500,U021,100
1174068500,U022,67
1174068500,U023,65
1174068500,U024,75
1174068500,U026,104
1174068500,U027,81
1174068500,U025,95
1174068500,U028,76
1174068500,U029,96
1174068500,U030,47
1174068500,U032,75
1174068500,U031,77
1174068500,U033,88
1174068500,U034,47
1174068500,U036,49
1174068500,U035,83
1174068500,U037,80
1174068500,U038,73
1174068500,U039,78
1174068500,U041,68
1174068500,U040,81
1174068500,U043,41
1174068500,U042,68
1174068500,U044,69
1174068500,U045,85
1174068500,U046,58
1174068500,V001,60
1174068500,U047,81
1174068500,V002,62
1174069000,B001,67
1174069000,C001,86
1174069000,C003,81
1174069000,C002,102
1174069000,C006,57
1174069000,C004,74
1174069000,C005,89
1174069000,C007,74
1174069000,C008,77
1174069000,C009,62
1174069000,E001,67
1174069000,M001,82
1174069000,P001,83
1174069000,P002,68
1174069000,U001,74
1174069000,U002,55
1174069000,U003,72
1174069000,U004,60
1174069000,U005,72
1174069000,U007,71
1174069000,U006,73
1174069000,U009,87
1174069000,U008,79
1174069000,U010,85
1174069000,U011,89
1174069000,U012,74
1174069000,U013,75
1174069000,U015,71
1174069000,U014,89
1174069000,U016,84
1174069000,U017,84
1174069000,U019,70
1174069000,U018,87
1174069000,U021,87
1174069000,U020,97
1174069000,U022,69
1174069000,U024,77
1174069000,U023,67
1174069000,U026,104
1174069000,U027,84
1174069000,U025,88
1174069000,U028,78
1174069000,U029,83
1174069000,U030,49
1174069000,U032,79
1174069000,U031,79
1174069000,U034,52
1174069000,U033,90
1174069000,U035,85
1174069000,U036,48
1174069000,U037,76
1174069000,U038,72
1174069000,U039,80
1174069000,U043,28
1174069000,U040,77
1174069000,U041,71
1174069000,U042,70
1174069000,U045,87
1174069000,U044,72
1174069000,U046,60
1174069000,V001,57
1174069000,U047,83
1174070000,B001,78
1174069000,V002,64
1174070000,C003,92
1174070000,C001,94
1174070000,C002,99
1174070000,C005,93
1174070000,C006,59
1174070000,C004,77
1174070000,C007,78
1174070000,C008,84
1174070000,C009,69
1174070000,E001,64
1174070000,P001,90
1174070000,M001,94
1174070000,P002,75
1174070000,U002,63
1174070000,U001,78
1174070000,U004,57
1174070000,U003,73
1174070000,U005,73
1174070000,U007,74
1174070000,U006,88
1174070000,U009,100
1174070000,U008,90
1174070000,U010,92
1174070000,U011,95
1174070000,U012,81
1174070000,U013,77
1174070000,U015,73
1174070000,U016,85
1174070000,U014,97
1174070000,U017,92
1174070000,U018,90
1174070000,U019,76
1174070000,U021,88
1174070000,U020,99
1174070000,U022,70
1174070000,U023,69
1174070000,U024,79
1174070000,U025,95
1174070000,U027,99
1174070000,U026,106
1174070000,U028,80
1174070000,U030,54
1174070000,U029,91
1174070000,U031,83
1174070000,U032,76
1174070000,U034,45
1174070000,U033,94
1174070000,U035,91
1174070000,U036,46
1174070000,U038,80
1174070000,U037,79
1174070000,U039,88
1174070000,U041,77
1174070000,U040,88
1174070000,U043,39
1174070000,U042,83
1174070000,U044,81
1174070000,U045,93
1174070000,U046,64
1174070000,U047,84
1174070000,V001,56
1174070000,V002,65
