sttn_id,stop_number
1001,07771
10017,13167
10018,20155
10019,13166
1002,07003
10020,21194
100230,12608
1003,07108
10034,21120
100380,06755
1004,07104
100460,02639
10047,21184
1005,11103
10050,21186
100510,16829
100588,22813
100600,23812
1007,08124
10072,21185
10076,21195
10077,21198
1008,08118
10080,13171
100852,04781
10094,16109
10107,15220
10110,15312
10111,16192
10120,16191
10128,16142
10137,15311
10145,16140
10148,16139
10174,15280
10175,15250
1020,07417
10200,16106
10202,17210
10204,17209
10206,17207
10207,16105
1021,11863
10210,17164
10221,15230
10228,17223
10232,15281
10237,16006
10238,15231
10253,17226
10255,17225
10264,17228
1027,09007
10274,16179
10276,17227
1028,09011
10280,15203
10290,15160
10305,15254
10323,15255
10347,15166
10353,15253
10355,15115
10358,15103
10360,15163
10370,15109
10371,15114
10387,15105
10399,15141
10401,15108
10411,17231
104128,17102
10413,15107
10416,15165
10418,15140
10424,15168
10429,17149
10430,15151
10438,15106
10439,18105
10441,15152
10442,15147
10474,15153
10482,15148
10486,17141
10494,17140
10503,17137
10506,17113
10507,19196
10508,17136
10509,19197
1051,11835
10512,19198
10517,17135
10518,19199
1052,11834
10523,17152
10524,17134
10529,17133
1053,11832
10530,18126
10531,17121
10532,18127
10536,17132
10537,17131
10544,15158
10547,17111
1055,11827
10551,17104
10553,17119
10557,17106
10564,17118
10565,19208
1057,23400
10574,17128
10576,19206
10581,19207
10582,17109
10588,17116
10591,17117
10593,17127
10597,17126
1060,11250
10600,19002
10601,18121
10603,19001
10607,19223
10609,19224
10610,17114
10614,18122
10615,19220
10616,19193
10617,19192
10618,18133
10621,18123
10625,17124
10628,19164
1063,23801
10631,17230
10634,18119
10635,19183
10640,19167
10642,19276
10643,19221
10646,18132
10648,19264
10649,19222
1065,11161
10653,19274
10655,17123
10657,17122
10661,18005
10665,18148
10670,18146
10674,18149
10678,19271
10681,18147
10682,19265
10689,19173
10694,19187
10695,18010
10696,19262
10698,19186
10700,18009
10708,19177
10711,17229
10715,19269
10718,21001
10723,19272
10725,19176
1073,08967
10732,18188
10733,19234
10734,18184
10736,18168
10738,19261
10740,18191
10741,18185
10742,19235
10744,18192
10746,18170
10749,18169
10752,18165
107546,15325
10756,18171
10758,18167
1076,09013
10762,18182
10765,18172
107658,22285
107662,22286
10767,18183
10769,19245
10770,19246
107715,09203
107721,09205
107805,09207
107806,09208
10781,18181
10784,18178
107858,09209
10786,19243
107866,09210
107885,10253
107886,10252
10789,19117
10790,19260
10791,19242
10792,18179
107931,09155
10798,18176
10799,12334
10801,14253
10803,18177
10807,12333
10811,14252
10812,12172
108134,10232
10815,19109
10818,04202
10822,04201
10823,11198
10825,23220
10827,11196
108288,10266
10829,04210
10831,04269
108317,10144
10832,11207
10835,06206
10836,04196
10839,04195
10842,06201
10843,23168
10849,11267
108510,03237
108534,03241
108541,03240
108545,03236
10855,23334
108552,03235
10861,06122
10862,06199
10864,23171
10870,08189
10871,11251
10874,11268
10881,08190
10883,11273
10884,11252
10885,22318
10888,22319
10890,11182
10891,06192
10893,11271
10895,06193
10896,06124
10902,06125
10903,23191
10905,11335
10906,11180
10907,11285
10908,06154
10909,11184
10910,23335
10911,11191
109130,22288
10919,08211
10921,23190
10925,08191
10926,08212
10933,06126
10935,11186
10939,11277
10941,08192
109410,21218
109444,21216
10946,11185
109466,21207
109484,21215
109498,21208
10951,08213
109530,18136
109536,18137
109543,21172
109549,21173
10955,11254
109617,21174
109625,21171
10963,08214
109668,21175
109673,21170
10968,05220
10969,06227
10970,06228
109718,21176
109730,21169
10974,06156
10976,08193
10977,11245
109776,21168
109782,21177
10979,23234
109797,21154
109808,13214
109811,13213
109833,13160
10985,23249
109859,13157
109861,13158
109867,13162
109871,21155
10988,08145
109887,21146
10994,11210
10996,08194
11000,11279
110000661,11835
110000662,11836
110000663,11834
110000669,11833
11007,06131
11008,04190
11009,08144
11012,04212
11015,11370
11018,11371
11019,05216
11021,11189
11026,23246
11028,11212
11029,23438
11031,11280
11035,05221
11036,05219
11037,23235
110401,15108
11041,06151
11042,08195
11043,11368
110430,15151
11046,11369
110474,15153
110482,15148
11049,04208
11050,04213
110551,17104
110557,17106
11056,08196
11058,11208
11059,23194
11063,05224
11069,11451
11072,11209
11076,06149
11078,08197
11083,11322
11084,11374
11085,11367
11087,11323
11090,04207
110900053,11842
110908,06154
11093,06148
11094,05225
110968,05220
11097,11388
110974,06156
11098,11260
11099,23243
11102,11238
111035,05221
111036,05219
11104,11239
111041,06151
11105,06140
11107,05200
111076,06149
111107,05200
111116,05223
111156,11312
11116,05223
111160,11319
111173,06247
111179,11464
11118,11320
111183,11314
111188,11317
11119,11447
11121,06141
11125,11321
11131,06257
11132,11501
11135,06134
11136,06256
11137,06142
11141,06135
11144,06137
11145,06143
11151,11448
11153,05214
111559,07294
11156,11312
11159,11379
11160,11319
11161,11449
11165,11236
11166,11216
11167,11237
11168,05201
11169,11347
11170,05202
11173,06247
11174,04214
11178,05235
11179,11464
11183,11314
11188,11317
11193,05218
11203,11234
11204,05204
11206,05248
11209,11235
11210,11223
11213,05247
11214,11222
11216,11356
11218,06254
11219,05250
11220,05229
11221,11357
11222,05212
11224,05246
11225,05236
11228,05245
11229,11218
11230,05232
11233,11220
11236,11219
11238,11221
11240,05213
11242,11233
11245,06237
11258,05228
11268,04216
11269,07144
11277,11392
11278,07145
11279,11440
11280,11393
11281,11439
11282,05243
11283,07217
11287,05227
11289,11177
11290,11120
11291,07216
11292,05234
11293,06235
11296,11354
11297,07218
11298,11355
11299,05244
11300,11353
11302,07146
11303,06236
11304,11352
11306,07147
113067,03239
11307,11105
11311,05211
11313,11441
11314,05210
11316,05209
11317,05205
11318,05102
11320,11351
11321,11106
11323,05189
11324,05180
11326,05241
11328,05101
11331,05242
11332,11119
11334,11176
11335,05251
11340,11121
11341,07221
11342,07220
11347,11422
11349,11420
11352,11418
113529,17237
11353,07252
11354,11350
11357,11421
11361,11419
11363,05239
11364,07102
11365,11415
11366,05238
11367,11414
11370,05190
11371,05231
11372,11423
11374,05252
113747,05222
11375,05140
11378,11348
11379,05143
11381,11424
113816,07296
11382,11413
11383,07148
11385,11412
11387,11398
113900035,14536
113900230,14989
113900251,14534
113900267,14537
113900282,14990
11392,11122
11393,11394
11394,11123
11396,24165
11398,11396
11399,11395
11400,07253
11401,07105
11402,11124
11404,07222
11405,11115
11408,11397
11409,05105
11410,05106
11411,24155
11412,07223
11413,05141
11414,23397
11415,05178
11416,05179
11418,05253
11419,11130
11420,07254
11421,11410
11426,24164
11429,11128
11433,11132
11435,05108
11436,07119
11439,05107
11440,11129
11443,07117
11444,07115
11447,07120
11448,07113
11449,07121
11451,07111
11452,07118
11453,07256
11455,07116
11456,07110
11458,11126
11459,07114
11460,07112
11461,07123
11462,11125
11465,07225
114659,03180
11466,24163
114661,03182
114662,03181
11467,07150
11472,11403
11473,05191
11475,07241
11476,11404
11477,05109
11478,05124
11484,05185
11486,05125
11488,07240
11489,05126
11490,24162
11491,05111
11492,11407
11493,05176
11496,11408
11497,05177
11498,07128
11500,05128
11503,23387
11505,05127
11514,05129
11516,11118
11517,23386
11519,05130
11521,11139
11522,23388
115226,21264
11523,07152
115238,06253
115239,06358
11524,07236
115242,04204
115243,04203
115244,04288
115245,04291
11525,07257
11527,07258
11528,07235
11529,05142
11530,07186
11531,07185
11532,07153
11535,07245
11537,05144
11542,11133
11543,11134
11547,24161
11551,11135
11552,07183
11553,07227
11554,11136
11557,07226
11558,24160
11559,07294
11560,07182
11564,07259
11565,07295
11569,11138
11575,07260
11578,07169
11581,07168
11591,07154
11595,07173
11596,07261
11597,11141
11599,07172
11601,07290
11602,11140
11603,23389
11604,07291
11605,07175
11606,07228
11610,07174
11611,07177
11614,07176
11617,07229
11630,07285
11631,07287
11634,07288
116343,21165
11636,07263
11642,11143
11644,24175
11648,11142
11650,07284
11652,07265
11653,07283
11654,07230
11657,07231
11663,07158
11666,24148
11671,24147
11675,07134
11688,05267
11690,07267
11694,11145
11695,24176
11696,11144
11700,07196
11701,07275
11704,07277
11707,07278
11709,07232
11710,11147
11711,07279
11712,07276
11713,11146
11715,05163
11716,07233
11718,07193
11732,24146
11740,07137
11741,07190
11744,24133
11748,07307
11752,07306
11754,07304
11759,07305
11762,24130
11787,11150
11791,11151
11797,07141
11799,24389
11805,24388
11808,11153
11811,24125
11824,11152
11833,11155
11834,24136
11837,24114
11839,24115
11843,11154
11850,24126
11863,24390
11869,24197
11880,24120
11884,24213
11888,24200
11889,24220
11890,24241
11893,24119
11899,24111
11907,24201
11926,24363
11928,24204
11929,24110
11932,24225
11934,24371
11935,24219
11944,24226
11946,24218
11950,24335
11956,24206
11958,24109
11963,24224
11966,24108
11970,25217
11972,25216
11977,25163
11979,24375
11986,24229
11988,25161
11995,25162
11997,24230
12003,25159
12007,25160
12012,25284
12013,25215
120196,13200
12020,25214
12022,25283
12023,24222
120274,17105
12028,25157
12040,24249
12041,24248
12047,24362
12052,24361
12066,25213
12067,25212
12080,25285
12103,24358
12108,24345
12114,25211
12116,24263
12117,24262
12119,25210
12121,25152
12122,25151
12123,24356
12126,25126
12127,24245
12130,24312
12133,25125
12139,24244
12142,25227
12144,25226
12148,24259
12152,24354
12156,25248
12157,24261
12161,25249
12166,24351
12167,24266
12169,25246
12171,24314
12172,24267
12174,25247
12177,25223
12179,25244
12180,25222
12181,24257
12184,25245
12185,25124
12186,25123
12188,24268
12190,24269
12192,25242
12195,25243
12201,24254
12204,24255
12214,25193
12215,25192
12216,24237
12217,25239
12218,25238
12220,24270
12221,25122
12223,25218
12229,25191
12230,25219
12231,25236
12232,25145
12233,25146
12235,25237
12236,25190
12237,25234
12238,25233
12239,25235
12240,24301
12242,25119
12244,24302
12249,25120
12251,24273
12253,24284
12257,25144
12260,24277
12261,24276
12262,25267
12263,25266
12264,25143
12265,24299
12270,25198
12271,24300
12274,25199
12277,24283
12278,25196
12279,24303
12281,25118
12283,25197
12285,25264
12287,25117
12288,24298
12289,25265
12295,25141
12296,25142
12311,25262
12312,25263
12313,25182
12316,25183
12318,25174
12320,25173
12322,24280
12324,24287
12327,25140
12330,24292
12332,25180
12333,25139
12334,24291
12336,25181
12337,25172
12339,24289
12341,25177
12342,24290
12343,24288
12344,25137
12345,25171
12359,25256
12362,25257
12366,25169
12368,25170
12372,25133
12374,25134
12375,25255
12376,25254
12377,25165
12379,25166
12380,25168
12381,25167
12386,25253
12387,25252
12390,25132
12391,25131
12392,25103
12394,25105
12395,25107
12396,25106
12397,25108
12398,25109
12400,25250
12401,25251
12402,25110
12404,25101
12696,16162
12787,16203
12798,16204
12799,16221
12803,16222
12809,16223
12816,16296
12823,08295
12856,22279
12858,22280
12859,22339
12862,08125
12863,08126
12869,08002
12880,22277
12883,22278
12897,23295
12903,22275
12905,22276
12908,10018
12918,23270
12941,06169
12951,09179
12952,08275
12954,06276
12958,06277
12965,10114
12968,10008
12988,10136
12995,10133
12996,10135
12997,04174
12999,04173
13000,04183
13002,04217
13006,04184
13015,04239
13016,11301
13018,11300
13020,23218
13025,08220
13026,11266
13029,11201
13061,01143
13067,03239
13077,03234
13093,03127
131,16015
131606,02220
13185,22215
13187,08259
13188,09195
131883,16172
13189,09194
13197,22140
13198,09196
13199,09197
132,16014
13212,01238
13225,20209
13227,20210
13241,12332
13242,12331
13245,18200
13246,18199
13254,20208
13255,20207
13256,12329
13257,12175
13260,13181
13264,12131
133,16839
133035,10314
133038,10262
133039,10315
133041,10311
133062,03238
13322,14226
13341,14129
13361,14130
13371,20199
13372,20200
13374,20152
13396,13198
134,16800
13426,16291
13427,16292
13429,17217
13431,16297
13438,16330
13440,15219
13441,16264
13452,16138
13455,16236
13458,16136
135,15695
13512,15197
13513,15169
13529,17237
13576,19317
13579,19316
136,15696
13607,19213
13610,18125
13611,19169
13613,19168
13624,19266
13675,12173
13691,06157
13694,06269
13706,11190
13707,11276
13715,23466
13721,11282
13725,11275
13730,11213
13731,11456
13733,08146
13737,08198
13747,05222
13752,11450
13759,06255
13767,07219
13771,24156
13773,07255
13777,11406
13778,07224
13780,07238
13781,11487
13797,05155
13816,07296
13829,05165
13865,24194
13871,24193
13900,24211
13923,24232
13938,24205
13940,24370
13945,24101
13959,24223
13975,24264
13994,24360
140,15700
14001,24355
14007,24242
14008,24353
14021,24235
14034,24236
14047,25205
14049,25204
14057,25184
14058,25185
14061,24282
14064,24286
14074,25178
14077,25138
142,15702
14303,03232
14340,02230
14341,02229
14384,21273
14393,21280
14397,21282
14406,21278
14410,22300
14448,23261
14449,23250
14450,23202
14472,06324
14473,05687
14487,07347
14494,08160
14503,01235
14508,01236
14514,17120
14521,03268
14537,23339
14560,04261
14564,19314
14571,17172
14586,18658
14587,18657
14588,19315
14595,19310
14603,22217
14604,22203
14620,11416
14630,19298
14632,19311
14654,16303
14657,16160
14659,03180
14661,03182
14662,03181
14669,15155
14674,18740
14675,18741
14684,15294
14689,15402
147,18004
14702,10113
14705,06279
14709,11417
14782,13250
14786,18223
14789,01240
14792,22211
14794,22150
148,18008
14806,15186
14807,15187
14811,17247
14812,17245
14823,04221
14824,11243
14826,05121
14827,05120
14828,05123
14829,05122
14831,24183
14832,24170
14848,23462
14856,11476
14863,24429
14864,24279
14865,24285
14875,24374
14893,24380
149,18010
14909,15299
14910,15300
14911,15242
14912,15277
14913,15174
14917,15269
14920,11333
14922,21300
14923,21301
14943,18222
14945,13285
14948,15330
14994,18202
150,18012
15020,14153
15023,08320
15024,08321
15047,10276
15059,09237
15064,10273
15065,10272
15070,10271
15071,10270
15077,10299
15081,10142
15082,10141
15100,11445
15135,06293
15136,06295
15171,22320
15187,24253
15188,24274
15191,11158
15225,21259
15226,21264
15235,11462
15238,06253
15239,06358
15240,03245
15241,03246
15242,04204
15243,04203
15244,04288
15245,04291
15269,19275
15270,19294
153,18009
15345,10257
15390,16103
15445,10129
15451,06335
15523,03207
15552,21338
15559,07234
15560,07237
15561,07239
15563,25290
15564,25289
15569,13325
15593,24258
15594,24256
15596,25186
15597,25187
15604,10305
15669,24105
15670,24106
15708,11309
15758,22123
15772,19278
15816,06303
15823,05237
15824,07367
15850,07143
15893,08240
15906,21260
160031,21147
160060,21156
160069,21293
160080,21292
160281,13281
16076,22323
16077,22322
161,17869
16110,03266
16118,02210
16119,03176
16130,07286
16157,13749
16159,24431
16179,06118
162,17011
16203,24393
16204,24406
16206,24430
16301,07377
16302,07376
16303,07375
16304,07371
16305,07372
16306,07429
16307,07357
16308,07358
16309,07359
16310,07363
16311,07365
16312,07369
16314,07378
16318,07364
16319,07362
16320,07370
16321,07361
16322,07360
16343,21165
16430,16432
16431,16431
16444,23436
16457,12423
16458,12422
16485,13262
166,17878
168,17880
170300,17298
170564,11326
170565,11328
170574,11283
170630,21276
170631,21290
170634,21294
170635,21297
170636,21298
170637,21299
170638,21127
170675,21274
170755,21157
170756,21158
170757,21159
170760,21142
170761,21143
170815,16154
170823,12436
170964,24403
171022,15194
171023,15193
171040,12415
171044,12416
171053,13125
171087,12417
171088,13265
171089,12418
171275,21166
171276,21167
171281,21267
171282,21268
171283,21211
171288,21206
171289,21205
171325,21219
171330,21214
171332,21212
171333,21265
171334,21266
171339,21178
171340,21179
171341,21180
171351,21337
171353,21112
171355,21114
171585,16232
171587,16228
171588,16226
171820,16410
171920,21204
171985,21153
171999,21148
172252,02153
172469,15361
172473,15154
172476,15142
172545,03158
172627,07281
172628,07354
172713,12421
172751,12430
173013,09226
173031,06152
173074,09146
173189,06244
173190,06246
173191,06248
173196,06249
173198,06245
173199,06243
173537,09283
173693,03179
173869,08358
173886,08357
174436,13156
174577,21145
174813,10250
174814,10248
174993,19283
175415,06130
175475,06265
175476,06262
175477,06263
175479,06252
175480,06250
175496,06232
175503,06155
176335,15323
176526,15399
176859,10330
176900,10264
177296,03320
177897,02210
183,21833
184,21832
185,21830
186,21828
187,19839
188,17868
189,17866
190,17897
191,15694
1911,18708
192,15692
194,15703
195,16842
196,16007
197,16009
198,16011
199,16013
20056,11127
201,16010
20121,18224
20196,13200
202,16008
20224,16224
20228,22291
20229,22292
20274,17105
20275,17103
204,16002
205,16001
206,16003
207,16841
210,15691
217,21829
220,14818
225,12742
2266,16220
2272,16366
2273,16367
2274,16368
2275,16369
228,12018
230,12608
231,12017
233,12743
234,12745
235,12748
236,14816
237,14815
241,13028
243,13032
244,13029
245,13778
248,13775
249,13773
259,14014
260,14895
261,14011
262,14013
263,14062
267,13253
268,13046
269,13045
270631,21290
272,13021
273,19826
276335,15323
276526,15399
279,19820
280,19822
2803384,32002
2803385,32001
2803386,31050
2803390,31018
2803391,31017
2803392,31016
2803394,31072
2803395,31013
2803397,31010
2803398,31008
2803399,31007
2803401,31005
2803402,31003
2803403,31002
2803415,28018
2803416,28017
2803431,25031
2803432,25030
2803433,25029
2803434,25028
2803435,25027
2803436,25026
2803437,25024
2803438,25023
2803451,25009
2803452,25008
2803453,25006
2803456,25002
2803476,23002
2803481,22003
2803567,32008
2803568,32007
2803569,31035
2803570,31034
2803572,31031
2803573,31033
2804881,25046
2805014,31037
2805046,31057
2805047,32055
2805157,23029
2805158,14012
2805159,23037
2805160,23038
2805161,23032
2805162,23031
2805163,23034
2805164,22013
2805165,23035
2805166,22014
2805167,22012
2805168,23033
2805171,25164
2805172,25144
2805554,25174
2805648,31076
2805673,31073
2805763,25184
2805764,25185
2805979,22058
2806082,25091
2806228,25182
2806237,22022
2807071,14149
2807184,22242
2807432,23011
2807643,22140
2807645,23288
2807646,23488
2807647,23504
2807648,23318
2807649,22129
2807768,23259
2807769,23218
2807770,23251
2807771,23201
2807772,23572
2807775,22962
2807776,22286
2808485,19283
2808486,19155
2808487,19255
2808500,19156
2808501,14001
2808552,22905
2808603,23396
2808789,22291
2808811,16019
2808812,16018
2808813,16021
2808823,19019
2808852,16394
2808853,16396
2808854,16386
2808855,16621
2808918,22152
2808919,22851
2808929,19017
2808930,19158
2808931,19290
2808932,19152
2808933,19645
2808934,19996
2808935,19175
2808961,18106
2808962,18108
2808963,18114
2808964,17725
2808965,21002
2808966,17229
2808967,17122
2808968,17127
2808969,18780
2808970,18110
2808971,18107
2809049,22385
2809050,22836
282,19604
284,19861
288,14001
290,14004
293,14008
294,14006
296,14803
299,03730
304,03728
31097,23296
311,03324
31104,23213
31121,23297
31125,23481
31126,23504
312,03002
31524,23343
31527,23505
31528,23371
31529,23372
31530,23373
31531,23374
31533,23698
31534,23749
31538,23323
31539,23720
31541,23375
31542,23376
31543,23377
31544,23378
31545,23379
31565,23468
31575,22305
31577,23470
31606,02220
31823,06359
31832,07411
31833,07409
31883,16172
31896,16745
31897,16326
31898,16378
31899,16327
319,03010
31908,16379
31909,16430
31939,16321
31940,16375
31952,16373
31971,19389
31972,19390
31977,19236
31982,19105
320,03008
321,03004
32155,11293
32159,11308
32184,11294
324,02003
32572,07337
326,02664
32631,07336
32640,07401
32641,07403
32642,07405
32649,07430
32659,07407
32660,07406
32661,07404
32662,07402
32666,07328
32670,07335
32723,18219
32724,18140
32731,18204
32732,18205
32733,18206
32734,18207
32735,18208
32738,18211
32739,18212
32740,18213
32741,18214
32748,18141
32887,24139
330,02662
33024,10179
33027,10174
33028,10176
33029,10178
33032,10120
33035,10314
33038,10262
33039,10315
33041,10311
33042,10127
33047,10177
33048,10175
33049,10173
33050,10309
33051,10180
33052,10320
33062,03238
33066,03247
33074,03205
33075,03204
33076,03206
331,01762
343,01781
344,01779
345,01777
347,01780
355,23382
356,23387
357,23362
358,23832
359,23839
361,23840
362,23316
366,23841
369,22008
372,22007
380,06755
381,06756
382,06757
383,06758
384,06006
385,01044
386,01041
388,01037
390,01767
392,01763
397,01771
398,02156
399,02163
400,02669
4000013,24711
4000059,02681
4000062,02709
4000064,02679
4000211,17752
4000247,02661
4000249,02708
4000250,02682
4000271,23179
4000272,23848
4000348,23838
4000352,23842
4000386,22822
4000404,03752
4000407,03735
4000408,03729
4000410,03733
4000441,03732
4000444,03734
4000461,09279
4000506,11316
4000515,14614
4000785,21801
4000840,16891
4000856,22539
4000857,22793
4001047,25723
4001050,25726
4001088,25782
4001089,25728
4001090,24745
4001091,24771
4001092,24769
4001093,24767
4001094,24740
4001095,24741
4001213,02643
4001541,02710
4001542,02711
4001546,02640
4001552,24620
4001553,05168
4001563,02507
4001564,02712
4001565,02111
4001588,20808
4001590,20807
4001592,20790
4001593,20496
4001595,22344
4001596,19801
4001597,19804
4001599,92612
4001601,14854
4001628,14861
4001640,20993
4001641,19994
4001644,19977
4001645,16990
4001659,14830
4001663,23983
4001664,22998
4001665,20987
4001674,14995
4001675,14998
4001677,14664
4001678,14665
4001679,23881
4001680,23989
4001706,14986
4001738,23390
4001743,01702
4001745,01683
4001754,23912
4001755,14609
4001758,20965
4001760,41601
4001763,01901
4001764,23885
4001770,22801
4001772,23391
4001778,16913
4001782,19902
4001792,22543
4001794,23816
4001802,19326
4001804,19180
4001805,19113
4001812,16801
4001815,23493
4001816,23861
4001817,23863
4001824,23851
4001855,16405
4001856,16409
40023,24131
40032,24397
40054,24129
40061,24116
40069,24102
40074,24394
403,08007
405,08009
406,01003
410,16012
4100178,84015
4100336,91108
4100337,91107
4100338,91101
4100339,91103
4100341,91098
4100344,91094
4100345,91093
4100348,91087
4100350,91081
4100351,91084
4100353,91075
4100354,91077
4100355,91073
4100356,91069
4100357,91070
4100374,91128
4100375,91206
4100377,91123
4100378,91122
4100506,11316
4100714,85017
4100717,90235
4100720,85003
4100721,85004
4100725,87016
4100726,87028
4100729,87044
4100730,87040
4100731,87035
4100741,87057
4100746,87093
4100747,87085
4100749,84043
4100753,84019
4100754,84017
4100764,84021
4100765,84029
4100766,13133
4100768,84061
4100769,84066
4100770,84067
4100771,84070
4100772,84071
4100773,84075
4100774,84073
4100798,83021
4101342,87066
4101734,90257
4101736,90256
4101740,03761
4101759,20920
4101760,41601
4101761,41602
4101762,19903
4101775,91219
4102277,93056
4102278,93055
4102279,93054
4102281,93068
4102285,93143
4102288,93049
4102290,93045
4102292,93042
4102294,93038
4102300,93070
4102304,93021
4102311,93010
4102484,75057
4102486,75019
4102488,75015
4102495,75003
4102502,76080
4102516,76070
4102517,76071
4102518,76069
4102519,76068
4102520,76067
4102521,76066
4102522,76065
4102523,76064
4102966,90275
4103127,92053
4103128,92051
4103129,92042
4103130,92043
4103133,92054
4103134,92060
4103135,92056
4103136,92055
4103137,92052
4103138,92050
4103142,92038
4103143,92126
4103145,92029
4103147,90273
4103149,92020
4103150,92024
4103151,92028
4103152,92034
4103154,93058
4103155,93050
4103156,93046
4103157,93041
4103158,93037
4103168,92144
4103169,93003
4103171,93012
4103187,92146
4103188,93002
4103245,90249
4103251,90252
4103258,90226
4103260,90053
4103261,90243
4103265,86044
4103267,89007
4103268,89009
4103269,89012
4103270,89013
4103271,89016
4103272,89018
4103273,89020
4103274,89022
4103275,89023
4103276,89026
4103277,89031
4103278,89032
4103281,89034
4103288,89025
4103289,89024
4103290,89021
4103291,89019
4103292,89017
4103293,89015
4103294,89014
4103296,89010
4103297,89008
4103298,89006
4103300,89003
4103301,89002
4103302,87056
4103303,87054
4103304,87050
4103305,87047
4103306,87037
4103307,87033
4103308,87026
4103309,87025
4103312,87013
4103313,87009
4103315,87004
4103317,87007
4103318,87014
4103319,87015
4103320,87030
4104646,80053
4104661,80069
4104663,80074
4104668,80063
4104669,80064
4104670,80065
4104671,80066
4104672,80067
4105740,74049
4105741,74048
4105743,74045
4105744,74042
4105745,74041
4105746,74040
4105747,74037
4105748,74036
4105914,91228
4105916,78007
4105917,78005
4105919,78009
4105921,78011
4105925,91231
4105944,78026
4106526,79004
4106527,79005
4106528,79006
4106529,79007
4106530,79009
4106531,79008
4106534,79015
4106535,79014
4106536,79016
4106537,79017
4106538,79018
4106539,79019
4106540,79010
4107775,87080
4107777,86006
4107780,86001
4107783,86005
4108238,75005
4108252,76073
4108253,76074
4108254,76149
4108257,76147
4108259,76169
4108300,84125
4108301,84126
4108302,84127
4108303,84123
4108304,84122
4108305,84121
4108417,72098
4108432,72075
4108567,73089
4108568,73105
4108659,74109
4108661,74111
4108738,76125
4108740,76137
4108830,79119
4108831,79118
4108892,80159
4108980,80243
4109048,80278
4109135,82073
4109136,82072
4109195,82044
4109208,82150
4109222,83113
4109227,83108
4109240,83121
4109241,83120
4109242,83119
4109243,83118
4109244,83117
4109245,83094
4109257,83132
4109269,83146
4109270,83145
4109300,83076
4109302,83074
4109304,83182
4109349,84217
4109400,84143
4109401,84142
4109527,85189
4109555,86071
4109556,86145
4109557,86149
4109558,86148
4109621,87176
4109629,87180
4109630,87147
4109633,87150
4109634,87151
4109635,87161
4109680,87189
4109718,88089
4109805,89090
4109806,89091
4109884,90188
4109899,90254
4109921,91193
4109935,91182
4109936,91181
4109959,92186
4110012,92049
4110020,92022
4110023,92027
4110024,92025
4110025,92113
4110028,92072
4111605,81059
4111610,81048
4111621,87087
4113255,87213
4113296,83161
4113393,87224
4113394,87225
4113635,86155
4113903,85181
4113904,85182
4113905,85183
4113906,85184
4113907,85185
4113908,85186
4114210,89123
4114220,83164
4114222,83166
4114227,83171
4114228,83172
4114297,83179
4114473,84255
4115472,84006
4115473,84007
4116133,87217
4116137,87049
4116138,87046
4116147,84054
4116148,84055
4116169,84093
4116170,84092
4116172,84096
4116174,84098
4116478,90286
4116479,90008
4116481,90253
4116482,90251
4116489,90069
4116497,90088
4116519,91092
4116520,91091
4116524,91076
4116527,91056
4116528,91058
4116529,91042
4116530,91041
4116532,91040
4116655,90068
4116660,90062
4117097,91078
4117099,91201
4117108,91129
4117110,91119
4117118,91102
4117124,92005
4117125,92008
4117126,92009
4117127,92011
4117129,92013
4117145,92093
4117147,92095
4117153,92102
4117162,92041
4117165,92067
4117168,92114
4117169,92047
4117174,92007
4118695,28467
4120819,91234
4120824,91236
4121300,90255
4121301,90006
4121305,90115
4121307,90258
4121322,90060
4121326,90055
4121327,90064
4121328,90067
4121329,90065
4121339,90043
4121340,90044
4121341,90123
4121342,90122
4121970,78085
4121974,78090
4121975,78086
4122585,82161
4122586,82160
4128,17102
4128036,28613
4130018,79035
4130019,79030
4130022,79026
4130025,79040
4130026,79041
4133,19327
4135003,71006
4135011,87092
4135012,87215
4136455,93032
4136457,92091
4136458,92090
4136459,92086
4136460,92087
4136461,92082
4136465,92058
4137,19324
414,19604
4142,19184
4144,19323
4151482,79057
4151498,79036
4151499,79032
4151502,79025
4151507,91115
4151508,91124
4151576,89122
4160025,74024
4160026,74020
4160034,74001
4160085,93019
4160087,93011
4160088,93008
4160089,93053
4160091,93065
4179434,92154
4179436,92155
4179438,91218
4179439,91125
4179440,91121
4179442,91126
4179445,91120
4179460,85045
4179468,84115
4179495,80055
4179496,80054
4195458,91146
4195461,91151
4195498,92147
4195889,79077
4195890,79076
4195891,79075
4195897,79069
4195900,79066
4195901,79065
4195902,79064
4195903,79063
4195906,79083
4195950,79091
4195957,79088
4195958,79087
4195960,79085
4195969,92149
4195983,75041
4195984,75040
4195985,75039
4195990,90148
4195991,91154
4196188,90150
4196662,83040
4196663,83039
4196664,83038
4196665,83037
4196667,83035
4196668,83034
4196669,83033
4196670,83032
4196672,83030
4196673,83029
4196674,83028
4196677,83027
4196678,83026
4196680,83024
4197141,75001
4197154,93081
4197158,93077
4197289,85187
4197290,86067
4197441,90151
4197443,90146
4197451,73023
4197455,72016
4197457,90144
4197615,76100
4197616,76096
4198640,90167
4199017,83043
4199022,83046
4199044,74062
4199045,74063
4199168,76086
4199172,76090
4199193,92136
4199195,92134
4199587,72014
458,02643
459,02699
460,02639
463,02649
474,02695
476,02693
479,02652
481,03680
483,02694
4853,22157
490,23931
491,23328
5000001,08855
5000002,08856
5000003,08858
5000004,14556
5000005,04846
5000007,08849
5000008,08850
5000009,12856
5000010,12857
5000011,12858
5000012,12859
5000013,12860
5000014,12861
5000016,12863
5000017,12864
5000018,12865
5000019,12866
5000020,12867
5000022,12869
5000023,12870
5000024,12871
5000025,12872
5000026,12856
5000027,11843
5000028,11845
5000029,10700
5000030,10701
5000031,10702
5000032,10703
5000033,10704
5000034,10705
5000035,10706
5000036,10707
5000037,11846
5000038,11844
5000039,11848
5000040,10710
5000041,10711
5000043,10713
5000044,10714
5000045,16399
5000047,16504
5000048,16528
5000049,16532
5000050,16540
5000051,16545
5000052,16592
5000053,16595
5000054,16601
5000055,16603
5000056,16604
5000057,16615
5000058,16616
5000061,16622
5000062,16623
5000063,16624
5000064,16625
5000065,16627
5000066,16628
5000067,16629
5000070,16632
5000071,16633
5000072,16634
5000073,04847
5000074,04848
5000088,04862
5000090,04864
5000091,04865
5000097,04871
5000098,04848
5000101,21701
5000102,04873
5000103,18999
5000104,17311
5000105,17312
5000107,22068
5000108,22591
5000114,22573
5000115,22598
5000116,22609
5000117,22614
5000118,12854
5000119,12855
5050001,16631
5050002,04872
5050003,21700
5050004,22939
5050005,22547
5050006,22927
5050007,22528
5050008,22911
5050009,22926
5050010,11602
5050012,13938
5050013,13939
5050014,17605
5050015,17609
5050016,17610
5050019,20531
5050020,16638
5050021,16636
5050022,17612
5050023,17613
5050024,17622
5050025,17623
5050026,17624
5050027,17625
5050028,17620
5050029,17621
5050030,11603
5050031,11604
5050032,11605
5050034,11607
5050036,11609
5050039,08895
5050040,08896
5050041,05515
5050042,16630
5050043,13944
5050045,13945
5050046,23405
5050047,17626
5050048,16401
5050049,20545
5050050,20534
5050051,20558
5050052,17505
5050053,01820
5050054,12873
5050055,05990
5050057,05671
5050058,13953
5050059,18869
5050060,18873
5050061,18871
5050062,18872
5050063,14805
5050064,14804
5050065,05511
5050066,18600
5050073,08588
5050077,08832
5050078,08809
5050079,08810
5050080,18601
5050081,18602
5050082,05168
5050083,05169
5050084,04876
5050085,04877
5050089,04852
5050090,04854
5050091,04855
5050092,04856
5050093,04857
5050094,04858
5050095,04859
5050096,04860
5050097,04861
5050098,04863
5050099,04866
5050100,04867
5050101,04868
5050102,01023
5050103,11866
5050104,22613
5050105,22615
5050106,22616
5050107,04878
5050108,12874
5050109,12875
5050110,12876
5050111,12877
5050114,12880
5050115,12881
5050116,12882
5050117,12883
5050118,12884
5050119,12885
5050121,18587
5050122,17632
5050123,17633
5050124,17634
5050125,17635
5050126,17636
5050127,17637
5050128,17638
5050129,18588
5050130,18589
5050131,18592
5050132,18603
5050133,04879
5050137,23572
5050138,14892
5050139,10841
5050140,10842
5050141,10843
5050142,05999
5050143,14742
5050144,18569
5050145,18798
5050146,18689
5050147,12886
5050148,10265
5050149,10265
5050150,17151
5050151,18643
5050152,18644
5050154,22095
5050155,22095
5050156,22124
5050162,22860
5050163,15639
5050164,23893
5050165,23629
5050166,23896
5050167,23933
5050168,23937
5050169,23938
5050170,23940
5050171,17712
5050172,17362
5050173,25535
5050175,25539
5050176,25542
5050180,25517
5050181,25518
5050182,25520
5050183,25525
5050184,25528
5050185,25529
5050187,16402
5050188,16403
5050189,16534
5050191,16539
5050192,16546
5050193,16549
5050195,16908
5050196,16909
5050197,16911
5050198,16921
5050199,22369
5050200,12887
5050203,13955
5050204,18801
5050205,18804
5050206,04883
5050207,04884
5050208,04885
5050210,04884
5050216,01557
5050217,16617
5050218,22434
5050219,12888
5050220,17370
5050221,17371
5050225,21602
5050226,14540
5050227,14700
5050229,04887
5050230,04887
5050231,04888
5050232,04889
5050233,04890
5050234,04891
5050235,04892
5050236,16641
5050237,16640
5050240,04893
5050241,04894
5050242,08799
5050243,22969
5050244,16450
5050247,08792
5050248,04895
5050249,03527
5050250,17534
5050252,17535
5050253,17361
5050254,13956
5050255,13956
5050256,13957
5050257,13958
5050258,13959
5050259,13960
5050260,13961
5050261,13962
5050262,13963
5050263,13964
5050264,13965
5050265,13966
5050266,13967
5050267,13968
5050268,13969
5050270,13971
5050271,13972
5050272,13973
5050273,13974
5050274,13975
5050275,17715
5050276,12889
5050277,12890
5050278,18145
5050279,23489
5050280,22200
5050281,13976
5050282,17410
5050284,14610
5050285,14611
5050286,14612
5050287,14613
5050288,23822
5050289,17718
5050290,23150
5050291,14616
5050293,12891
5050294,25014
5050297,20254
5050298,10831
5050299,11242
5050300,04896
5050301,13977
5050302,04897
5050303,04898
5050304,04914
5050305,04912
5050306,04904
5050307,04906
5050308,04908
5050309,04910
5050310,04909
5050311,04907
5050312,04905
5050315,04899
5050316,07509
5050317,07518
5050318,07511
5050319,17516
5050320,19483
5050321,23981
5050322,25376
5050323,25375
5050324,05265
5050325,25761
5050326,25762
5050327,25763
5050328,25764
5050329,25378
5050330,25377
5050331,04547
5050332,04547
5050333,04506
5050334,04512
5050335,04518
5050336,04526
5050337,04533
5050338,04540
5050341,25381
5050342,13978
5050343,13340
5050344,17655
5050345,19341
5050346,17160
5050347,13720
5050348,10342
5050349,10343
5050350,04872
5050351,04872
5050352,21002
5050353,09546
5050354,09562
5050357,25678
5050358,25680
5050359,25681
5050360,25682
5050361,25679
5050363,08878
5050364,08877
5050365,08832
5050366,18500
5050367,18517
5050368,25643
5050369,20925
5050370,25388
5050371,04167
5050372,04166
5050373,25658
5050374,25654
5050375,13946
5050376,13946
5050377,05994
5050378,24511
5050379,24512
5050380,24913
5050385,24513
5050386,24514
5050387,24515
5050388,24516
5050389,24517
5050390,24518
5050391,24519
5050392,24520
5050393,24521
5050394,24522
5050395,24523
5050396,24524
5050397,24525
5050398,24912
5050399,24526
5050400,24527
5050401,24528
5050402,24529
5050403,24530
5050404,24531
5050405,24532
5050406,24533
5050407,24534
5050408,24535
5050409,24536
5050410,24537
5050411,24538
5050413,05757
5050414,23440
5050415,23441
5050416,22837
5050417,22837
5050418,05256
5050419,05257
5050420,08603
5050421,08604
5050422,08605
5050424,25610
5050425,25610
5050426,25611
5050427,25612
5050428,25613
5050429,04525
5050430,04532
5050431,04537
5050432,04558
5050433,04568
5050434,04576
5050435,01615
5050436,01616
5050437,01617
5050438,01618
5050439,17267
5050440,24540
5050441,24542
5050442,24543
5050446,24546
5050447,24547
5050448,24548
5050450,24550
5050451,24551
5050452,24552
5050453,24557
5050454,24559
5050455,24560
5050456,24561
5050457,24562
5050459,24553
5050460,24554
5050461,24555
5050462,24556
5050463,20213
5050464,12295
5050465,10501
5050466,10501
5050467,16397
5050468,10513
5050469,10514
5050470,16398
5050471,14526
5050472,06559
5050474,08606
5050475,19780
5050476,19781
5050477,19782
5050478,19892
5050479,19301
5050480,01612
5050481,01617
5050482,06508
5050483,25593
5050484,25659
5050485,25596
5050486,12557
5050488,25573
5050489,18756
5050490,18755
5050491,18757
5050492,19749
5050493,06512
5050494,06516
5050495,06518
5050496,06520
5050498,24565
5050499,19776
5050500,19594
5050501,19783
5050502,25601
5050503,25605
5050504,25607
5050505,25609
5050506,25293
5050507,25293
5050508,25292
5050509,25292
5050510,25614
5050511,25614
5050512,25615
5050513,25615
5050514,25291
5050515,25291
5050516,25618
5050517,25618
5050518,25608
5050519,25606
5050520,25604
5050524,18782
5050525,24198
5050526,24151
5050527,24182
5050530,24567
5050531,23547
5050532,23548
5050533,24569
5050534,24571
5050535,14276
5050537,12557
5050538,21917
5050539,24573
5050540,24574
5050541,08782
5050542,08784
5050543,08785
5050544,25619
5050545,05601
5050546,05601
5050547,14967
5050549,22527
5050550,16301
5050553,04847
5050554,24566
5050555,20601
5050556,20602
5050557,20603
5050558,20604
5050559,20605
5050560,20606
5050561,20607
5050562,20608
5050563,20609
5050564,20610
5050565,20611
5050566,20612
5050567,25564
5085,16345
5087,16347
509,16857
51,16848
510,16829
511,24620
516,05161
518,05745
519,05169
538,02692
544,05699
545,05701
548,06628
551,06768
552,06629
553,06777
554,04003
555,05700
556,05698
557,05696
558,05694
559,05665
567,13035
569,02665
572,20660
574,22762
576,22029
578,22763
58,20783
580,22765
582,22802
584,22808
586,22810
588,22813
589,22816
595,22014
598,23814
599,23813
600,23812
60015,17293
60028,21144
60031,21147
60060,21156
60065,21269
60066,21270
60068,21271
60069,21293
60074,21277
60077,21288
60080,21292
60235,19292
60236,19305
60237,19319
60244,19293
60281,13281
60282,13278
60283,13282
604,24728
608,23806
614,22012
617,02605
618,02680
623,22016
627,22010
642,22829
644,22828
647,22711
648,22827
654,16005
667,12006
669,13006
673,13037
676,13017
678,13013
679,13008
680,13009
681,18779
682,18778
684,18781
685,17723
687,17725
690,17727
693,02151
694,23140
695,21789
696,20006
698,19963
699,19964
7000001,06101
7000004,21604
7000005,06121
7000006,05263
7000011,06103
7000013,10122
7000014,08336
7000016,22256
7000017,10121
7000018,10104
7000019,10111
7000020,01245
7000021,24137
7000023,06016
7000024,06104
7000025,09176
7000029,15378
7000033,11502
7000034,18160
7000039,06020
7000042,17107
7000045,24278
7000047,24402
7000049,21363
7000052,09294
7000055,22348
7000059,08342
7000063,08348
7000090,05261
7000095,21920
7000097,21809
7000099,21809
7000123,12316
7000126,06106
7000131,06416
7000132,09293
7000136,15183
7000137,16104
7000143,10292
7000144,10293
7000145,09269
7000146,09270
7000149,11431
7000150,11432
7000151,11463
7000152,11253
7000153,11460
7000154,11461
7000156,04206
7000157,04205
7000160,04240
7000162,22386
7000164,20243
7000165,20244
7000166,20196
7000167,20195
7000170,15175
7000171,15161
7000172,15162
7000176,14591
7000178,12419
7000183,11428
7000184,11477
7000186,09249
7000187,11105
7000188,21225
7000189,17107
7000190,17105
7000194,13199
7000199,11489
70012,13110
70032,06102
70034,06023
70035,06418
70041,07006
70042,07004
70043,07002
70049,07424
70050,07420
70051,07421
70053,07329
70054,07327
70061,07001
70063,07005
70064,06009
70066,06013
70067,06014
70069,06022
70071,06026
70088,13141
70091,13144
701,20005
70114,13133
70117,01004
70171,01200
70173,01224
70174,01221
703,20004
70300,17298
70330,17110
70338,15200
70339,15204
70460,23458
70461,23338
70462,23459
70471,23325
70474,23364
70475,23366
70477,10304
70484,10196
70488,22179
70489,22177
70495,23507
70496,23127
70498,23129
705,20003
70500,23115
70504,22178
70505,22180
70509,24127
70510,24128
70511,24135
70513,12121
70516,12103
70551,11400
70552,11349
70555,11380
70556,11381
70557,11382
70558,11384
70561,11454
70562,11452
70563,11339
70564,11326
70565,11328
70566,11324
70574,11283
70575,08146
70582,11325
70584,11327
70585,11340
70586,11453
70590,11385
70591,11383
70592,11442
70593,11358
70597,11399
70599,11405
70606,07213
70607,07353
70608,07351
70609,07349
70610,07293
70613,07292
70614,07348
70615,07352
70616,07212
70617,11112
70618,11131
70620,11157
70622,07350
70629,21275
70630,21276
70631,21290
70634,21294
70635,21297
70636,21298
70637,21299
70638,21127
70641,21252
70651,20204
70653,20125
70654,20206
70655,20205
70656,20203
70664,21138
70665,21330
70669,21283
70670,21284
70671,21285
70672,21286
70674,21289
70675,21274
70678,10103
70679,10005
70680,10007
70681,10019
70684,10011
70685,10013
70686,10015
70687,10017
70688,09001
70689,09003
707,20002
70706,10001
70707,09004
70709,10155
70711,10153
70712,10154
70713,10002
70752,21327
70753,21328
70754,21329
70755,21157
70756,21158
70757,21159
70758,21333
70759,21332
70760,21142
70761,21143
70762,21319
70763,21320
70764,21321
70765,21322
70768,16408
70769,15348
70770,15337
70771,15336
70772,16199
70777,15284
70778,15265
70779,15264
70792,19152
70800,15167
70803,15101
70807,16200
70808,15341
70809,15343
70810,15344
70811,15349
70813,16153
70815,16154
70819,12230
70820,12239
70821,12238
70822,12240
70823,12436
70827,12429
70828,12426
70829,12227
70831,12237
70834,12425
70835,12435
70855,07187
70857,07192
70868,07302
70871,07303
70881,07191
70882,07189
70883,07188
70890,24331
70891,24311
70893,24313
70895,24432
70896,24252
70897,24251
70898,24346
709,20001
70900,24344
70901,24343
70902,24378
70903,24372
70906,24190
70907,24187
70908,24185
70909,24184
70912,24172
70913,24149
70915,24141
70922,23188
70924,23169
70925,23170
70927,23198
70932,24145
70934,24150
70935,24159
70938,24177
70939,24186
70940,24188
70941,24189
70944,24373
70945,24377
70946,24366
70947,24329
70949,24357
70952,24350
70954,24352
70955,24332
70956,24392
70957,24330
70965,24275
70971,24391
70975,24132
70976,24138
70981,24134
70984,24202
70986,24369
70988,24271
70989,24272
70995,24404
710,20936
7100156,04206
7100157,04205
71011,19131
71012,14200
71013,14202
71014,14205
71015,14208
71016,14210
71017,14212
71022,15194
71035,14306
71036,12174
71040,12415
71044,12416
71045,12266
71046,12267
71047,12268
71048,12269
71049,12270
71052,13122
71053,13125
71061,01171
71067,13123
71070,12261
71071,12262
71072,12263
71073,12264
71074,12265
71078,13237
71079,12364
71084,14295
71087,12417
71088,13265
71089,12418
71092,22185
71094,23118
71095,23134
71096,23178
71097,23432
71098,23161
71099,23151
711,20937
71102,22186
71104,13258
71108,13195
71109,13193
71111,13235
71116,13232
71117,13194
71118,13196
71119,13217
71120,13215
71124,12198
71125,12189
71130,07194
71131,07165
71132,07163
71133,07161
71134,07159
71138,07151
71139,07149
71142,06775
71143,06287
71146,07156
71148,07160
71149,07162
71150,07164
71157,19357
71162,19244
71163,19628
71164,19347
71165,19346
71167,19393
71168,19309
71176,19273
71177,19402
71182,07181
71183,07178
71187,07171
71190,06024
71195,08176
71196,08009
71198,01002
71201,13121
71202,13119
71203,13260
71205,08010
71206,08318
71212,06182
71213,06184
71216,01227
71218,07167
71220,07170
71224,07179
71225,07180
71227,07184
71272,21841
71275,21166
71276,21167
71281,21267
71282,21268
71283,21211
71288,21206
71289,21205
71294,21262
71296,21119
71319,21105
71320,21106
71321,21107
71322,21261
71325,21219
71330,21214
71332,21212
71333,21265
71334,21266
71339,21178
71340,21179
71341,21180
71344,18209
71345,18210
71346,18114
71347,18118
71349,18197
71350,18198
71351,21337
71353,21112
71355,21114
71357,20001
71360,19248
71363,19238
71371,19121
71375,19232
71386,18226
71418,10303
71420,11197
71424,11269
71427,11244
71429,11246
71430,11366
71432,11160
71433,11162
71434,11102
71435,11104
71437,07103
71439,07107
71440,07109
71453,04209
71473,23251
71490,07108
71491,07106
71492,07104
71494,11103
71495,11101
71496,11161
71497,11159
71499,11373
71500,11257
71501,11256
71502,11255
71504,11183
71507,11272
71508,11199
71511,10160
71519,11187
71520,11188
71559,16227
71561,16231
71563,16235
71564,16237
71565,16240
71566,16243
71579,16244
71580,16242
71581,16239
71582,16238
71584,16234
71585,16232
71587,16228
71588,16226
71598,11387
71599,11376
71600,11378
71601,11438
71602,11436
71603,11434
71604,11426
71605,11311
71606,11310
71607,09186
71608,09187
71609,09188
71610,09189
71611,09190
71612,08001
71613,08003
71614,08004
71616,08101
71617,08102
71618,08103
71619,08104
71620,08105
71621,08106
71622,11337
71623,11338
71624,11425
71625,11429
71626,11435
71627,11437
71628,11377
71629,11375
71630,11444
71678,12118
71682,12104
71683,12105
71685,12107
71686,12109
71791,16428
71793,16111
71799,16342
71801,16332
71808,16429
71809,16427
71820,16410
71822,16390
71835,11204
71836,11205
71839,23302
71840,23510
71842,23445
71843,23195
71863,01164
71865,02122
71869,11117
71870,11114
71877,17125
71879,17129
71880,11107
71881,11109
71882,11111
71884,11164
71885,11167
71886,11168
71890,11485
719,21751
71915,01173
71920,21204
71922,25128
71927,08141
71932,07379
71936,11481
71938,11106
71939,07380
71941,03263
71942,03262
71945,11175
71946,11173
71957,21279
71959,21281
71961,21236
71962,21239
71963,21241
71964,21243
71965,21245
71966,21247
71967,21246
71968,21244
71969,21242
7197,01003
71970,21240
71972,21237
71978,21272
71985,21153
71999,21148
72006,08113
72007,08115
72008,08117
72011,08005
72012,08007
72027,08008
72028,08006
72029,08124
72033,08116
72034,08114
72039,13210
72040,11489
72044,08222
72045,08293
72046,08282
72048,08276
72049,01202
72056,02139
72059,08277
72060,08279
72061,08281
72062,08294
72063,08221
72064,08219
72075,21121
72076,21122
72077,21123
72078,21124
72079,21125
72080,21126
72081,22241
72091,22162
72092,22163
72093,22165
72094,22118
72095,22120
72096,23285
72098,22194
721,19842
72109,20141
72110,20142
72112,21102
72113,21103
72119,21256
72126,21253
72130,07269
72134,07132
72135,07246
72136,07244
72137,07242
72138,06214
72139,06212
72140,06210
72141,06304
72142,06208
72144,06195
72145,06197
72148,06158
72149,06316
72150,04120
72151,04122
72154,04102
72155,04103
72157,02181
72162,02252
72163,04101
72164,04109
72166,04121
72167,04119
72168,06160
72170,06203
72172,06207
72173,06209
72174,06298
72175,06211
72176,06213
72177,06215
72178,07243
72180,07247
72181,07130
72183,07131
72184,07272
72185,07274
72186,07270
72209,02152
72237,09120
72239,09134
72240,09156
72241,09158
72242,09160
72243,09162
72244,09164
72245,09166
72246,09168
72247,08171
72248,08173
72250,01247
72251,02126
72252,02153
72253,02207
72254,02168
72259,01219
72260,01220
72261,01229
72262,08123
72263,08174
72266,09167
72267,09165
72268,09163
72269,09161
72270,09159
72271,09157
72272,09135
72274,09121
72275,09110
72308,03260
72309,02144
72314,03256
72315,03259
72316,03261
72317,03264
72318,03265
72350,03282
72355,03184
72356,03328
72357,02205
72359,06166
72361,04139
72362,04142
72363,04160
72368,03210
72369,03212
72370,03319
72371,03285
72374,03273
72375,03272
72376,03274
72378,03213
72379,03211
72383,04159
72386,04140
72387,04131
72391,01288
72394,02206
72395,02208
72401,03281
72403,03278
72404,03324
72406,04169
72408,02272
72410,02219
72411,02142
72419,06018
72420,11331
72421,11332
72422,11278
72426,08143
72427,08142
72428,08140
72431,08133
72432,08131
72434,08150
72435,08152
72436,08154
72437,08156
72438,08157
72439,08158
72440,08159
72441,01243
72444,01252
72445,01213
72446,01177
72447,01176
72448,01251
72449,01175
72450,01174
72453,02103
72454,02101
72455,14145
72456,14144
72457,14141
72462,15356
72463,15145
72464,15149
72469,15361
72473,15154
72474,15150
72475,15146
72476,15142
72484,14152
72485,14142
72486,14143
72487,14146
72488,03227
72489,03228
72491,02224
72492,02225
72493,02240
72494,02226
72495,02227
72496,02228
72497,02241
72500,06178
72501,06177
72502,06176
72503,06175
72504,08155
72506,08151
72510,08134
72512,08137
72513,08139
72517,11346
72518,11345
72519,23350
72520,23353
72521,23354
72522,23239
72527,23310
72528,23311
72529,23312
72531,23294
72533,02209
72535,06187
72536,06189
72537,06191
72538,06223
72539,06190
72540,06188
72541,06186
72546,23321
72548,23315
72551,23331
72556,23231
72557,23352
72558,23351
72559,23348
72561,23457
72562,09289
72563,09102
72564,09103
72567,09107
72569,09171
72570,09173
72571,09175
72572,09011
72573,08148
72578,22131
72579,22119
72581,22105
72582,22107
72584,22103
72585,22104
72586,22114
72591,08149
72593,09174
72595,09170
72596,09109
72598,10218
72599,09104
72602,10325
72605,02158
72609,02235
72618,21164
72619,18138
72627,07281
72628,07354
72640,07251
72641,07427
72642,07317
72643,07318
72644,07320
72645,04133
72649,04254
72652,04293
72654,12155
72657,05240
72675,07308
72706,12234
72707,12235
72708,12236
72713,12421
72718,12231
72719,12232
72720,12233
72743,12441
72749,12433
72751,12430
72753,24452
72754,24309
72756,24310
72757,24323
72758,24325
72759,24365
72760,24364
72763,23401
72774,22156
72781,22234
72782,21149
72789,20106
72795,19138
72798,19008
72799,19007
72812,22340
72814,22252
72817,22249
72826,23349
72836,24319
72838,24324
72839,24322
72840,24457
72841,24308
72842,24453
72851,23262
72853,23298
72854,23278
72855,23272
72856,23139
72857,23140
72858,23130
72859,23162
72860,23163
72867,23153
72868,23152
72869,23131
72870,23141
72871,23142
72872,23271
72873,23279
72874,23299
72876,23247
72877,23248
72886,23193
72891,24209
72892,24208
72893,24207
72894,24456
72897,24317
72898,24316
72899,24455
72900,24379
72908,23176
72913,04155
72914,02193
72915,01217
72916,01277
72921,01226
72925,02194
72926,04156
72929,23160
72931,23206
72936,24191
72938,24444
72939,24382
72940,24454
72941,24315
72942,24318
72943,04247
72945,04259
72946,04231
72948,04128
72950,04134
72954,04229
72957,04230
72958,04228
72959,04258
72960,04226
72972,03253
72973,03251
72974,03249
72976,03313
72977,03311
72978,03309
72979,03307
72980,03305
72981,03322
72983,03321
72984,03304
72985,03306
72986,03308
72987,03310
72988,03312
72990,03250
72991,03252
72992,03255
72993,03122
72994,03294
72995,03292
72996,03290
72997,03288
72998,03296
73000,03287
73003,09225
73008,08249
73009,09261
73010,09220
73013,09226
73025,06174
73031,06152
73035,06146
73036,06144
73039,06417
73051,09181
73056,10110
73057,10162
73058,10164
73059,10166
73060,10168
73061,10181
73062,10310
73063,10183
73064,10192
73065,10190
73066,10188
73068,10277
73069,10227
73072,09198
73073,09200
73074,09146
73075,09144
73076,09142
73081,09145
73083,09147
73084,09201
73087,10226
73089,10302
73090,10208
73091,10186
73092,10189
73093,10191
73094,10182
73097,10167
73098,10165
73100,10161
73101,10109
73104,10317
73108,10204
73109,10206
73110,10210
73112,10214
73119,09140
73120,09138
73121,09136
73122,09211
73123,09213
73124,09215
73125,09218
73126,09217
73127,09216
73128,09214
73129,09212
73130,09137
73131,09139
73132,09141
73133,09248
73141,10215
73143,10211
73144,10207
73145,10205
73154,23203
73155,23204
73156,23289
73159,22271
73160,22306
73161,22304
73162,23367
73165,23365
73166,23369
73167,23370
73168,23322
73169,23313
73170,23304
73173,23208
73182,06136
73185,06322
73187,06239
73188,06241
73189,06244
73190,06246
73191,06248
73196,06249
73198,06245
73199,06243
73200,06242
73201,06240
73202,06238
73528,09275
73529,09298
73530,09273
73531,09276
73532,09303
73535,09274
73536,09295
73537,09227
7356,16168
73642,16306
73645,16117
73648,16122
73649,16124
73654,19182
73659,19181
73660,19178
73664,16123
73665,16121
73667,16116
73669,16305
73677,03154
73678,03156
73679,22212
73681,22136
73683,22168
73684,22169
73685,22170
73686,22134
73687,22135
73688,22137
73689,22214
73690,03155
73691,03153
73693,03179
73695,14151
73757,24463
73758,24462
73760,24327
73767,03152
73768,03149
73769,03148
73771,02147
73772,03150
73773,03151
73776,23117
73781,24328
73782,23402
73783,23994
73789,23357
73790,23355
73799,23137
73801,23143
73803,23120
73805,22213
73808,23267
73809,23144
73811,23274
73812,23275
73816,23309
73817,23332
73821,23356
73822,23358
73823,23359
73827,23981
73829,23403
7384,16118
73848,03257
73849,03258
73854,04164
73857,04168
73860,04165
73866,08367
73867,08368
73868,08355
7387,16119
73870,08361
73871,08364
73872,08330
73874,08267
73875,08269
73877,08307
73878,08296
73879,08270
73880,08268
73881,08365
73883,08366
73885,08360
73887,08370
73889,11359
73890,11361
73891,11365
73893,11458
73894,11360
73896,11470
73897,11446
73901,11178
73902,11171
73903,11169
73904,11166
73905,11165
73907,11110
73908,11108
73909,11364
73936,16149
73938,16146
73939,16143
73949,16141
73950,16144
73952,16148
73953,16150
73983,23166
73986,22204
73987,22205
74008,22206
74009,22174
74012,23167
74029,19144
74030,19142
74031,19140
7404,16125
74188,12204
74192,12303
74195,13183
74197,13180
7420,16158
74203,19122
74209,13184
7421,16159
74211,12309
7422,16115
74276,12424
7429,16307
7431,16308
74414,12287
74415,12288
74416,12289
74417,12290
74418,12291
74419,12292
74420,12293
74421,12294
74423,13161
74426,13155
74427,13153
74429,13149
74432,13148
74433,13150
74435,13154
74436,13156
74440,13124
74441,12279
74442,12280
74443,12281
74444,12282
74445,12283
74446,12284
74447,12285
74448,12286
74449,12361
74456,12222
74457,12221
74458,12275
74459,12276
74460,12277
74461,12278
74465,12271
74466,12272
74467,12273
74469,12420
74470,12223
7452,16151
74577,21145
7458,15342
74586,09128
74591,01158
74594,01155
74596,13169
74604,19150
74612,13168
74616,01161
74617,01160
74619,09010
74620,09008
74621,09006
74622,09129
74630,11248
74631,10279
74639,10194
74640,10187
74641,10185
74642,10184
74643,10193
74651,10278
74652,11247
74668,06145
74669,06147
74676,06225
74678,06230
74681,08110
74686,19287
74693,09291
74694,09133
74695,09131
74696,09119
74697,09117
74698,09115
74699,09113
74700,01005
74703,09112
74704,09114
74705,09116
74706,09118
74707,09130
74708,09132
74709,09263
74745,10009
74747,09002
74749,10016
7475,15351
74750,10014
74751,10012
74752,10010
74754,10006
7478,15347
7479,15346
74799,11372
74800,10242
74801,10245
74802,10247
74803,10249
74804,10251
74805,09152
74806,09150
74807,09148
74808,09267
74809,09266
74810,09149
74811,09151
74812,09153
74813,10250
74814,10248
74815,10246
74817,10241
74819,11390
7486,15334
74877,22182
74879,23345
74882,23347
74884,22181
74889,08162
7489,15335
74890,08344
74898,03323
74899,03269
749,02686
74900,03270
74913,19013
74914,19012
74915,19011
74917,18002
74918,18150
74919,18006
74920,18008
74922,18012
74923,18014
74926,18013
74927,18011
74931,18003
74932,18001
74934,20003
74935,20004
74937,20108
74939,20111
74947,19006
74968,19114
74984,16166
74987,08263
74991,19146
74992,19130
74993,19283
74994,19145
74998,08264
74999,13261
750,02688
75000,13204
75001,13209
75002,13191
75003,13230
7501,15352
75012,10140
75016,11250
75018,10143
75020,10139
75022,11291
75026,11303
75028,11298
75029,11500
75030,11297
75031,11295
75032,10282
75033,10280
75034,10284
75035,10286
75044,10298
75051,10331
75052,10287
75053,10285
75054,10281
75056,10283
75057,11296
75058,11344
75059,11499
75060,11299
75068,10312
75076,20185
75077,20183
75078,20180
75079,20178
7508,15333
75080,20177
75081,20174
75082,20172
75086,20171
75087,20173
75088,20175
75089,20176
75090,20179
75091,20181
75092,20182
75093,20184
75099,08127
751,02687
75100,06168
7511,15345
75112,25224
75114,25221
75115,25240
75124,06170
75125,06172
75126,06173
75127,04272
75128,04223
75129,23154
75130,23472
75131,22303
75132,22378
75133,22367
75134,23326
75135,23469
75136,23164
75137,04222
75139,10020
7514,15338
75140,23105
75141,23106
75142,22221
75143,22224
75144,22263
75145,22264
75146,22238
75147,22237
75148,22229
75149,22230
75150,22268
75151,22222
75152,22223
75153,23430
75154,23429
75155,06165
75158,06204
75159,06202
75160,04268
75161,04116
75162,04271
75163,04118
75164,04124
75165,04126
75169,04265
75170,23180
75171,04264
75172,04266
75177,04127
75179,04123
75180,04117
75181,04267
75183,06286
75184,08329
75185,08248
75186,11336
75188,08283
75189,08285
75192,06179
75193,06181
75194,04107
75196,04104
75198,04252
75199,04106
752,23804
75200,06185
75201,06183
75202,06180
75204,08288
75205,08286
75206,08284
75208,11286
75209,08223
75210,08224
75211,08226
75212,08228
75213,08230
75214,08232
75215,08234
75219,08299
7522,15339
75224,08300
75225,08298
75229,08237
75230,08235
75231,08233
75232,08231
75233,08229
75234,08227
75235,08225
75238,06283
75239,06281
75240,06330
75241,06349
75242,06357
7525,17180
7526,17181
75265,06315
75267,12199
75269,12201
75274,01151
75286,12188
75289,22129
75290,22110
75291,22153
75292,22152
75293,22253
75295,22246
75297,22269
75300,22247
75301,22245
75302,22262
75303,22151
75304,22154
75305,22111
75306,22130
75307,19358
75308,19201
75309,19200
75314,15180
75315,15176
75316,15179
75317,15178
75318,15181
75319,15191
75325,15313
7533,15293
75332,16202
75336,15332
75340,15221
75346,15188
75347,15189
75348,15182
75349,15177
75353,19318
75354,19195
75355,19392
75356,19359
75357,15223
7536,15324
75360,11491
75361,11225
75362,11226
75363,11227
75364,11230
75366,11240
75370,10159
75371,10157
75372,10294
75373,10295
75374,10296
75375,10156
75376,10158
75378,11217
75382,11231
75383,11229
75384,11228
75385,11224
75386,11232
7539,15296
75390,11803
75391,11801
75397,07425
75398,07426
75399,07214
754,06023
75406,08199
75407,08201
75408,08203
75409,08205
75410,08207
75411,08209
75414,08215
75415,06130
75416,06128
75420,06320
75421,02187
75424,23113
75426,23119
75428,23268
75432,23145
75433,23146
75434,23132
75435,23133
75439,04113
75440,06321
75441,06123
75443,06127
75444,06129
75446,08216
75449,08210
75451,08206
75452,08204
75453,08202
75454,08200
75455,08262
75456,08324
75461,08323
75462,08325
75464,08393
75465,01228
75466,01222
75470,06308
75471,06309
75472,06258
75473,06259
75474,06260
75475,06265
75476,06262
75477,06263
75479,06252
75480,06250
75481,06314
75482,06313
75483,06267
75484,06264
75486,06234
75487,06233
75488,06231
75490,06226
75491,08236
75492,06161
75493,06222
75494,06224
75495,06229
75496,06232
75498,06261
75499,06266
755,13025
75500,06268
75503,06155
75510,07250
75511,07248
75512,07249
75513,06220
75514,06218
7553,15292
75535,06217
75536,06219
75537,06221
75538,06419
7556,16211
7557,16214
75572,04273
75573,02257
75574,02258
75575,02259
75576,04289
75577,04275
75578,04277
75579,04279
7558,15295
75580,04281
75581,04280
75582,04278
75583,04276
75584,04290
75585,02260
75586,02261
75600,23456
75602,23515
75604,23516
75605,23517
75606,23518
75607,23519
75613,23341
75615,23232
75616,23523
75640,12391
75643,12217
75644,12347
75645,12345
75646,12343
75648,12164
75652,13202
75658,12212
75661,12390
75663,23524
7569,15298
75690,15331
757,13023
7570,15315
75713,11443
75714,11215
75715,11214
7572,15354
75724,11206
75726,11261
75727,11386
7573,16198
75730,25135
75736,24231
75740,25241
75744,25136
75747,23433
75748,23368
75752,23122
75753,23123
75758,23215
7576,16197
75760,22191
75761,22192
75777,22307
75778,22309
7578,16210
75786,22324
75787,11486
75789,12317
75810,09278
75811,19303
75813,02105
7583,15329
7584,16209
75850,18112
7586,15353
75863,17143
75866,17138
7587,16196
75871,18111
759,14016
7590,16147
75909,18174
7591,16195
75910,18175
75917,18190
75919,18229
7592,15222
75920,18194
75921,18196
75927,19231
75928,18195
75929,18193
7593,15314
75930,18228
75932,18189
75935,18180
75938,18173
75941,18166
75943,15377
75944,16190
75951,15340
75952,15371
7596,16208
7597,16112
75973,18186
75975,03138
75977,03135
75978,03133
75979,03326
75980,03130
75982,03131
75983,03332
75984,03132
75986,03137
75987,03331
75988,18187
76,25725
760,14015
76008,03330
76009,12192
76010,12197
76011,12449
76012,12448
76014,12445
76015,12447
76016,12450
76017,12190
76018,12195
76021,12351
76023,12350
76044,09221
76058,08328
76069,25111
76070,25309
76079,25310
7608,16207
76080,25112
76087,09223
76096,09172
761,12007
76100,09224
7613,16309
76130,24466
7614,15307
76164,08390
76167,08394
76169,08391
762,12008
7620,16194
76205,11149
7621,16205
76211,11113
76218,11148
7622,16206
76242,24473
76243,24472
76247,21339
76283,18109
76285,18103
76288,18215
76294,17159
76295,18216
7632,15316
7633,15306
7634,16193
76345,19210
7635,16145
764,11861
76419,21232
7642,08179
76423,21254
76424,20221
76425,20220
76426,20219
7643,09143
76431,20228
76432,20222
76433,21255
76436,20201
76440,15355
76442,15247
76444,15268
76447,19211
76448,15159
7645,10202
76450,15279
76452,15271
76453,15283
7646,08121
7649,08122
76491,03303
76494,03233
76496,03198
7651,09126
76525,15363
76527,15366
76530,15405
7654,02182
7658,22285
76587,22139
76591,22141
766,11862
76615,18225
7662,22286
76621,18220
7664,08180
76660,04211
7668,09127
76720,09232
76721,09234
76724,09239
76728,09277
76729,09739
76733,09271
76736,09233
76737,09231
76754,01239
76755,08326
7677,08181
76781,04286
76788,04238
768,09767
76805,19330
76806,19424
76807,19416
76808,19423
76809,19425
76814,17254
76815,17255
76816,17256
76817,17257
76818,17258
76821,19329
76824,17947
7683,22106
7684,08182
76843,17949
76853,23301
76859,10330
76862,10297
76864,10657
76865,10258
76869,10313
76877,10259
76888,10269
769,08003
76900,10264
76905,10321
7691,08297
76919,13626
7693,08183
77,25724
7700,23108
7703,22164
7705,08184
77078,02275
77079,02274
7708,02183
77082,23212
77088,15369
7710,08172
77113,25259
77114,25260
77116,25194
77120,25220
77122,25225
77124,25315
7713,02184
77130,24121
77138,25314
77143,25195
77145,25261
7715,09203
77160,25288
77168,24243
77170,24239
77173,24124
77183,22281
77187,22282
77198,24217
772,08005
77209,25179
7721,09205
77211,25287
7722,08246
77243,08258
77249,08338
7725,23116
77251,08350
77252,08349
77254,08800
77256,08251
77264,08252
77287,11411
77296,03320
7738,22166
774,12014
7748,09206
7749,09249
7755,09253
7758,22115
776,12022
7760,10223
7765,10222
7769,06028
7773,23107
778,12020
7781,22167
7786,22117
77897,02210
77898,02254
779,14826
7794,10225
7797,10224
7805,09207
7806,09208
781,14827
7816,23287
782,14286
7821,08304
7823,23284
78258,20121
7830,23114
784,14828
7844,04141
7857,08302
7858,09209
7862,08301
7866,09210
78733,19296
7877,10213
7885,10253
78857,21233
78859,21225
7886,10252
78860,21223
78861,21221
78862,21220
78863,21222
7888,04138
789,22027
78909,16215
7891,23288
7892,04132
7894,23292
7898,23293
7899,10126
79041,02008
7908,09243
79098,16164
791,22031
7911,09242
79113,04125
7917,08153
7918,23147
7919,22289
7923,23283
7924,06291
79256,07373
79272,07381
79273,07383
79274,07385
79275,07387
79276,07389
79277,07391
79278,07393
79279,07395
79281,07397
79282,07398
79283,07399
79284,07124
79285,07422
79286,07316
79287,07396
79288,07394
79289,07392
79290,07390
79291,07388
79292,07386
79293,07384
79294,07382
793,22033
79304,17834
7931,09155
7932,22299
7937,22290
7939,09154
7957,09241
7959,08287
796,17775
7964,09240
79646,05183
7966,09236
79673,11193
79684,04245
79685,04243
79686,04241
79689,05199
79690,05158
79692,05162
79693,05149
79721,05187
7976,09235
7979,10256
798,17001
7981,08289
7983,06289
7984,10119
7985,08290
7988,09238
7989,10216
799,15808
7990,04137
79931,16364
79932,16339
79933,16340
79934,16341
79935,16332
79936,16393
79937,04192
79938,04194
79944,04246
79948,04193
79949,04191
79950,16348
79951,16352
79952,16361
79953,16350
79954,16351
7996,10217
8000030,76157
8000101,16433
8000103,16436
8000104,16120
8000201,12229
8000213,14207
8000224,08119
8000226,19156
8000229,08245
8000231,08170
8000232,08168
8000242,24015
8000243,24013
8000261,13116
8000266,08322
8000268,16137
8000270,16135
8000271,16134
8000278,04172
8000279,04175
8000280,04177
8000290,02125
8000291,08138
8000292,02124
8000293,24348
8000297,08167
8000299,03327
8000300,04171
8000301,03145
8000303,02132
8000305,01120
8000328,19811
8000330,15301
8000332,15374
8000356,19005
8000362,19172
8000365,01115
8000369,15184
8000371,24203
8000372,23346
8000403,04233
8000406,15104
8000471,19143
8000477,08254
8000478,08382
8000479,08371
8000480,08372
8000481,08373
8000482,08255
8000526,08128
8000530,08130
8000532,08129
8000535,05203
8000541,09272
8000543,09260
8000547,09012
8000635,20217
8000636,18201
8000650,10163
8000652,17013
8000654,18221
8000657,13216
8000658,11428
8000663,24240
8000664,24221
8000668,22273
8000670,22274
8000671,25175
8000672,25176
8000682,01123
8000693,09246
8000694,10117
8000696,10740
8000699,10131
8000709,09247
8000715,11211
8000726,18101
8000732,13005
8000733,13107
8000734,11391
8000735,11281
8000738,08147
8000742,11466
8000743,11163
8000750,18203
8000751,11274
8000752,18152
8000757,09244
8000778,12440
8000781,06015
8000788,12009
8000798,22310
8000799,22311
8000800,22321
8000803,11402
8000804,21257
8000807,20119
8000808,18164
8000809,23363
8000810,07297
8000816,19277
8000821,01044
8000822,21340
8000823,01041
8000831,17101
8000833,04108
8000836,01214
8000837,11482
8000840,11313
8000841,11318
8000845,11315
8000866,23282
8000880,09122
8000884,09123
8000891,10212
8000904,08392
8000905,08395
8000917,10197
8000925,09290
8000927,16322
8000935,16413
8000938,16376
8000939,16155
8000944,16374
8000946,16169
8000958,21335
8000961,19215
8000966,19282
8000990,11493
8000991,18107
8000992,17232
8000994,17239
8000996,18104
8000997,18106
8001010,22379
8001011,21104
8001015,19290
8001017,25127
8001020,04003
8001021,21842
8001028,19280
8001032,20117
8001033,05157
8001034,25164
8001040,02273
8001043,21302
8001070,11478
8001086,13146
8001125,24001
8001126,05147
8001127,04255
8001167,11116
8001205,17208
8001219,12366
8001220,12145
8001233,13147
8001235,11156
8001240,17155
8001241,17154
8001243,13140
8001244,15350
8001264,19014
8001266,03183
8001267,03177
8001321,07195
8001322,04112
8001324,24385
8001367,16001
8001368,16003
8001369,06132
8001370,06133
8001371,06301
8001372,06302
8001374,07280
8001375,07289
8001376,07431
8001378,11137
8001380,22011
8001384,03335
8001388,22385
8001389,22393
8001390,22392
8001391,22387
8001392,22391
8001393,22390
8001394,22232
8001395,22394
8001396,22395
8001401,01289
8001405,24140
8001408,04135
8001411,25154
8001412,25158
8001413,24468
8001414,25313
8001415,21163
8001417,23185
8001418,05217
8001419,05230
8001420,05104
8001421,05112
8001423,18102
8001424,17242
8001427,20246
8001428,20245
8001429,20241
8001430,20242
8001435,15202
8001437,15207
8001438,15210
8001444,12437
8001446,12432
8001449,12434
8001451,12442
8001452,12446
8001453,12117
8001455,12187
8001458,14316
8001460,13337
8001461,13326
8001466,12004
8001467,13299
8001468,13234
8001469,13267
8001470,13268
8001471,13731
8001472,13199
8001473,13159
8001474,08247
8001475,08327
8001484,03157
8001492,25102
8001495,25324
8001496,25323
8001500,25319
8001501,25318
8001502,07346
8001503,07324
8001504,07122
8001506,05262
8001507,05690
8001508,05103
8001509,05226
8001510,04189
8001525,08342
8001526,08341
8001527,08335
8001528,08332
8001529,08333
8001531,11334
8001532,11468
8001533,11465
8001535,19147
8001536,19148
8001549,02222
8001564,08271
8001565,08272
8001566,08334
8001567,08274
8001568,06280
8001569,06282
8001570,08396
8001573,18004
8001575,19268
8001576,19267
8001578,19299
8001599,24307
8001602,24326
8001605,23256
8001606,23255
8001607,23513
8001608,22121
8001609,22122
8001610,20014
8001612,20010
8001613,20008
8001614,20007
8001622,18134
8001623,18135
8001624,18162
8001625,18163
8001626,24475
8001627,24476
8001629,12453
8001630,12457
8001631,12431
8001665,25302
8001666,25303
8001667,18007
8001668,07101
8001669,22172
8001670,07334
8001671,07333
8001675,24477
8001676,24478
8001679,24467
8001680,04218
8001682,24250
8001683,24459
8001685,23221
8001688,24465
8001689,24464
8001695,16005
8001701,22193
8001702,22195
8001703,22196
8001708,15102
8001709,15116
8001718,16295
8001721,16294
8001725,15156
8001726,15164
8001727,19171
8001741,18108
8001743,15252
8001744,18110
8001747,23266
8001750,24451
8001751,24449
8001773,23453
8001774,23488
8001791,17863
8001792,21193
8001793,21200
8001794,21228
8001826,07003
8001827,06012
8001828,06011
8001829,06019
8001831,07331
8001832,07330
8001833,07325
8001834,06194
8001836,07332
8001850,17166
8001870,02003
8001901,23531
8001902,04295
8001903,06774
8001905,02277
8001906,22381
8001907,22382
8001908,22020
8001910,16133
8001918,16391
8001919,16389
8001944,05145
8002063,25332
8002064,25333
8002065,25334
8002066,25335
8002067,25321
8002068,25320
8002069,25337
8002070,25336
8002072,16328
8002073,16329
8002074,16217
8002075,16218
8002080,18116
8002081,18117
8002082,18124
8002111,21113
8002114,19158
8002132,17168
8002143,06114
8002144,22019
8002146,19009
8002147,20005
8002148,19132
8002155,14002
8002156,19284
8002158,06318
8002159,06294
8002160,06274
8002161,01249
8002163,25147
8002164,25148
8002165,25149
8002166,25153
8002167,25155
8002170,24195
8002171,24196
8002174,23330
8002175,25156
8002176,25150
8002177,24469
8002178,24470
8002179,22017
8002180,23344
8002181,23336
8002182,23342
8002186,22018
8002187,12200
8002188,06150
8002189,06153
8002190,06198
8002191,11284
8002193,06300
8002194,06299
8002195,07215
8002196,11469
8002197,11467
8002203,07321
8002204,07355
8002205,07356
8002206,07282
8002207,07374
8002209,07417
8002210,07366
8002212,07319
8002216,24228
8002217,24227
8002218,24265
8002219,24260
8002220,24247
8002221,05150
8002222,05164
8002223,25230
8002224,24234
8002225,24246
8002227,24293
8002228,24296
8002229,24401
8002231,24400
8002232,24359
8002233,24297
8002234,24295
8002235,24294
8002239,14201
8002240,22024
8002241,22022
8002242,22021
8002243,22023
8002247,11409
8002254,15144
8002255,15360
8002256,15413
8002258,16241
8002263,16161
8002264,16304
8002285,16126
8002286,16127
8002289,19404
8002290,19406
8002301,11486
8002302,11485
8002310,19312
8002311,21303
8002312,21304
8002313,21309
8002314,21310
8002315,21311
8002316,21312
8002317,21317
8002318,21313
8002319,21316
8002320,21314
8002321,21315
8002322,21318
8002325,16216
8002327,01118
8002328,09199
8002329,08185
8002334,06196
8002335,20197
8002340,14284
8002341,08175
8002342,11455
8002346,24445
8002347,24434
8002348,24112
8002349,24113
8002350,24123
8002351,23435
8002363,25188
8002369,24174
8002370,24347
8002371,24349
8002372,03341
8002373,03340
8002374,03339
8002375,03338
8002379,12008
8002383,04114
8002387,25231
8002388,25281
8002389,25282
8002390,04215
8002391,25286
8002393,12012
8002394,11389
8002397,13111
8002398,13238
8002407,15118
8002408,15117
8002421,13198
8002423,16213
8002428,18120
8002433,16219
8002435,16212
8002436,16225
8002437,16298
8002438,16152
8002443,23209
8002448,16230
8002449,16229
8002473,08253
8002474,08380
8002475,08257
8002479,06290
8002482,08303
8002484,12014
8002485,12013
8002494,13313
8002495,13314
8002509,06200
8002510,10219
8002511,09106
8002513,06027
8002515,06010
8002519,05193
8002523,07301
8002524,06251
8002527,02218
8002528,01201
8002544,19212
8002545,24448
8002546,24471
8002550,12011
8002551,12463
8002552,12462
8002553,12459
8002554,12458
8002567,12455
8002568,12456
8002569,08260
8002586,12209
8002587,13256
8002588,05215
8002595,19151
8002597,22027
8002598,22029
8002599,22031
8002600,22033
8002601,20015
8002602,20016
8002603,20017
8002604,20018
8002605,20019
8002606,20020
8002607,20164
8002608,21251
8002612,12461
8002613,12460
8002616,17153
8002625,21209
8002626,21213
8002627,21210
8002628,21217
8002629,06167
8002630,24107
8002631,14011
8002632,14012
8002633,14013
8002634,14014
8002635,14225
8002636,14016
8002638,13021
8002640,14063
8002642,14064
8002643,13025
8002644,19216
8002646,13115
8002653,11503
8002654,21341
8002655,20115
8002656,11505
8002661,19270
8002663,19133
8002666,11203
8002667,12464
8002668,19157
8002669,09304
8002672,14220
8002673,15119
8002675,15199
8002677,17011
8002693,12106
8002695,13324
8002696,11329
8002702,09111
8002705,06025
8002711,02150
8002713,19233
8002715,19827
8002724,16849
8002725,16416
8002726,16421
8002727,16417
8002728,16418
8002729,16419
8002730,16293
8002734,16344
8002737,16346
8002740,16233
8002743,13252
8002744,02278
8002746,17307
8002747,17308
8002748,17304
8002749,17309
8002750,17305
8002751,17306
8002753,23121
8002756,25322
8002758,25327
8002759,25326
8002815,14333
8002817,10004
8002827,23392
8002828,07140
8002830,10265
8002832,13223
8002843,16420
8002844,01293
8002845,25340
8002846,25339
8002848,25329
8002849,13279
8002850,13280
8002851,13142
8002864,21258
8002865,21342
8002942,09305
8002944,11506
8002953,24011
8002958,12010
8002962,11341
8002963,11343
8002967,07298
8002968,13117
8003001,03336
8003002,18217
8003048,25312
8003049,25311
8003050,06422
8003051,25104
8003052,08273
8003053,10107
8003054,09245
8003055,21350
8003058,20006
8003062,09306
8003063,09302
8003064,03178
8003065,19850
8003066,19849
8003068,10221
8003072,15412
8003074,08108
8003075,02279
8003078,24447
8003079,24446
8003081,15415
8003082,15414
8003083,16188
8003084,16189
8003085,17234
8003087,17233
8003088,25328
8003089,25232
8003090,25317
8003091,09307
8003094,09308
8003096,16013
8003097,16012
8003098,16011
8003099,16010
8003100,16009
8003101,16008
8003102,16007
8003103,07008
8003104,07007
8003105,07010
8003106,07009
8003107,07012
8003108,07011
8003109,07014
8003111,20247
8003112,25121
8003113,18139
8003119,10145
8003120,09169
8003121,19852
8003122,14335
8003123,14334
8003137,25341
8003138,22012
8003139,12466
8003140,12467
8003141,12465
8003142,13114
8003143,22009
8003145,03343
8003146,03342
8003149,20202
8003153,06171
8003158,14336
8003159,12471
8003160,14340
8003161,14341
8003162,14339
8003163,14338
8003164,14337
8003170,17145
8003171,12016
8003172,12015
8003173,12018
8003174,12017
8003175,12020
8003176,12019
8003177,12021
8003178,12024
8003179,12023
8003180,12026
8003181,12025
8003182,12028
8003183,12027
8003185,12203
8003186,08400
8004,23126
8004160,84272
8005010,90244
8005030,76158
8007,06164
8010,09177
8011,23291
8012,04136
8015,23305
8018,23280
8025,23314
803,15806
8033,09230
8039,10261
8040,23138
8041,10260
8042,09180
8045,23273
8046,23128
8048,09228
8049,23135
8050,10263
8052,10195
8058,23303
8059,09229
8060,10229
8065,10228
8068,08132
8070,23177
8078,04232
8081,10116
8084,10115
8088,23205
8090,06278
8091,23136
8096,23216
8098,08278
8099,04129
81,24715
8100261,13116
8100301,03145
8100657,13216
8100738,08147
8100810,07297
8100831,17101
8100840,11313
8100841,11318
8100845,11315
8100935,16413
8100990,11493
8100992,17232
8101423,18102
8101446,12432
8101473,13159
8101549,02222
8101630,12457
8101918,16391
8102,06216
8102111,21113
8102191,11284
8102408,15117
8102438,16152
8102448,16230
8102494,13313
8102495,13314
8102524,06251
8102588,05215
8102625,21209
8102626,21213
8102627,21210
8102628,21217
8102654,21341
8102758,25327
8102759,25326
8103119,10145
8103123,14334
8105,04130
8107,09182
811,16902
8115,04176
8120,23277
8122,04186
8127,10231
8129,10244
813,08381
8132,23306
8134,10232
8135,09183
8136,04185
8138,04178
814,16893
8140,08136
8143,04180
8145,06285
8146,10108
8148,08135
815,16730
8151,04179
8153,06284
817,16602
8176,10003
8182,04187
8185,10134
8188,08280
8197,04236
8202,10132
8204,04237
8208,06112
8210,06275
8211,04188
8220,06159
8231,09185
8233,23300
8238,22312
8242,10198
8247,09184
8253,10199
8259,10130
8262,22313
8264,23276
8269,23214
8277,10138
8281,10137
8283,04244
8286,06273
8288,10266
8300,06272
8300548,19427
8300549,19428
8300550,22272
8300552,18131
8300553,18130
8300554,20122
8300559,17103
8300561,17252
8302,04242
8303,08186
8308,06113
8313,04181
8314,10146
8315,23207
8317,10144
8318,22314
832,03736
8320,22315
8323,04182
8331,10148
8332,11302
8337,10147
8339,22316
834,03749
8341,23210
8344,23254
8345,23211
8346,23257
8349,22317
835,04783
8350,11330
8351,10150
8353,10236
8357,10235
8361,11292
8363,10149
8364,04200
8369,11304
8372,04199
8373,11305
8376,10152
8378,06271
838,04785
8380,06270
8383,10151
8384,06205
8385,11194
8386,23340
8389,08187
8391,04197
8392,04198
8395,04240
8398,11195
84,24662
840,04787
8402,11306
8403,11307
8407,11181
8409,08188
8410,11270
8416,23333
842,04789
8420,06117
8423,13170
8426,14150
843,04790
8432,14149
844,04791
8447,21196
8454,21197
846,04793
8460,14154
8463,14155
8465,13173
8471,13172
8475,14215
8478,20169
848,04795
8484,20170
8488,03244
8490,03243
8495,03136
85,24710
850,04723
8500000,21248
8501,01134
8501000,08402
8501003,09005
8501005,09007
8501007,09009
8501011,07435
8501012,07434
8501013,07433
8501014,07432
8501015,20240
8501016,03334
8501017,04253
8501018,23398
8501019,23399
8501020,24488
8501021,24487
8501022,21354
8501023,21355
8501027,14347
8501028,14349
8501029,14351
8501030,14352
8501031,14353
8501032,14350
8501033,14348
8501034,14346
8501036,21305
8501037,21351
8501038,21352
8501039,21353
8501040,08401
8501041,08403
8501042,10333
8501043,10334
8501045,07437
8501050,18232
8501051,18233
8501058,09311
8501059,09310
8501060,07438
8501061,25342
8501062,25343
8501066,25012
8501067,25010
8501068,25008
8501069,25006
8501071,25002
8501087,25001
8501089,25005
8501090,25007
8501091,25009
8501092,25011
8501093,19430
8501136,22404
8501137,22405
8501143,11507
8501145,11509
8501147,21356
8501148,21357
8501149,21358
8501150,03344
8501151,25344
8501152,25345
8501153,25346
8501154,11475
8501155,11474
8501156,04257
8501157,04256
8501158,11192
8501159,11200
8501161,09312
8501164,20250
8501165,20251
8501166,21359
8501171,19437
8501172,19439
8501173,19451
8501174,19453
8501175,19452
8501176,19450
8501177,19438
8501178,19436
8501179,19435
8501180,19434
8501181,17289
8501182,05113
8501183,05114
8501184,05115
8501185,05133
8501186,05132
8501187,07439
8501190,18238
8501191,18237
8501192,18234
8501193,18235
8501194,18236
8501196,19455
8501197,19454
8501199,19456
8501200,19457
8501201,19458
8501253,14360
8501259,02280
8501260,23155
8501261,21361
8501262,21360
8501263,19821
8501270,06021
8501271,16451
8501272,13026
8501273,13028
8501275,13033
8501276,13034
8501277,13036
8501278,13038
8501279,13039
8501280,02281
8501281,01169
8501282,13037
8501283,13035
8501284,13032
8501285,13040
8501286,13029
8501287,13027
8501289,20248
8501290,10336
8501291,10735
8501293,06426
8501298,02282
8501299,10337
8501300,09313
8501301,09314
8501302,13327
8501303,13328
8501304,25347
8501309,10172
8501324,13030
8501325,13329
8501326,21364
8501336,02285
8501337,02284
8501340,08404
8501341,12472
8501365,22424
8501366,22667
8501367,22604
8501368,22601
8501369,22602
8501371,16453
8501373,20252
8501374,24491
8501375,24103
8501376,24104
8501377,09013
8501378,06424
8501385,21812
8501386,17259
8501387,17260
8501388,17261
8501389,18994
8501392,21367
8501394,17899
8501395,04298
8501396,23200
8501397,23290
8501428,12473
8501432,16014
8501433,16016
8501434,16015
8501435,11931
8501438,12474
8501439,08369
8501440,08359
8501457,23463
8501458,23464
8501459,23446
8501460,23471
8501461,23447
8501462,23448
8501463,23480
8501464,23482
8501471,23409
8501475,13332
8501476,25348
8501477,25349
8501478,25357
8501479,25358
8501480,25359
8501481,25360
8501482,25361
8501483,25362
8501484,25363
8501485,25364
8501487,10335
8501496,10340
8501497,05117
8501498,05119
8501499,03345
8501502,19300
8501504,11170
8501505,21369
8501506,06779
8501507,22284
8501509,22372
8501514,05271
8501515,05270
8501516,05269
8501517,05268
8501518,01001
8501519,25365
8501520,25367
8501521,25369
8501522,25370
8501523,25368
8501524,25366
8501525,15157
8501526,10105
8501527,14314
8501528,14315
8501529,18239
8501530,13334
8501531,13335
8501532,17315
8501533,17314
8501534,20253
8501535,15238
8501536,17262
8501549,22283
8501567,07442
8501568,07447
8501573,07299
8501574,07300
8501575,07133
8501576,14361
8501577,18240
8501592,22401
8501593,22402
8501594,22403
8501599,25350
8501600,25351
8501601,25352
8501602,25353
8501604,22605
8501607,07440
8501619,21370
8501621,22347
8501622,22607
8501624,23525
8501625,23281
8501626,23269
8501627,04110
8501629,19136
8501631,02149
8501633,23431
8501634,23512
8501636,04234
8501637,04227
8501644,04301
8501645,04302
8501646,21371
8501658,10341
8501660,15239
8501662,07448
8501663,07451
8501664,07453
8501665,07455
8501666,07456
8501667,07454
8501668,07452
8501669,07450
8501670,07458
8501671,07460
8501672,07459
8501673,07457
8501683,14134
8501684,14135
8501689,14213
8501691,16702
8501692,16703
8501693,16704
8501694,16705
8501696,22116
8501697,12476
8501698,12477
8501699,05233
8501718,20128
8501719,12478
8501722,02286
8501723,11459
8501724,04304
8501725,24498
8501726,14219
8501729,16706
8501730,24408
8501731,24409
8501738,07461
8501739,17932
8501740,17717
8501741,19362
8501742,19291
8501743,19289
8501745,13336
8501746,18113
8501747,18115
8501748,24435
8501760,13046
8501761,13044
8501762,13042
8501763,14067
8501764,14068
8501765,13045
8501766,02006
8501774,23422
8501775,23884
8501776,23543
8501779,13338
8501780,24233
8501781,24490
8501782,24489
8501784,08405
8501786,16707
8501787,04303
8501788,04305
8501789,25373
8501790,25371
8501791,25372
8501794,24460
8501795,24461
8501796,19219
8501797,08309
8501798,08311
8501799,08314
8501800,01292
8501801,07418
8501802,07550
8501803,07462
8501804,22476
8501805,14184
8501808,23483
8501809,23474
8501810,23595
8501811,23479
8501812,23491
8501813,23484
8501814,12481
8501815,12480
8501816,12479
8501851,06288
8501852,06356
8501853,22977
8501866,03346
8501867,21373
8501868,01291
8501869,11457
8501878,24367
8501879,24368
8501882,02288
8501884,06423
8501911,05192
8501926,16020
8501927,16019
8501928,16018
8501929,16017
8501930,11174
8501931,11172
8501945,16435
8501946,01165
8501956,17246
8501957,13339
8501960,20249
8501961,19306
8501962,21160
8501963,23529
8501964,08238
8501965,24450
8501966,07554
8501968,11482
8501984,22774
8501987,10301
8501990,04306
8501991,24653
8501992,24654
8501994,16394
8501995,16396
8501996,16397
8501997,16398
8501998,16399
8501999,11504
8502000,13143
8502004,17312
8502005,17311
8502007,22779
8502010,14363
8502011,14362
8502018,02641
8502021,15358
8502030,05249
8502031,24395
8502033,21375
8502035,14131
8502036,14133
8502037,14136
8502038,14137
8502039,14138
8502040,14139
8502041,14140
8502042,14147
8502043,14148
8502044,21376
8502047,15718
8502048,15373
8502049,18227
8502050,11433
8502051,11401
8502056,17156
8502057,17157
8502058,17158
8502059,16395
8502060,07463
8502061,07464
8502064,24510
8502065,17150
8502071,25783
8502073,22641
8502074,22640
8502075,19188
8502076,07467
8502077,08363
8502081,23150
8502082,23320
8502090,07465
8502091,07466
8502092,04166
8502093,04167
8502094,19360
8502098,23405
8502111,24410
8502112,24413
8502113,24412
8502114,24415
8502115,24414
8502116,24417
8502117,24416
8502118,24419
8502119,24418
8502120,15556
8502127,14343
8502128,14342
8502129,16156
8502130,16157
8502131,16163
8502132,12478
8502133,13047
8502134,01006
8502135,01007
8502136,01008
8502137,08406
8502139,14364
8502140,19600
8502141,03554
8502143,03570
8502144,23849
8502145,23850
8502151,12112
8502152,12113
8502155,19304
8502157,19336
8502158,19251
8502159,19483
8502160,19252
8502161,19774
8502162,19353
8502163,19338
8502164,19888
8502165,17515
8502166,17552
8502167,17682
8502168,17697
8502169,17367
8502170,17468
8502171,17846
8502172,06507
8502174,23442
8502175,21127
8502176,16609
8502177,16700
8502178,16608
8502179,16606
8502183,04105
8502185,06107
8502186,08408
8502187,08409
8502200,25202
8502205,21377
8502208,12560
8502209,21378
8502213,07125
8502214,18144
8502215,18145
8502216,12723
8502217,13340
8502218,19429
8502219,01009
8502220,01011
8502221,01013
8502222,01015
8502223,01017
8502224,01019
8502225,01021
8502226,01023
8502227,01022
8502228,01020
8502229,01018
8502230,01016
8502231,01014
8502232,01012
8502233,01010
8502234,12475
8502235,16022
8502236,16021
8502239,04698
8502256,17221
8502257,17222
8502264,05008
8502265,05010
8502266,05012
8502267,05011
8502268,05009
8502270,15143
8502271,16100
8502272,24439
8502273,24440
8502274,24199
8502275,16450
8502282,07415
8502283,12225
8502284,17400
8502286,12295
8502287,14982
8502291,01124
8502294,08218
8502295,09255
8502296,10806
8502297,10808
8502298,11596
8502299,11601
8502300,09256
8502303,24337
8502304,24441
8502305,24443
8502306,24338
8502307,24339
8502309,22026
8502310,22028
8502311,21028
8502312,21027
8502313,23573
8502314,23731
8502315,17401
8502316,16263
8502317,24442
8502318,17151
8502320,18863
8502322,17899
8502324,16400
8502325,25330
8502326,25331
8502327,20233
8502328,20235
8502331,18699
8502332,10587
8502335,24281
8502339,19515
8502352,12867
8502391,17364
8502392,17363
8502393,14593
8502394,14855
8502395,17359
8502396,17360
8502398,12498
8502406,17389
8502413,17160
8502417,16301
8502420,23489
8502425,18151
8502428,16387
8502429,16385
8502430,16386
8502431,16388
8502436,03905
8502438,02904
8502487,02908
8502512,17370
8502513,17371
8502514,12499
8502523,08239
8502524,08242
8502530,24118
8502531,24117
8502532,06776
8502539,22612
8502540,20963
8502542,07551
8502545,02289
8502551,01500
8502552,01513
8502553,01522
8502554,01533
8502555,01544
8502556,01553
8502557,01561
8502558,01567
8502559,01573
8502560,01580
8502561,01586
8502562,01593
8502563,01607
8502564,01698
8502565,01723
8502566,01732
8502567,01795
8502568,01802
8502569,01809
8502570,01816
8502571,01823
8502572,01830
8502573,01836
8502574,01842
8502577,01297
8502579,22861
8502580,15401
8502581,15408
8502582,19582
8502583,19588
8502584,19741
8502585,17712
8502587,17804
8502588,17458
8502590,17806
8502592,17809
8502593,16102
8502594,16107
8502595,16108
8502596,16613
8502597,16619
8502600,06780
8502601,06781
8502608,11590
8502609,10747
8502610,10564
8502611,25338
8502612,06115
8502613,06999
8502614,06297
8502616,22200
8502618,17161
8502619,17802
8502620,17808
8502622,25299
8502623,25298
8502624,25116
8502625,25114
8502626,25113
8502627,25115
8502628,25297
8502629,25300
8502630,17835
8502632,05272
8502633,05273
8502637,12296
8502638,24421
8502639,24422
8502641,25013
8502642,25014
8502643,25374
8502644,20254
8502650,24320
8502651,24321
8502652,01209
8502653,25378
8502654,25376
8502655,25753
8502656,25375
8502657,25377
8502658,25379
8502660,11262
8502661,11242
8502662,24122
8502663,03347
8502667,24426
8502668,24425
8502669,24424
8502670,24427
8502671,22415
8502672,22426
8502673,24500
8502674,24503
8502675,24506
8502678,17456
8502679,17178
8502680,17249
8502681,21379
8502682,12470
8502683,25722
8502688,25381
8502689,14096
8502690,14097
8502691,14098
8502692,14099
8502693,02099
8502694,05499
8502695,13499
8502696,12900
8502697,18598
8502700,22608
8502708,13499
8502709,08352
8502710,08351
8502713,24398
8502714,02291
8502717,13341
8502719,17162
8502722,25387
8502723,25385
8502724,25383
8502725,25382
8502726,25384
8502727,25386
8502735,08353
8502753,24182
8502754,24336
8502755,24238
8502756,24151
8502757,06311
8502758,15370
8502759,15372
8502761,19341
8502762,07444
8502763,07443
8502764,07446
8502830,08410
8502831,08411
8502832,08412
8502836,23960
8502837,10342
8502838,10343
8502839,08243
8502840,08244
8502842,06310
8502843,23572
8502845,16201
8502852,21002
8502853,24423
8502854,24405
8502855,24192
8502856,24198
8502857,24428
8502862,04574
8502865,16023
8502866,16024
8502871,12241
8502872,12242
8502874,14712
8502875,14745
8502884,01119
8502885,01601
8502886,01602
8502887,01603
8502889,24341
8502890,24376
8502891,05265
8502892,05167
8502893,05166
8502895,03121
8502896,19851
8502897,03143
8502898,03120
8502900,05299
8502901,17244
8502903,10414
8502904,10412
8502905,10411
8502906,10413
8502908,10341
8502909,10340
8502913,22614
8502916,22613
8502918,23849
8502919,25388
8502920,05298
8502921,19285
8502922,19301
8502923,19871
8502924,19872
8502931,24509
8502932,24399
8502934,19997
8502935,22341
8502937,01280
8502938,01604
8502939,35331
8502945,17490
8502965,02135
8502967,07142
8502968,07136
8502969,07138
8502971,06138
8502975,23440
8502976,23441
8502980,19853
8502981,19556
8502982,19854
8502983,19862
8502985,19751
8502986,19877
8502988,05256
8502989,05257
8502990,04115
8502991,11241
8502992,12451
8502993,24306
8502998,17198
8502999,18218
8503003,23872
8503004,23597
8503005,23600
8503006,22041
8503007,22039
8503008,22037
8503009,22035
8503010,22036
8503011,22038
8503012,22040
8503013,22042
8503014,04307
8503015,20983
8503017,05259
8503025,16972
8503030,07202
8503031,17267
8503033,23467
8503036,12101
8503037,20213
8503038,22905
8503054,10339
8503062,13041
8503065,05195
8503066,05196
8503067,05197
8503068,02291
8503086,19134
8503087,07551
8503089,05170
8503090,25200
8503095,02234
8503113,11990
8503120,24304
8503121,23866
8503122,10519
8503123,22408
8503169,11995
8503170,11664
8503171,11994
8503189,03252
8503190,24383
8503191,24342
8503193,17483
8503194,25275
8503195,25610
8503196,25273
8503197,25271
8503198,25269
8503199,25209
8503200,25207
8503201,24904
8503202,24907
8503203,25206
8503204,25208
8503205,25268
8503206,25270
8503207,25272
8503209,25274
8503226,23444
8503229,16975
8503231,23478
8503232,16101
8503243,14628
8503245,22045
8503246,22043
8503247,22044
8503248,22046
8503251,23857
8503254,12326
8503255,12325
8503274,25276
8503275,25278
8503276,25279
8503277,25277
8503294,25294
8503295,25301
8503296,25293
8503308,06120
8503309,25304
8503310,25306
8503311,25307
8503312,25305
8503313,10220
8503314,16289
8503315,14946
8503316,14952
8503317,14959
8503318,14555
8503319,14556
8503320,14276
8503321,14508
8503322,14534
8503323,14562
8503325,14595
8503327,14572
8503328,23451
8503329,24920
8503330,24919
8503331,24918
8503332,24922
8503333,24921
8503334,24923
8503335,06108
8503336,06139
8503337,12470
8503340,13583
8503346,06425
8503352,12136
8503353,17163
8503356,23460
8503386,24501
8503388,21842
8503390,22308
8503391,22556
8503392,25566
8503394,22209
8503395,23452
8510,03237
852,04781
8523,03248
853,04721
8530,20194
8534,03241
8538,03134
8541,03240
8545,03236
855,19017
8552,03235
8587,01156
8589,02102
8596,01163
8598,21101
8599,03119
8600000,21248
8601150,03344
8601166,21359
8601271,16451
8601290,10336
8601326,21364
8601362,01295
8601365,22424
8601366,22667
8601367,22604
8601392,21367
8601505,21369
8601530,13334
8601619,21370
8601852,06356
8602065,17150
8602273,24440
8602284,17400
8602332,10587
8602340,17130
8602389,17361
8602390,17362
8602662,24122
8602663,03347
8602667,24426
8602668,24425
8602669,24424
8602670,24427
8602714,02291
8602852,21002
8602855,24192
8602945,17490
8602967,07142
8602968,07136
8602969,07138
8603346,19853
8606,03231
8611145,06143
8625,02106
8626,03125
8630,03124
8635,01157
8639,01162
8642,03126
8645,03129
8654,03128
8655,03229
8656,03230
8672139,06212
8673036,06144
8675470,06308
8675471,06309
8694,03209
8697,03208
87,23781
8720,02134
8722,02133
8729,01125
8733,01159
8735,02120
8745,03199
8752,03185
8756,03200
8767,03201
8773,03202
8780,03203
8785,02215
8794,03168
8796,02157
8798,21161
8801,03167
8818,01203
8824,22225
8828,03170
8830,03169
8833,03172
8836,03187
8838,03186
8839,02156
8842,03171
8845,22258
8851,22257
8856,02002
8863,22251
8864,02159
8872,22235
8874,03189
8878,03267
8881,02160
8882,22259
8884,03188
8890,02161
8901,03174
8902,03190
8903,03173
8907,03191
8908,22236
8909,22250
8912,08107
8913,22231
8914,03283
8916,03284
8923,22255
8935,02162
8937,03175
8942,22233
8946,22260
8951,03275
8952,01198
8953,03192
8955,03193
8964,03280
8965,03279
8966,02165
8967,08347
8970,08111
8971,08112
8972,03194
8978,03195
8982,22244
8984,02166
8985,22254
8986,03277
8987,22228
8988,22261
8989,03196
8992,22248
8993,03276
8994,03197
8999,03159
9000003,06002
9000005,06003
9000012,24214
9000026,24215
9000058,22173
9000065,04002
9000066,05137
9000067,05138
9000068,05118
9000069,05139
9000070,05005
9000071,05003
9000072,05004
9000073,05002
9000074,05001
9000097,05146
9000098,05145
9000099,05148
9000100,05175
9000106,05180
9000107,05194
9000108,05188
9000109,05193
9000110,05191
9000111,05185
9000112,05190
9000113,05183
9000120,23165
9000122,23159
9000123,23158
9000124,23156
9000125,23157
9000127,23148
9000128,23104
9000129,23103
9000130,23101
9000131,23102
9000132,23107
9000134,23111
9000135,23112
9000140,23346
9000141,23348
9000142,23347
9000143,23110
9000145,23122
9000146,23286
9000147,23285
9000155,23345
9000157,23224
9000158,23225
9000159,23231
9000160,23352
9000161,23353
9000163,23239
9000164,23233
9000172,23189
9000173,23192
9000174,23198
9000184,23351
9000185,05211
9000186,05203
9000187,05205
9000188,05261
9000189,05212
9000195,23457
9000198,23197
9000199,23466
9000200,05189
9000201,05209
9000203,13252
9000204,13238
9000209,14207
9000211,13145
9000218,13114
9000224,02154
9000228,02151
9000235,02127
9000236,02141
9000240,02146
9000241,02145
9000246,02118
9000248,02233
9000249,02116
9000254,03215
9000255,03216
9000256,03217
9000257,03218
9000258,03219
9000259,03220
9000260,03221
9000261,03222
9000262,03223
9000263,03224
9000264,03225
9000266,03295
9000267,03293
9000269,03291
9000272,03301
9000273,03302
9000274,03146
9000275,03147
9000277,03143
9000278,03144
9000281,03141
9000288,14331
9000301,03129
9000304,03140
9000306,03151
9000307,03152
9000310,03241
9000312,03235
9000314,03236
9000316,03231
9000328,03238
9000339,20147
9000345,20187
9000347,20188
9000355,21190
9000367,03289
9000370,22207
9000377,03237
9000379,02155
9000380,01118
9000383,14330
9000384,01129
9000396,01198
9000406,01117
9000413,01205
9000414,01116
9000415,01115
9000416,01110
9000417,01111
9000418,01112
9000419,01102
9000420,01103
9000421,01101
9000422,01109
9000423,01104
9000424,01105
9000425,01108
9000426,01106
9000427,01107
9000428,01139
9000429,01138
9000430,01137
9000431,01140
9000432,01136
9000433,01135
9000434,01142
9000439,12156
9000442,12176
9000447,08229
9000448,08228
9000449,08231
9000451,08233
9000453,08235
9000454,08234
9000455,08237
9000459,08164
9000460,08163
9000466,13151
9000467,13159
9000468,13160
9000470,13162
9000475,13167
9000478,13170
9000479,13171
9000480,13172
9000485,13109
9000489,13181
9000507,13224
9000509,13222
9000518,13220
9000530,02174
9000536,02164
9000537,02163
9000548,02137
9000556,02140
9000558,01204
9000562,01141
9000577,07166
9000614,08120
9000615,08121
9000616,08122
9000619,08168
9000620,08167
9000621,08166
9000637,06136
9000655,06008
9000666,06113
9000667,06005
9000669,06101
9000670,06162
9000671,06103
9000673,06118
9000684,06186
9000689,06121
9000697,06144
9000701,06187
9000726,09179
9000727,09176
9000742,06142
9000747,02179
9000748,02177
9000770,16855
9000792,24340
9000794,24305
9000834,24110
9000835,24232
9000838,24216
9000839,24135
9000846,24158
9000847,24142
9000848,24143
9000849,24157
9000850,24144
9000851,24154
9000853,23196
9000854,23201
9000856,23217
9000858,23259
9000868,22164
9000869,22166
9000896,24436
9000897,24437
9000960,07309
9000964,24109
9000965,25164
9000983,05006
9000987,05154
9000988,05153
9001003,25162
9001004,25161
9001027,07157
9001028,25139
9001029,25140
9001046,25105
9001047,25106
9001049,25104
9001050,01114
9001051,01127
9001052,01130
9001053,01131
9001054,01200
9001055,01199
9001056,01172
9001060,01113
9001061,01128
9001070,12134
9001071,12133
9001072,12308
9001073,12307
9001074,12166
9001075,13178
9001076,13176
9001077,13174
9001089,12125
9001090,12126
9001091,12127
9001092,12128
9001093,12304
9001094,12305
9001095,12165
9001096,13179
9001097,13177
9001098,13175
9001101,13116
9001104,05157
9001106,05163
9001112,02123
9001124,02131
9001131,04001
9001139,24152
9001141,24458
9001145,10119
9001146,10120
9001147,10217
9001151,10212
9001152,10213
9001153,10211
9001155,10207
9001156,10206
9001157,10202
9001158,10203
9001159,10201
9001160,10200
9001161,09103
9001162,09105
9001163,09112
9001165,10218
9001166,09106
9001167,10219
9001168,09107
9001169,10221
9001336,01218
9001337,01225
9001338,01215
9001343,02128
9001346,20152
9001347,20153
9001351,13152
9001352,13154
9001355,01144
9001356,01164
9001363,09114
9001364,09116
9001365,09117
9001372,09263
9001376,09138
9001379,09142
9001380,09143
9001381,09145
9001382,09144
9001386,10127
9001406,09219
9001407,09220
9001408,09171
9001409,09170
9001411,09173
9001412,09175
9001432,09166
9001464,09147
9001471,08283
9001472,08285
9001473,08286
9001474,08288
9001475,08287
9001476,08290
9001485,08353
9001497,06128
9001507,06284
9001508,02109
9001509,02108
9001510,02107
9001512,13153
9001514,13155
9001515,13157
9001518,01133
9001522,20124
9001525,20125
9001526,20123
9001528,06001
9001529,25101
9001530,25102
9001544,23210
9001545,23212
9001548,23181
9001556,20134
9001557,20131
9001558,20130
9001559,20127
9001566,19253
9001567,19226
9001568,19227
9001569,19225
9001570,19110
9001572,19279
9001573,19849
9001574,19850
9001577,09174
9001578,09172
9001585,24486
9001587,22183
9001588,22190
9001593,22224
9001594,22222
9001607,06213
9001609,06214
9001610,06212
9001622,07199
9001625,05129
9001629,05126
9001632,05124
9001640,06178
9001649,09154
9001657,07231
9001660,07195
9001663,24485
9001668,08157
9001670,07200
9001671,07198
9001675,07230
9001678,09229
9001681,09231
9001683,09234
9001686,09239
9001689,09271
9001690,09241
9001691,09240
9001694,09245
9001695,09244
9001708,10122
9001710,10261
9001712,10264
9001715,09148
9001716,09206
9001719,24484
9001720,24483
9001724,10250
9001725,10251
9001727,10249
9001745,10162
9001747,10157
9001753,11196
9001754,11198
9001766,11244
9001768,11256
9001790,10225
9001791,10224
9001798,09196
9001799,09197
9001802,09236
9001857,23129
9001858,23134
9001859,23128
9001860,23135
9001861,23177
9001862,23205
9001863,23206
9001864,23176
9001866,23204
9001868,23203
9001869,23209
9001870,23202
9001874,24482
9001877,02148
9001881,08268
9001882,08267
9001883,08265
9001884,08266
9001891,13120
9001892,14199
9001893,14198
9001894,14156
9001895,14157
9001896,14159
9001897,14158
9001898,14160
9001899,14161
9001900,14162
9001901,14163
9001902,14106
9001903,14115
9001904,14116
9001905,14166
9001906,14165
9001909,10161
9001916,23211
9001917,23213
9001922,20133
9001923,20132
9001924,20129
9001925,20126
9001938,14132
9001941,14242
9001942,14241
9001943,14240
9001947,14236
9001948,14127
9001949,14128
9001950,14126
9001951,14125
9001952,14123
9001953,14124
9001954,14122
9001956,14120
9001957,14119
9001958,14244
9001959,14245
9001960,14247
9001961,14246
9001962,14248
9001963,14249
9001964,14251
9001965,14250
9001967,14196
9001968,14185
9001969,14188
9001970,14189
9001972,02102
9001973,03228
9001979,14143
9001982,14180
9001983,14179
9001984,14178
9001985,14177
9001986,14176
9001987,14175
9001988,14173
9001990,14170
9001991,14169
9001992,14168
9001995,14152
9001996,03142
9001999,19150
9002001,19255
9002002,20107
9002020,13134
9002021,01168
9002030,08278
9002037,08221
9002046,11338
9002047,11340
9002048,11339
9002049,11452
9002050,11453
9002051,11455
9002052,11454
9002069,02170
9002114,06163
9002119,02195
9002120,02196
9002122,02197
9002123,02204
9002124,02203
9002125,02202
9002126,02201
9002127,02236
9002128,02237
9002129,03161
9002130,03160
9002131,03164
9002132,03162
9002133,03166
9002135,22114
9002137,22104
9002139,22170
9002142,22161
9002143,22158
9002146,22146
9002147,22148
9002148,22149
9002156,22105
9002158,22101
9002160,09104
9002162,24481
9002166,03111
9002169,11277
9002171,11245
9002172,11257
9002173,11246
9002176,09307
9002181,08201
9002184,09187
9002186,09188
9002189,06179
9002190,06181
9002193,11374
9002194,25328
9002209,11366
9002210,11367
9002217,11447
9002218,11416
9002229,11208
9002230,11210
9002234,11251
9002235,10236
9002236,11252
9002240,10231
9002246,14234
9002249,14232
9002250,14231
9002251,14230
9002253,14256
9002256,14268
9002257,14267
9002258,14269
9002259,14270
9002260,14258
9002261,14257
9002264,14263
9002265,14264
9002267,10246
9002268,10244
9002271,10234
9002274,10242
9002275,10245
9002276,10247
9002280,11456
9002281,11369
9002282,11368
9002295,10145
9002307,10196
9002308,10195
9002309,10194
9002310,10193
9002311,10192
9002312,10191
9002313,10190
9002314,10189
9002315,10187
9002316,10186
9002317,10185
9002318,10184
9002319,09286
9002356,07313
9002357,07312
9002360,07224
9002361,07225
9002362,07222
9002372,07311
9002373,07310
9002374,04147
9002375,04148
9002376,04150
9002377,04149
9002378,04152
9002379,04151
9002380,04154
9002381,04153
9002382,04158
9002383,04157
9002385,04162
9002386,04161
9002410,07155
9002415,07149
9002421,07201
9002422,07203
9002423,07204
9002424,07205
9002425,07206
9002426,07207
9002427,07208
9002428,07209
9002429,07211
9002430,07210
9002431,05131
9002432,05134
9002434,05119
9002499,06270
9002518,07408
9002520,07262
9002522,07264
9002524,07266
9002526,07268
9002541,23193
9002545,23195
9002551,22113
9002552,22112
9002553,22127
9002554,22128
9002556,22125
9002558,23319
9002559,22270
9002561,22272
9002578,24249
9002579,24369
9002595,24169
9002596,24168
9002597,24166
9002598,24167
9002620,22122
9002621,22106
9002627,22144
9002632,22253
9002633,23404
9002635,23407
9002636,23406
9002637,23385
9002638,23380
9002639,23381
9002640,23384
9002641,23382
9002642,23383
9002645,23356
9002646,23355
9002647,23358
9002648,23357
9002649,23395
9002650,23360
9002651,23238
9002652,23237
9002653,23226
9002654,23230
9002655,23229
9002656,23227
9002657,23228
9002658,23219
9002659,23329
9002660,23327
9002661,23316
9002662,23324
9002664,23323
9002665,23318
9002666,23295
9002671,22285
9002676,22295
9002677,22291
9002678,22289
9002681,22298
9002682,22293
9002683,22294
9002684,23124
9002693,22194
9002694,22118
9002708,23419
9002709,23418
9002710,23420
9002711,23417
9002712,23421
9002713,23416
9002715,23412
9002716,22336
9002717,22337
9002718,22335
9002719,22333
9002720,22334
9002721,22332
9002722,22331
9002724,22330
9002732,23113
9002750,23297
9002751,23296
9002756,23341
9002757,23335
9002758,23459
9002759,23339
9002791,23172
9002792,23187
9002793,23173
9002794,23186
9002795,23147
9002800,23214
9002801,23276
9002804,23308
9002806,23252
9002811,23334
9002819,24183
9002820,24170
9002821,24153
9002822,24171
9002823,23263
9002824,23223
9002825,23265
9002831,23315
9002833,23314
9002836,23321
9002840,24386
9002841,24387
9002843,23389
9002845,23392
9002847,23362
9002848,23361
9002851,23275
9002852,23109
9002855,23370
9002859,23369
9002860,22308
9002861,22309
9002866,22312
9002867,22313
9002868,22315
9002869,22314
9002870,22316
9002871,22317
9002881,01238
9002882,01231
9002885,02190
9002886,02189
9002887,02191
9002888,02192
9002889,14216
9002896,14224
9002901,11204
9002902,11205
9002903,11206
9002906,11212
9002907,11250
9002922,12218
9002923,12211
9002924,12219
9002925,12210
9002927,12159
9002928,12160
9002929,12161
9002930,12158
9002933,12314
9002940,12319
9002941,12310
9002973,12146
9002974,12147
9002975,12144
9002977,12143
9002981,12132
9002982,12129
9002990,12184
9002991,12204
9002992,12183
9002994,12182
9002995,12206
9002996,12181
9002997,12207
9002998,12180
9003002,12167
9003003,12178
9003004,12168
9003005,12177
9003014,14203
9003018,02167
9003034,12120
9003044,02171
9003045,02212
9003046,02211
9003047,02214
9003048,02213
9003051,04146
9003052,04145
9003065,12201
9003066,12186
9003067,12202
9003068,12185
9003069,12249
9003070,12254
9003071,12250
9003072,12253
9003076,01150
9003077,01152
9003078,01153
9003079,01132
9003080,01146
9003146,12111
9003149,03158
9003163,14195
9003164,14194
9003165,14197
9003175,14111
9003176,14112
9003177,14117
9003178,14193
9003179,14181
9003182,14171
9003183,14174
9003184,03297
9003185,03298
9003186,03299
9003187,03300
9003191,14103
9003192,14104
9003193,14102
9003194,14101
9003195,14261
9003196,14262
9003199,14266
9003200,14265
9003201,14218
9003269,03185
9003270,03184
9003284,11331
9003285,11332
9003286,11346
9003289,11278
9003291,11281
9003299,08145
9003304,06283
9003306,06281
9003315,22269
9003317,22248
9003320,18165
9003322,18162
9003323,18163
9003325,18160
9003336,18149
9003339,18147
9003341,18146
9003356,17111
9003357,17112
9003358,17109
9003359,17110
9003360,17108
9003363,17106
9003365,17104
9003369,17139
9003371,17142
9003387,17220
9003388,17219
9003389,17215
9003390,17218
9003391,17235
9003392,18167
9003394,18168
9003395,18169
9003438,20166
9003440,20163
9003441,20162
9003442,20160
9003443,20161
9003447,21128
9003455,21145
9003456,21155
9003457,21146
9003465,20145
9003466,20144
9003468,19154
9003469,19155
9003473,19140
9003485,19293
9003486,19292
9003490,19117
9003491,19119
9003492,19118
9003493,19162
9003494,19163
9003495,19166
9003496,19165
9003500,19207
9003501,19224
9003517,15274
9003518,15287
9003519,15273
9003520,15286
9003521,15272
9003522,15285
9003523,15265
9003527,15173
9003529,19204
9003530,19205
9003531,19203
9003532,19202
9003534,19106
9003539,22251
9003555,21131
9003556,21132
9003557,21137
9003558,21133
9003559,21136
9003560,20167
9003562,19193
9003563,19192
9003564,19317
9003565,19316
9003574,22260
9003576,22257
9003586,19153
9003587,19156
9003596,19107
9003597,19167
9003598,19168
9003599,19169
9003600,19182
9003601,19181
9003602,19177
9003606,19214
9003608,19218
9003609,19217
9003611,16246
9003612,16245
9003613,16247
9003614,16248
9003615,16250
9003616,16249
9003617,16251
9003618,16252
9003619,16253
9003620,16254
9003640,16269
9003641,16271
9003642,16272
9003643,16276
9003644,16275
9003645,16278
9003646,16277
9003648,16279
9003649,16280
9003650,16283
9003651,16284
9003652,16285
9003653,16286
9003654,16287
9003655,16288
9003691,16002
9003693,19220
9003695,19173
9003696,19174
9003697,19175
9003698,19125
9003699,19126
9003702,19120
9003703,19104
9003718,21139
9003721,21141
9003722,21129
9003745,19159
9003746,19157
9003811,19133
9003814,19141
9003815,19143
9003816,19147
9003817,19151
9003822,18186
9003823,18187
9003824,18184
9003825,18185
9003852,19228
9003853,19240
9003855,19232
9003856,19238
9003859,19233
9003860,19241
9003866,18141
9003880,19229
9003925,17210
9003926,17209
9003984,16206
9003985,16208
9003986,16207
9003987,16210
9003988,16209
9003989,16211
9003991,16214
9003992,16213
9003993,16215
9003994,16216
9003996,16217
9004007,16149
9004008,16150
9004029,15317
9004030,15228
9004031,17236
9004038,17239
9004047,18112
9004048,18116
9004049,18117
9004055,18125
9004122,19270
9004124,17115
9004129,20157
9004130,20156
9004132,20159
9004133,17232
9004140,20158
9004148,16223
9004149,16221
9004150,16222
9004151,16219
9004153,16185
9004154,16184
9004155,16183
9004156,16182
9004157,16181
9004158,16180
9004167,16153
9004238,15128
9004239,16173
9004240,16174
9004241,15127
9004242,15126
9004243,16175
9004244,16176
9004245,15113
9004246,16177
9004247,15112
9004248,15111
9004253,16186
9004254,15310
9004255,15288
9004256,15303
9004257,15251
9004258,15302
9004260,15233
9004261,15225
9004266,15205
9004272,15211
9004273,15212
9004274,15213
9004275,15214
9004276,15215
9004278,15217
9004279,15218
9004280,15328
9004281,15327
9004283,15325
9004285,15323
9004286,15319
9004287,15318
9004288,15320
9004289,15362
9004290,15229
9004291,15309
9004295,20108
9004298,15198
9004299,15201
9004301,22147
9004304,05113
9004309,12264
9004310,12267
9004315,07135
9004324,05116
9004325,22165
9004333,03277
9004347,11418
9004372,17185
9004373,17184
9004375,17187
9004377,17183
9004378,17182
9004381,17179
9004382,17174
9004383,17173
9004384,17171
9004385,17170
9004386,17169
9004388,11373
9004526,01223
9004541,21225
9004542,21226
9004543,21227
9004559,24334
9004560,24333
9004561,23410
9004562,23402
9004564,23253
9004565,23174
9004567,23175
9004568,23183
9004587,24173
9004613,14167
9004614,14164
9004615,14186
9004616,14187
9004617,14190
9004618,14191
9004619,14192
9004620,14182
9004622,23400
9004623,23994
9004628,23359
9004637,16270
9004652,05120
9004658,04207
9004837,01267
9004840,16132
9004841,16131
9004842,16130
9004858,16137
9004859,16138
9004860,16135
9004864,15148
9004868,16258
9004878,16262
9004879,16261
9004880,16259
9004881,16260
9004882,16257
9004884,16255
9004903,18134
9004908,15206
9004909,15234
9004910,15185
9004911,15196
9004912,15235
9004913,15195
9004914,15236
9004916,15256
9004917,15193
9004918,15257
9004920,15260
9004921,15259
9004922,15258
9004923,15270
9004926,15109
9004928,15108
9004929,15361
9004930,15151
9004931,15107
9004933,15153
9004934,15106
9004935,15154
9004936,19211
9004938,14228
9005087,23462
9005089,23336
9005090,23344
9005091,23343
9005092,23342
9005093,23456
9005094,23232
9005101,19320
9005102,19281
9005144,02113
9005175,16170
9005178,16167
9005188,16267
9005189,16265
9005211,15308
9005219,03132
9005230,24204
9005265,07129
9005267,07271
9005269,07273
9005288,22297
9005289,22296
9005328,23364
9005332,22110
9005336,22102
9005337,22171
9005338,22133
9005340,22218
9005341,23423
9005342,23428
9005343,23427
9005347,23240
9005348,23236
9005350,23245
9005351,23199
9005368,23411
9005370,23408
9005373,23521
9005374,23520
9005525,25263
9005526,25262
9005527,25264
9005528,25265
9005529,25266
9005530,25267
9005545,24396
9005547,25195
9005548,25194
9005549,25196
9005550,25197
9005551,25198
9005552,25199
9005578,04165
9005579,04164
9005582,03252
9005595,25232
9005646,04169
9005652,04177
9005671,25170
9005681,24210
9005683,23260
9005692,23488
9005696,24389
9005697,24390
9005706,09205
9005712,11237
9005723,08305
9005726,08308
9005731,06330
9005733,12137
9005735,12340
9005739,12142
9005740,12150
9005741,12141
9005762,15141
9005763,15105
9005764,15104
9005765,15103
9005776,15261
9005777,15170
9005779,15164
9005781,17145
9005783,19321
9005785,19322
9005789,19315
9005808,17207
9005810,17176
9005890,25166
9005891,25165
9005892,25167
9005893,25168
9005894,25169
9005895,25171
9005897,25174
9005898,25173
9005947,10188
9005948,10208
9005949,10209
9005950,10302
9005955,08147
9005996,08204
9005997,08203
9005998,08206
9005999,08205
9006010,23132
9006011,23133
9006012,04113
9006015,08141
9006017,08332
9006022,09195
9006023,10138
9006024,10137
9006025,10142
9006026,10141
9006028,10143
9006031,19303
9006040,05199
9006041,05149
9006042,05158
9006049,22134
9006068,12271
9006069,12390
9006070,12391
9006071,12149
9006072,12151
9006073,12140
9006075,12139
9006076,12138
9006090,12294
9006119,17208
9006120,15161
9006121,15165
9006123,15263
9006125,15171
9006126,15262
9006127,19288
9006128,19286
9006143,01279
9006144,01148
9006145,01154
9006146,01149
9006147,01246
9006151,12324
9006152,12321
9006153,12323
9006167,19210
9006192,17128
9006196,17122
9006208,18126
9006212,18131
9006213,18130
9006301,11209
9006309,11233
9006310,11235
9006311,11234
9006312,11236
9006321,11334
9006322,11333
9006328,22006
9006329,22008
9006330,22003
9006331,22004
9006332,22015
9006333,22016
9006334,22014
9006335,22013
9006339,22010
9006340,22007
9006346,22001
9006347,22002
9006398,14107
9006399,09149
9006400,09177
9006403,11326
9006422,02103
9006424,19164
9006427,03229
9006428,03230
9006435,23222
9006448,25205
9006449,25204
9006454,01221
9006456,08143
9006461,02001
9006463,12001
9006464,12002
9006465,12003
9006467,12006
9006468,12005
9006469,12007
9006471,13001
9006472,13002
9006473,13004
9006474,13003
9006475,13006
9006477,13009
9006478,13008
9006479,13011
9006480,13010
9006481,13012
9006482,13013
9006483,13014
9006484,13015
9006487,13017
9006488,13016
9006489,25341
9006585,17310
9006599,12022
9006777,07436
9006793,23500
9006794,23501
9006795,09311
9006796,09310
9006798,25343
9006799,25342
9006800,23241
9006839,17600
9006845,05162
9006978,20251
9007002,15416
9007003,19455
9007004,19456
9007007,19457
9007008,19454
9007009,19434
9007031,14359
9007032,14358
9007033,14357
9007034,14356
9007046,11176
9007047,11177
9007049,11445
9007052,01863
9007053,01532
9007055,01864
9007056,01530
9007062,05136
9007063,01865
9007064,01529
9007065,01866
9007066,01528
9007067,01868
9007070,01526
9007071,01869
9007072,01524
9007074,01870
9007075,01523
9007076,05258
9007079,01521
9007080,01872
9007081,01873
9007082,01519
9007083,01520
9007084,01874
9007086,01518
9007087,01517
9007088,01516
9007089,01876
9007090,01877
9007092,01878
9007093,01512
9007094,01511
9007095,01879
9007096,01510
9007098,01509
9007099,01508
9007103,01507
9007104,01883
9007105,01506
9007107,01503
9007108,01502
9007109,01887
9007111,05164
9007112,01886
9007113,01505
9007114,01525
9007115,01531
9007116,01500
9007118,16501
9007119,05165
9007120,16509
9007121,16523
9007122,01564
9007123,01562
9007125,01558
9007126,01556
9007127,01555
9007130,05187
9007132,05210
9007133,05201
9007134,05202
9007143,01551
9007144,06255
9007145,06254
9007147,01550
9007148,16527
9007149,16525
9007150,16524
9007152,07315
9007156,01548
9007157,01547
9007160,16520
9007161,01546
9007168,16519
9007170,16518
9007172,01545
9007174,16516
9007185,16515
9007186,01543
9007187,16513
9007188,01542
9007189,01541
9007190,16511
9007191,07252
9007192,07251
9007193,16510
9007195,01539
9007196,16508
9007197,01538
9007198,01537
9007199,01536
9007200,16507
9007201,16506
9007202,16505
9007206,01535
9007207,01534
9007208,16503
9007211,16502
9007213,16500
9007214,16498
9007217,01594
9007219,01592
9007220,01591
9007223,01590
9007224,01589
9007238,01584
9007239,16558
9007240,01583
9007241,16557
9007242,16556
9007243,01581
9007244,16555
9007247,16554
9007248,16553
9007252,16552
9007253,01578
9007254,16551
9007255,16550
9007256,16548
9007258,11122
9007259,16547
9007262,11120
9007263,01576
9007266,16544
9007267,01574
9007268,11119
9007270,16543
9007272,11449
9007286,16542
9007287,16541
9007288,01572
9007290,01571
9007292,01570
9007293,16538
9007294,01569
9007297,16537
9007298,16536
9007299,01568
9007301,16535
9007305,01566
9007311,01565
9007313,16530
9007314,16529
9007339,11223
9007340,11222
9007390,01793
9007391,01792
9007392,01790
9007393,01776
9007405,01729
9007407,01728
9007408,16586
9007411,01727
9007414,01725
9007417,01724
9007418,16583
9007420,16581
9007421,01722
9007422,01721
9007423,16580
9007424,01714
9007425,16579
9007427,16578
9007428,16577
9007429,01699
9007430,16576
9007433,16574
9007434,16573
9007435,16572
9007436,01684
9007437,16571
9007438,01683
9007442,16570
9007443,16569
9007444,01682
9007445,01667
9007447,16567
9007448,16566
9007449,16565
9007450,16564
9007451,16563
9007452,16562
9007453,01597
9007455,01596
9007456,01825
9007457,01824
9007460,16859
9007461,01819
9007465,16836
9007466,01817
9007468,01815
9007469,01814
9007471,16820
9007472,16818
9007473,01812
9007474,16814
9007476,01810
9007477,08169
9007478,08170
9007479,16812
9007483,08246
9007484,16778
9007485,16734
9007486,16732
9007487,01807
9007490,16729
9007491,08284
9007494,16727
9007495,01804
9007496,16722
9007497,01803
9007499,01801
9007503,01800
9007504,01799
9007506,01797
9007507,16718
9007508,01798
9007511,16637
9007512,01796
9007515,16599
9007516,16598
9007517,09190
9007519,08249
9007520,16597
9007521,16594
9007522,16593
9007525,16589
9007526,16588
9007527,17700
9007530,16900
9007531,16899
9007532,16898
9007534,16897
9007535,16896
9007537,16894
9007538,01851
9007539,01850
9007540,16892
9007541,01849
9007544,01847
9007545,16890
9007546,01846
9007547,16888
9007550,16887
9007551,16882
9007552,01845
9007554,16879
9007555,01843
9007557,16878
9007558,09102
9007559,16876
9007560,01840
9007563,01839
9007565,16875
9007567,01837
9007568,16873
9007572,01835
9007574,16870
9007575,16869
9007576,16868
9007577,16867
9007578,01833
9007579,01832
9007580,01831
9007582,01829
9007583,16864
9007585,01827
9007586,16863
9007587,16862
9007588,01826
9007589,16861
9007592,03517
9007593,03516
9007594,03515
9007596,03513
9007597,03510
9007598,03509
9007599,03506
9007600,03502
9007602,03500
9007603,02518
9007605,16950
9007606,02516
9007611,02513
9007613,16941
9007614,02510
9007615,16937
9007616,16935
9007617,02507
9007618,10283
9007619,10282
9007620,16933
9007623,02506
9007624,16932
9007625,16931
9007626,10331
9007627,16928
9007628,16927
9007629,16925
9007631,16923
9007632,16922
9007634,02502
9007637,02501
9007639,16917
9007641,16915
9007642,01862
9007643,16914
9007644,01861
9007645,16912
9007646,16910
9007647,11306
9007648,01858
9007649,16907
9007650,01856
9007651,01855
9007652,16903
9007654,03565
9007655,03564
9007658,03561
9007662,03552
9007665,03551
9007667,03546
9007668,03545
9007669,15509
9007670,03544
9007671,15508
9007672,15507
9007675,15505
9007676,15504
9007677,03542
9007678,03541
9007680,15500
9007681,03540
9007682,16994
9007684,16986
9007685,16976
9007689,16971
9007690,03534
9007692,16970
9007693,03532
9007695,16967
9007696,16965
9007697,16964
9007698,16963
9007699,03525
9007700,16961
9007701,03523
9007702,16960
9007703,03522
9007704,16958
9007705,16957
9007706,03521
9007707,16956
9007708,16955
9007709,16954
9007710,03519
9007712,16952
9007713,01239
9007718,01240
9007721,03598
9007723,15545
9007725,03597
9007729,03596
9007730,15540
9007731,03593
9007732,03592
9007733,15539
9007734,03591
9007736,03590
9007737,15536
9007738,03589
9007739,03588
9007740,03586
9007741,03584
9007746,03583
9007748,03582
9007749,03581
9007751,03580
9007754,15526
9007756,03577
9007757,15524
9007760,15522
9007761,03574
9007763,03573
9007765,03572
9007766,15518
9007767,03571
9007770,15516
9007772,03569
9007776,03567
9007777,15513
9007782,15512
9007783,15511
9007784,15510
9007785,05716
9007786,05714
9007787,05713
9007790,05709
9007792,05680
9007793,05679
9007795,05677
9007797,05672
9007798,05670
9007799,05600
9007800,17694
9007801,05597
9007803,17690
9007804,17689
9007805,05595
9007806,05594
9007807,17686
9007808,05591
9007809,05589
9007810,05587
9007812,17684
9007813,17682
9007815,05581
9007816,17678
9007817,05580
9007818,17677
9007819,05578
9007822,17673
9007823,05574
9007824,17619
9007826,05571
9007827,05569
9007828,17615
9007830,17598
9007831,17597
9007832,05566
9007833,17596
9007834,05565
9007835,05564
9007836,17594
9007837,05563
9007838,17593
9007839,05561
9007840,17592
9007841,05559
9007842,17591
9007843,05558
9007844,17590
9007845,05556
9007846,05560
9007847,17588
9007848,05554
9007849,05553
9007855,04181
9007878,05549
9007879,17584
9007880,17583
9007881,04182
9007883,17582
9007885,04240
9007898,05545
9007903,17581
9007909,17580
9007910,05544
9007911,17579
9007912,05543
9007920,05542
9007921,17577
9007922,05541
9007923,05540
9007926,05539
9007928,17573
9007930,17572
9007931,05536
9007932,05535
9007933,17570
9007936,17569
9007938,17568
9007939,17566
9007941,17563
9007944,17560
9007946,17559
9007947,17558
9007948,06256
9007949,06257
9007953,05533
9007954,17555
9007956,05531
9007957,17551
9007958,17550
9007960,05527
9007961,17549
9007963,17547
9007967,05523
9007968,17544
9007969,05528
9007970,05522
9007972,05518
9007973,17541
9007974,05517
9007975,17540
9007976,17539
9007977,05514
9007978,17536
9007979,05513
9007981,05512
9007983,17533
9007985,05509
9007986,17530
9007987,17529
9007989,17527
9007990,17526
9007992,05504
9007993,17524
9007994,05503
9007996,04767
9007998,04765
9007999,04764
9008,08161
9008006,08270
9008007,17521
9008008,17520
9008010,04759
9008011,04758
9008012,04757
9008013,04756
9008014,04755
9008018,17514
9008019,17513
9008020,17512
9008021,17511
9008022,04751
9008025,08316
9008026,08315
9008029,08301
9008030,08304
9008033,04750
9008034,17509
9008040,04746
9008041,08311
9008043,17507
9008044,04745
9008047,08312
9008048,04744
9008049,17506
9008051,04743
9008052,17503
9008053,04740
9008059,17502
9008062,04739
9008064,17501
9008067,17499
9008069,17497
9008070,04677
9008071,04679
9008072,04552
9008073,04560
9008075,04573
9008076,17483
9008077,17491
9008079,15553
9008080,15554
9008081,15556
9008082,03700
9008086,15564
9008087,15565
9008088,15566
9008090,15568
9008094,04504
9008098,15579
9008099,04511
9008103,15574
9008104,04509
9008105,15582
9008107,04514
9008109,15585
9008110,04520
9008111,04521
9008112,15586
9008116,04523
9008117,15587
9008118,15588
9008129,04529
9008131,04530
9008133,15591
9008135,04538
9008136,04539
9008138,04541
9008140,04544
9008141,04553
9008142,04546
9008143,04548
9008144,15600
9008145,04559
9008146,15638
9008147,04557
9008149,04563
9008151,17472
9008152,17474
9008153,17475
9008154,17476
9008155,16568
9008157,04575
9008158,04577
9008159,04578
9008160,04586
9008161,17479
9008162,04582
9008163,04590
9008164,17481
9008165,04603
9008166,04648
9008167,17486
9008169,17488
9008170,17489
9008172,04651
9008173,04659
9008174,17492
9008175,17493
9008176,17494
9008177,15547
9008179,03699
9008180,03688
9008184,15561
9008186,04669
9008188,04684
9008189,04686
9008190,04702
9008191,04706
9008192,15570
9008193,15572
9008195,15576
9008198,15584
9008199,04516
9008200,15567
9008202,04519
9008203,04522
9008204,04527
9008205,04528
9008206,04531
9008207,15593
9008209,15614
9008210,04545
9008211,15637
9008213,15577
9008214,04549
9008215,15599
9008216,15635
9008217,04551
9008218,04554
9008220,04556
9008221,04562
9008222,04564
9008224,04566
9008227,04570
9008229,04574
9008230,04579
9008231,17477
9008233,17478
9008234,04584
9008235,04585
9008239,09153
9008240,04587
9008241,09151
9008245,04594
9008247,09181
9008248,04595
9008249,04597
9008250,04599
9008251,04600
9008252,04615
9008253,17485
9008255,04667
9008256,04668
9008257,04670
9008258,04672
9008259,04674
9008262,04680
9008263,04685
9008264,04691
9008265,04696
9008266,04698
9008267,04699
9008268,04700
9008270,25557
9008271,25556
9008272,25553
9008273,25551
9008274,25550
9008276,25549
9008278,25547
9008279,25545
9008280,25544
9008281,25543
9008283,25541
9008284,25537
9008285,25533
9008286,25527
9008287,25524
9008288,25523
9008294,25516
9008295,25514
9008296,25509
9008298,17985
9008299,25505
9008300,17984
9008305,17982
9008309,25501
9008310,17974
9008312,17970
9008313,24508
9008315,24505
9008316,17967
9008320,17963
9008321,17962
9008322,07530
9008323,07527
9008324,17960
9008325,07525
9008326,07523
9008328,07521
9008330,07520
9008332,07519
9008334,07517
9008337,07515
9008340,07512
9008341,07510
9008342,07508
9008343,07506
9008344,07505
9008345,07504
9008346,07503
9008347,07501
9008348,17959
9008350,06594
9008351,17956
9008352,17955
9008353,06591
9008354,17954
9008356,06584
9008358,17950
9008359,17948
9008360,06575
9008361,17947
9008362,17946
9008363,17945
9008364,06572
9008365,06570
9008369,17943
9008370,06567
9008371,17942
9008373,06564
9008375,17938
9008377,17937
9008378,17936
9008381,17935
9008384,10299
9008386,10133
9008387,17933
9008388,06560
9008391,06556
9008394,17931
9008396,17929
9008398,10205
9008399,17927
9008402,17925
9008406,17922
9008411,10657
9008415,17920
9008417,17918
9008418,06537
9008419,17917
9008424,10287
9008425,10286
9008426,06528
9008429,17913
9008430,17912
9008431,17911
9008433,06524
9008434,17910
9008435,06523
9008436,17909
9008437,17908
9008438,17907
9008440,17906
9008441,06521
9008442,17904
9008443,06519
9008444,17902
9008445,06517
9008447,10121
9008450,17901
9008451,06515
9008452,17900
9008453,17889
9008454,17888
9008455,06513
9008456,17887
9008458,17886
9008459,06509
9008460,06504
9008461,17864
9008462,17846
9008463,17838
9008464,06503
9008469,17807
9008470,06502
9008474,17803
9008475,06501
9008476,17792
9008479,17773
9008480,17772
9008482,11307
9008483,11500
9008484,11301
9008485,11297
9008486,11344
9008487,11300
9008488,11295
9008489,11296
9008490,11499
9008492,11292
9008494,11330
9008495,05752
9008496,17750
9008497,17749
9008499,17748
9008501,17747
9008502,17746
9008504,17744
9008505,17743
9008507,17741
9008510,17740
9008511,17739
9008512,17738
9008513,17737
9008514,05744
9008515,05742
9008516,05741
9008518,05740
9008519,17733
9008520,05739
9008522,11291
9008524,11328
9008525,11345
9008532,17730
9008534,05737
9008535,17729
9008539,17728
9008540,05735
9008545,11207
9008547,17716
9008548,05733
9008549,05731
9008551,05728
9008552,17711
9008553,17367
9008554,05727
9008555,17709
9008556,05724
9008558,05723
9008561,17708
9008562,05721
9008563,17707
9008564,05720
9008565,05718
9008566,05717
9008567,17706
9008568,19501
9008569,19502
9008570,19503
9008575,19504
9008576,25563
9008577,25565
9008578,19506
9008580,25566
9008581,19507
9008583,11266
9008584,11201
9008585,25571
9008586,25575
9008587,25577
9008588,25578
9008589,19508
9008592,25580
9008593,11189
9008595,25581
9008596,25582
9008597,19509
9008598,25583
9008599,19510
9008600,25586
9008602,25589
9008603,25591
9008604,25592
9008607,19511
9008608,19512
9008609,19515
9008611,11188
9008612,19516
9008615,19518
9008617,19519
9008618,25674
9008619,25675
9008621,25730
9008623,19520
9008624,25733
9008625,19522
9008626,25736
9008627,25740
9008628,19525
9008629,25746
9008631,19526
9008634,19527
9008635,25753
9008639,19530
9008642,19532
9008644,19534
9008645,19535
9008646,19536
9008647,19538
9008648,19539
9008650,19540
9008651,19541
9008652,19542
9008653,19544
9008655,19546
9008656,19547
9008658,19548
9008659,19551
9008660,19552
9008662,19553
9008665,19555
9008666,19556
9008667,19560
9008669,19563
9008672,19568
9008679,23544
9008680,23545
9008681,23546
9008683,19574
9008685,23552
9008686,19578
9008687,19579
9008688,23558
9008689,19581
9008690,19582
9008691,23562
9008692,23564
9008694,23569
9008696,23575
9008697,19584
9008698,19585
9008699,19586
9008701,19587
9008707,19588
9008708,23598
9008711,19590
9008714,19591
9008719,19595
9008720,23815
9008721,23818
9008723,23823
9008726,19630
9008727,19631
9008729,23857
9008730,23858
9008732,19645
9008734,19662
9008738,19663
9008742,19674
9008743,23871
9008744,23872
9008745,19676
9008746,23874
9008747,19679
9008748,23877
9008749,23878
9008758,23880
9008761,23884
9008762,19684
9008764,19685
9008765,19687
9008766,19688
9008769,19697
9008771,19698
9008772,19700
9008773,19701
9008774,23917
9008775,19702
9008778,19703
9008779,19707
9008780,23920
9008781,19708
9008782,23921
9008783,19710
9008784,23922
9008785,19713
9008787,23923
9008788,23925
9008789,19729
9008790,19730
9008791,19733
9008794,11511
9008795,11512
9008796,19741
9008797,11513
9008798,11514
9008799,11515
9008800,11516
9008803,11518
9008804,11521
9008806,11524
9008807,11527
9008809,11532
9008810,11534
9008811,11535
9008813,11537
9008814,19745
9008815,11538
9008816,11539
9008818,11540
9008820,19748
9008821,11542
9008822,11545
9008825,18829
9008827,18828
9008828,09905
9008832,18826
9008833,09896
9008834,18824
9008835,09895
9008836,09893
9008839,09890
9008840,09888
9008841,18821
9008842,09887
9008843,09886
9008844,09885
9008845,09884
9008846,18820
9008847,09883
9008848,09881
9008850,09880
9008851,09875
9008852,09873
9008853,09872
9008854,09870
9008856,18818
9008858,09868
9008859,18817
9008861,18816
9008863,09863
9008864,18815
9008865,09505
9008867,09861
9008870,09859
9008871,09518
9008872,18812
9008874,09857
9008875,09856
9008876,09854
9008877,09853
9008878,09851
9008879,09848
9008880,18809
9008882,09845
9008883,18808
9008886,09844
9008888,18807
9008890,03177
9008892,09843
9008893,09841
9008894,18806
9008897,18803
9008900,09837
9008901,18800
9008902,09836
9008904,09835
9008905,09834
9008906,12248
9008907,12247
9008909,09833
9008910,09832
9008911,18797
9008912,09831
9008913,18796
9008914,09830
9008915,18795
9008916,09828
9008917,09827
9008918,09826
9008919,18794
9008920,09825
9008927,09824
9008928,18792
9008929,09820
9008930,09819
9008931,09818
9008932,09815
9008933,18790
9008934,09814
9008935,09813
9008937,18788
9008938,18786
9008939,09809
9008940,09808
9008941,09807
9008942,18784
9008943,09805
9008944,09804
9008945,18772
9008946,18764
9008947,09802
9008948,18763
9008956,12255
9008957,10510
9008958,10509
9008959,18552
9008960,12256
9008961,12257
9008962,10511
9008963,18842
9008965,18841
9008967,18840
9008969,18839
9008970,18838
9008971,10502
9008972,18836
9008974,18833
9008975,10504
9008978,09801
9008980,09800
9008981,09799
9008982,09798
9008983,09795
9008985,09794
9008986,09793
9008987,09792
9008988,18639
9008989,09791
9008990,09790
9008991,18618
9008992,18617
9008993,09788
9008995,09787
9008996,09786
9008997,09785
9008998,09782
9008999,09781
9009001,09780
9009005,09777
9009007,09776
9009009,09773
9009013,09771
9009014,18598
9009015,09770
9009030,13240
9009031,09769
9009032,18596
9009033,09760
9009034,18595
9009035,09754
9009036,18594
9009037,09753
9009038,18593
9009040,09718
9009041,09717
9009045,13133
9009046,09682
9009047,18590
9009048,09656
9009049,09642
9009050,09631
9009053,09600
9009054,18586
9009055,18585
9009056,09594
9009057,09593
9009059,18583
9009060,18581
9009061,09592
9009063,18577
9009064,09590
9009066,09589
9009067,18573
9009069,09588
9009070,18572
9009072,18571
9009073,09586
9009075,09585
9009076,18566
9009078,18565
9009079,09583
9009080,18564
9009082,09580
9009083,09578
9009084,18561
9009085,18560
9009086,09576
9009088,18559
9009090,09572
9009091,18558
9009092,09571
9009095,18557
9009096,09569
9009097,18556
9009098,09566
9009100,09563
9009101,18554
9009102,09558
9009103,09556
9009105,09554
9009108,18550
9009109,18549
9009110,09550
9009111,18548
9009112,13198
9009113,13199
9009114,09548
9009115,09547
9009117,09545
9009118,09544
9009119,09543
9009121,18545
9009122,18544
9009123,18543
9009124,09540
9009125,09539
9009126,18542
9009127,09537
9009128,18541
9009129,09536
9009131,09535
9009133,18540
9009134,09534
9009135,09533
9009137,09532
9009138,18538
9009139,18537
9009140,09530
9009141,18536
9009142,18535
9009143,18533
9009144,18532
9009145,09529
9009146,18531
9009147,09528
9009149,09526
9009150,18530
9009151,09525
9009152,09523
9009153,18528
9009154,09522
9009156,09521
9009157,18526
9009158,09520
9009159,18525
9009161,09514
9009162,09513
9009163,09510
9009165,09507
9009166,09506
9009168,18524
9009170,09504
9009171,09503
9009172,09502
9009181,18519
9009182,18518
9009184,18514
9009185,18515
9009186,18513
9009189,13236
9009191,13234
9009192,18512
9009193,18511
9009196,18510
9009197,11929
9009200,11928
9009202,11927
9009203,18508
9009204,18507
9009205,18506
9009206,11916
9009207,11915
9009213,18504
9009215,11910
9009216,11907
9009217,11906
9009218,11904
9009219,11903
9009221,11899
9009222,11898
9009223,18502
9009225,18501
9009226,11894
9009227,11893
9009228,11890
9009230,11888
9009232,11887
9009233,14293
9009235,11886
9009236,19888
9009238,11885
9009239,11884
9009241,19883
9009243,11882
9009244,19882
9009245,14209
9009246,14211
9009247,11881
9009249,11880
9009250,19880
9009251,19878
9009252,11875
9009253,11874
9009256,11867
9009258,19871
9009261,19869
9009262,11847
9009263,11842
9009264,11819
9009267,11804
9009268,11796
9009269,11793
9009270,11784
9009273,11781
9009274,11680
9009275,11675
9009277,19862
9009279,19858
9009280,19857
9009281,19844
9009282,19840
9009285,11634
9009288,11601
9009290,20911
9009291,11597
9009292,19836
9009293,11594
9009295,19835
9009297,19834
9009299,19833
9009300,19812
9009303,19809
9009304,11587
9009306,19806
9009315,19786
9009317,11577
9009319,19777
9009320,11576
9009323,19775
9009325,19774
9009327,19770
9009328,19765
9009332,19762
9009333,19761
9009334,11567
9009335,19760
9009340,11566
9009341,19758
9009342,19757
9009345,19756
9009346,11560
9009348,14306
9009352,11559
9009354,11558
9009361,19753
9009362,11554
9009370,15115
9009372,15150
9009375,15145
9009376,15146
9009377,19752
9009378,11552
9009379,19751
9009380,11550
9009381,11549
9009382,11546
9009383,20682
9009385,20676
9009390,20675
9009391,20674
9009392,20673
9009394,20600
9009395,20599
9009396,20598
9009397,20596
9009398,20595
9009399,20594
9009401,20589
9009402,20588
9009403,20587
9009404,20586
9009405,20585
9009406,20584
9009408,20582
9009409,20581
9009410,20580
9009411,16178
9009412,20579
9009413,20578
9009414,20577
9009416,20575
9009417,20574
9009418,20573
9009419,20571
9009420,20570
9009421,20569
9009422,20567
9009425,20565
9009426,20564
9009429,20561
9009430,20560
9009431,10838
9009434,20559
9009435,10836
9009436,10834
9009437,20557
9009439,20556
9009440,20555
9009443,20554
9009445,20552
9009446,10822
9009447,10821
9009449,10819
9009450,20550
9009451,10818
9009452,10817
9009453,20549
9009455,10814
9009456,20547
9009457,10813
9009458,10812
9009459,10810
9009460,10809
9009461,20546
9009463,10807
9009464,10806
9009466,20544
9009467,10805
9009468,20543
9009469,20542
9009471,20540
9009473,10803
9009479,10802
9009481,20539
9009482,10800
9009485,10799
9009487,10798
9009488,20537
9009490,20536
9009492,20535
9009494,10792
9009495,10791
9009497,10790
9009498,10789
9009499,10787
9009501,10786
9009502,10785
9009504,20533
9009505,10784
9009507,10783
9009508,10781
9009509,10780
9009512,20530
9009514,10779
9009515,20529
9009516,20527
9009519,20524
9009521,10777
9009524,10775
9009525,20522
9009526,10757
9009527,20521
9009529,20520
9009530,20519
9009531,10747
9009532,20518
9009533,10745
9009534,10737
9009535,10698
9009536,10697
9009537,10667
9009538,10638
9009539,10637
9009540,10612
9009542,10600
9009544,10599
9009545,10598
9009548,10597
9009549,20513
9009552,10594
9009553,20512
9009554,10592
9009555,20511
9009556,10590
9009557,20510
9009558,20509
9009560,10587
9009561,10585
9009562,10583
9009563,10582
9009564,10580
9009566,20507
9009570,10578
9009574,10573
9009577,10572
9009579,10570
9009580,20504
9009581,10568
9009583,10565
9009585,20503
9009586,10564
9009588,10561
9009589,10560
9009592,10557
9009593,10553
9009595,20500
9009596,10551
9009597,10549
9009598,10546
9009600,10542
9009601,10541
9009602,10540
9009603,18867
9009604,18866
9009605,18865
9009609,18863
9009610,10532
9009612,18861
9009613,10531
9009614,18860
9009616,18859
9009618,18858
9009621,18856
9009622,18854
9009623,10528
9009624,10527
9009626,18853
9009627,10526
9009628,18852
9009631,18850
9009633,10522
9009634,10521
9009635,18848
9009636,18847
9009637,10519
9009639,10516
9009640,18845
9009641,18844
9009642,10515
9009645,18843
9009646,10512
9009649,10816
9009651,20919
9009652,20918
9009653,20917
9009654,20916
9009655,20915
9009656,20914
9009657,20913
9009658,20912
9009659,13514
9009660,20910
9009661,20909
9009662,20175
9009663,20908
9009664,20907
9009665,20906
9009667,20904
9009670,20903
9009673,20902
9009674,20901
9009675,20898
9009676,20899
9009677,20897
9009678,20894
9009679,20893
9009680,20892
9009683,20891
9009684,20890
9009685,20888
9009686,20887
9009687,20886
9009688,20884
9009689,13510
9009693,20883
9009694,13509
9009695,20882
9009696,20881
9009697,20880
9009701,20878
9009702,20877
9009704,13508
9009706,20876
9009708,20874
9009710,13506
9009712,20872
9009716,20871
9009718,20870
9009719,20869
9009720,20868
9009721,20867
9009722,13503
9009723,15253
9009724,20866
9009725,20865
9009726,20864
9009728,20862
9009733,20859
9009734,20858
9009735,20857
9009736,20856
9009737,20855
9009738,20854
9009741,20851
9009742,20850
9009743,20848
9009744,20847
9009745,20846
9009746,20845
9009747,15174
9009749,15226
9009750,20844
9009751,15304
9009753,15305
9009754,20843
9009755,20842
9009757,12810
9009759,12809
9009763,15175
9009765,15192
9009767,15209
9009768,20840
9009769,12808
9009770,12807
9009772,20839
9009773,12804
9009774,12795
9009775,17146
9009777,12794
9009778,20837
9009779,20836
9009781,20834
9009782,20833
9009783,12792
9009784,20832
9009785,12750
9009786,20830
9009788,12733
9009789,12727
9009790,12725
9009792,12714
9009793,20508
9009794,12713
9009795,12706
9009796,12528
9009797,12705
9009798,12685
9009799,20825
9009800,17148
9009801,12684
9009803,20824
9009804,12682
9009805,20823
9009806,20822
9009808,20820
9009809,20819
9009811,20818
9009813,20815
9009814,20814
9009815,20813
9009816,12679
9009817,20811
9009818,12627
9009821,20809
9009822,12623
9009824,20808
9009826,17240
9009829,17863
9009830,12615
9009834,20805
9009835,20804
9009836,20803
9009837,12603
9009838,12600
9009839,12599
9009841,17147
9009844,12598
9009846,20802
9009850,20801
9009851,20799
9009853,12596
9009854,12595
9009855,12594
9009856,12593
9009857,12592
9009860,20794
9009862,12590
9009863,12589
9009864,12588
9009865,17212
9009866,17214
9009867,17216
9009868,20792
9009869,20791
9009871,20789
9009872,12585
9009874,12584
9009876,20756
9009877,12582
9009878,20751
9009881,20747
9009882,12577
9009883,20746
9009885,17217
9009886,20745
9009890,20741
9009893,20732
9009894,20731
9009896,20730
9009897,20729
9009903,20728
9009904,20727
9009905,20726
9009906,12572
9009907,17248
9009908,12569
9009910,12567
9009911,12566
9009913,17204
9009918,12564
9009926,17206
9009927,17175
9009929,17205
9009931,12561
9009932,12504
9009933,20725
9009934,12503
9009935,20706
9009936,20705
9009937,20703
9009938,20702
9009939,20701
9009941,20700
9009942,12560
9009943,12559
9009946,12556
9009947,12554
9009951,12551
9009953,12550
9009954,12549
9009955,12548
9009958,12547
9009960,17188
9009961,17191
9009964,12546
9009965,12545
9009966,12544
9009968,12543
9009969,12540
9009971,12539
9009972,12538
9009976,12534
9009977,12533
9009978,12532
9009979,12531
9009982,12527
9009983,12526
9009984,12525
9009988,12522
9009989,12521
9009990,12520
9009993,12518
9009995,12516
9009996,12515
9009997,12514
9009998,12512
9010000,12510
9010001,12509
9010002,12508
9010003,12506
9010004,20698
9010005,20697
9010006,12501
9010007,20695
9010008,20694
9010011,20686
9010016,12500
9010017,20684
9010024,13852
9010026,13850
9010027,13849
9010028,21598
9010029,13846
9010030,21597
9010031,13845
9010032,13844
9010034,21595
9010035,13841
9010036,13840
9010037,13839
9010038,13838
9010039,13837
9010040,21594
9010041,13835
9010042,13834
9010043,21591
9010044,18202
9010046,13833
9010047,13832
9010048,21589
9010049,13831
9010051,21587
9010052,13827
9010053,21586
9010054,13826
9010055,21585
9010058,21584
9010059,13824
9010061,21583
9010063,21582
9010064,13822
9010065,21581
9010066,18657
9010067,18658
9010070,13819
9010076,13818
9010080,21580
9010081,21579
9010082,13816
9010083,21578
9010085,13814
9010087,13813
9010088,21576
9010089,21575
9010094,19186
9010096,13808
9010099,19323
9010100,19187
9010102,13805
9010103,21573
9010104,13804
9010105,21571
9010107,21570
9010109,21569
9010110,13801
9010111,21568
9010112,21567
9010113,21566
9010115,21565
9010116,13798
9010117,21564
9010119,19234
9010120,21563
9010124,21562
9010125,19324
9010126,13796
9010127,21561
9010128,21560
9010129,21558
9010130,21557
9010132,21556
9010133,21555
9010134,13794
9010136,21553
9010137,13793
9010139,21552
9010140,21551
9010141,21550
9010142,21549
9010143,21548
9010144,21547
9010145,13754
9010146,21546
9010147,13751
9010148,21545
9010149,21544
9010150,13747
9010151,21543
9010152,13740
9010153,21542
9010154,13737
9010155,21541
9010156,13726
9010157,21540
9010159,21539
9010162,13716
9010163,19325
9010165,19327
9010166,13715
9010170,21538
9010171,13669
9010172,21537
9010173,21536
9010174,13667
9010175,13665
9010176,13664
9010177,21534
9010178,21533
9010181,13617
9010182,21532
9010183,21531
9010185,21528
9010186,21527
9010187,21526
9010190,13659
9010191,21524
9010193,13656
9010194,21523
9010196,21521
9010197,21512
9010198,13599
9010199,21504
9010200,13598
9010201,13596
9010202,13592
9010203,13591
9010204,13847
9010205,13590
9010206,13587
9010207,13586
9010208,21520
9010211,13583
9010212,21518
9010213,21522
9010217,21515
9010218,13578
9010219,21514
9010220,13577
9010221,13574
9010222,13572
9010223,21513
9010224,13571
9010225,13570
9010227,21511
9010229,13567
9010230,21509
9010231,13566
9010232,13565
9010233,13564
9010234,21508
9010235,13562
9010236,13561
9010237,13560
9010238,21507
9010239,21506
9010242,21505
9010243,13554
9010244,13553
9010245,13551
9010250,21503
9010252,13550
9010254,13549
9010255,13548
9010256,13547
9010257,13544
9010259,13542
9010260,21502
9010261,13541
9010262,21501
9010264,13540
9010265,13539
9010266,13538
9010267,13537
9010268,13536
9010270,20174
9010271,13535
9010272,20177
9010273,20176
9010274,13531
9010275,20180
9010276,20173
9010277,13530
9010278,13529
9010279,13528
9010280,13527
9010281,13526
9010283,20960
9010284,20959
9010287,20956
9010288,20955
9010290,20954
9010291,20953
9010292,20952
9010293,20951
9010294,13524
9010295,20950
9010296,20949
9010297,13523
9010298,20948
9010299,20947
9010300,20946
9010301,13518
9010302,20945
9010303,13517
9010304,20944
9010305,20943
9010306,20942
9010307,20941
9010308,13902
9010309,20939
9010313,13515
9010314,20938
9010315,13512
9010316,20934
9010317,20933
9010318,20932
9010319,20931
9010320,20930
9010321,20929
9010322,20928
9010323,20927
9010324,20926
9010326,20924
9010327,20922
9010328,13501
9010329,20921
9010339,20210
9010340,20207
9010342,21599
9010344,21600
9010345,21601
9010347,13855
9010351,13857
9010352,21649
9010355,13858
9010357,21650
9010360,21651
9010361,13861
9010362,21663
9010363,13862
9010364,21675
9010365,13864
9010366,13867
9010368,21677
9010369,13870
9010370,13871
9010371,21678
9010372,21686
9010373,13874
9010376,13875
9010377,21689
9010378,13877
9010379,21722
9010381,13878
9010382,13879
9010383,13880
9010384,21733
9010385,13881
9010386,21734
9010388,21742
9010389,13882
9010391,13883
9010392,21743
9010394,13885
9010395,21744
9010396,21752
9010397,13886
9010398,21753
9010399,13888
9010400,21756
9010406,21760
9010407,13891
9010408,21761
9010409,13892
9010410,13893
9010411,21766
9010412,13894
9010414,13897
9010415,21768
9010416,13898
9010418,13905
9010420,21770
9010422,21771
9010423,21773
9010424,21774
9010425,21775
9010426,13913
9010429,21154
9010431,21778
9010437,13916
9010438,21782
9010439,21783
9010440,21784
9010441,21785
9010442,21792
9010443,21793
9010444,21794
9010446,21795
9010449,13923
9010450,21796
9010452,21288
9010455,21279
9010457,13926
9010458,21803
9010459,21278
9010461,13929
9010462,21810
9010463,21817
9010464,13930
9010465,21820
9010466,13917
9010474,13918
9010478,21821
9010479,13933
9010480,13935
9010481,13934
9010482,21843
9010483,21844
9010484,13937
9010485,21852
9010486,21853
9010488,13940
9010489,21854
9010490,13941
9010491,21855
9010492,13943
9010497,21858
9010498,21859
9010499,21861
9010503,21862
9010504,21864
9010505,21865
9010506,21866
9010507,14491
9010508,21868
9010509,21872
9010510,14493
9010511,21873
9010512,14962
9010513,21874
9010514,21875
9010515,14494
9010516,14497
9010517,21877
9010518,14498
9010519,21878
9010520,14499
9010521,21879
9010522,14500
9010523,21880
9010524,14501
9010525,21881
9010526,14503
9010527,21882
9010528,14505
9010529,14506
9010532,21884
9010533,14507
9010534,14508
9010535,21885
9010537,21886
9010538,21887
9010539,21891
9010540,14969
9010541,21892
9010542,14510
9010543,14512
9010544,14513
9010545,14514
9010546,21894
9010547,14515
9010548,21895
9010550,14517
9010551,22286
9010552,14518
9010555,14519
9010556,21897
9010557,14520
9010559,14522
9010560,21899
9010561,14524
9010563,14525
9010564,14527
9010565,21904
9010566,14528
9010567,21905
9010568,14530
9010570,14531
9010571,14532
9010573,14536
9010574,14538
9010575,14539
9010576,14541
9010577,14542
9010578,14544
9010580,14545
9010581,14546
9010582,14547
9010583,14550
9010584,14551
9010585,23426
9010586,23425
9010587,14552
9010588,14553
9010589,14878
9010590,14554
9010591,14557
9010592,14560
9010593,14561
9010596,21907
9010597,21908
9010599,21910
9010600,14563
9010601,14564
9010602,21912
9010603,14565
9010604,21913
9010605,14566
9010606,14567
9010609,21915
9010612,14569
9010614,14570
9010616,14571
9010620,22117
9010621,22123
9010624,22115
9010625,14573
9010626,14574
9010628,14576
9010630,14577
9010631,14579
9010636,14583
9010637,14584
9010639,22142
9010641,14585
9010643,14586
9010647,14587
9010648,14588
9010650,14592
9010651,14593
9010652,22227
9010653,14594
9010654,14595
9010655,14596
9010657,14597
9010658,14598
9010659,14600
9010662,22338
9010666,14661
9010670,14662
9010671,22345
9010672,14663
9010674,14667
9010675,14669
9010676,14671
9010677,14672
9010678,14674
9010679,22267
9010680,14676
9010681,14677
9010682,22363
9010683,14678
9010687,22364
9010688,14693
9010689,22380
9010690,14694
9010692,22384
9010694,22283
9010699,22389
9010700,22280
9010703,14712
9010705,22400
9010707,14713
9010708,14714
9010709,22279
9010713,22278
9010715,14715
9010716,22416
9010719,22417
9010720,14718
9010722,22418
9010723,14727
9010725,22305
9010726,22420
9010727,14738
9010728,22421
9010732,22378
9010733,22422
9010735,22423
9010736,14744
9010737,22996
9010738,14745
9010740,14746
9010743,14747
9010745,22431
9010746,22432
9010747,14750
9010748,22433
9010749,14755
9010750,22435
9010751,14756
9010752,14757
9010753,22437
9010754,14758
9010755,14763
9010759,14764
9010761,14765
9010767,22439
9010768,14799
9010770,22440
9010771,14808
9010772,14809
9010773,22443
9010775,14810
9010777,14812
9010778,22445
9010779,23458
9010780,14814
9010783,14832
9010784,14833
9010785,22447
9010786,14834
9010787,14835
9010788,14836
9010789,23368
9010790,14837
9010791,14838
9010792,22450
9010793,14839
9010794,22451
9010795,22452
9010797,14842
9010801,14843
9010803,14844
9010804,14846
9010807,22455
9010809,14848
9010810,22456
9010811,22457
9010812,14851
9010814,23422
9010815,22458
9010816,14852
9010827,22460
9010828,14855
9010830,14856
9010832,22462
9010833,22464
9010836,14858
9010847,22466
9010848,24180
9010849,24181
9010850,24179
9010863,14893
9010867,24658
9010869,22468
9010880,22471
9010881,14862
9010883,14864
9010884,22473
9010885,14865
9010886,22474
9010887,22475
9010889,14867
9010890,22476
9010891,22479
9010892,14870
9010900,14871
9010901,22486
9010902,14873
9010903,14874
9010905,22488
9010906,14876
9010907,22489
9010909,14877
9010911,14879
9010912,22491
9010913,14881
9010914,22493
9010916,14883
9010917,22494
9010919,14884
9010921,14886
9010922,22496
9010923,14887
9010924,22497
9010925,14889
9010926,14890
9010935,22499
9010936,18164
9010937,14895
9010938,14896
9010940,22500
9010941,14897
9010942,14899
9010944,14900
9010946,22501
9010947,22502
9010948,14901
9010949,22503
9010950,14905
9010951,14906
9010952,22505
9010953,14907
9010954,14908
9010955,22507
9010957,22508
9010958,14910
9010960,22510
9010963,22511
9010968,14913
9010970,22513
9010972,22517
9010974,14914
9010975,14915
9010978,14916
9010979,22525
9010980,14917
9010981,14920
9010982,14921
9010984,14922
9010985,14923
9010986,14924
9010988,14925
9010990,22531
9010991,14927
9010992,22532
9010993,14928
9010994,22535
9010995,14930
9010996,22536
9010997,14932
9010998,22537
9010999,14933
9011001,11199
9011002,22538
9011003,22539
9011005,22540
9011006,14936
9011007,14937
9011008,14934
9011009,22541
9011010,22544
9011011,14941
9011012,14942
9011013,14943
9011014,22546
9011015,14944
9011017,22548
9011018,14946
9011019,22549
9011020,14947
9011021,22550
9011022,14948
9011023,22551
9011024,22552
9011025,14950
9011026,14951
9011028,14952
9011029,22554
9011030,14953
9011031,22555
9011032,14954
9011033,22556
9011034,14957
9011035,22557
9011037,14958
9011038,22558
9011039,14959
9011040,14960
9011041,22559
9011042,22560
9011043,14964
9011045,22561
9011046,14965
9011047,14966
9011048,22562
9011049,14968
9011050,22563
9011051,14971
9011052,22565
9011054,22566
9011056,22567
9011058,14976
9011060,22571
9011061,14978
9011063,22574
9011064,14983
9011067,22575
9011068,22576
9011069,22577
9011070,22578
9011074,14987
9011075,22579
9011078,08470
9011079,22879
9011082,22883
9011083,22884
9011084,22885
9011085,22887
9011086,08474
9011087,08469
9011088,22889
9011089,08475
9011090,22892
9011091,08477
9011092,22893
9011093,08478
9011094,22894
9011095,08479
9011096,08480
9011097,22897
9011099,08482
9011100,08483
9011101,08484
9011102,22900
9011103,08485
9011104,22901
9011105,08489
9011106,22904
9011107,22878
9011108,08491
9011109,22906
9011110,08492
9011111,22907
9011112,08493
9011113,08494
9011114,08495
9011115,22913
9011116,22915
9011118,22920
9011119,08499
9011120,22922
9011121,08503
9011122,08504
9011123,22924
9011124,08506
9011125,22925
9011126,08507
9011127,22928
9011128,08508
9011130,22929
9011131,08510
9011132,22930
9011133,08511
9011134,22931
9011135,08468
9011136,08512
9011137,22932
9011138,08513
9011139,22933
9011140,22934
9011141,22938
9011142,08514
9011143,08516
9011144,08517
9011145,08519
9011146,22940
9011148,22942
9011149,08521
9011150,08522
9011151,08523
9011152,22945
9011154,22947
9011155,08526
9011156,08527
9011157,08528
9011158,08529
9011159,22950
9011161,08532
9011162,22956
9011163,08467
9011164,08534
9011165,08537
9011166,22961
9011167,08538
9011168,08539
9011170,22963
9011171,22966
9011172,08540
9011173,22968
9011175,08542
9011176,22970
9011177,08543
9011178,22972
9011179,22973
9011180,22975
9011181,22976
9011183,22979
9011184,22980
9011186,08548
9011187,22982
9011188,22984
9011189,22985
9011190,22986
9011191,22877
9011192,08552
9011194,08554
9011195,22987
9011196,08555
9011198,08557
9011200,22989
9011201,08558
9011202,08559
9011204,22992
9011205,22993
9011206,22994
9011208,08562
9011209,08563
9011210,08564
9011211,08566
9011212,08567
9011213,08569
9011214,08570
9011215,08571
9011216,08572
9011218,08574
9011219,08466
9011221,08576
9011222,08581
9011223,08584
9011224,08585
9011225,08586
9011226,08587
9011228,08589
9011229,08590
9011230,08592
9011232,08596
9011233,08597
9011235,08598
9011237,08997
9011239,08600
9011240,08602
9011242,08657
9011243,08662
9011245,08714
9011246,08716
9011247,08465
9011248,08987
9011249,08988
9011250,08718
9011251,08721
9011252,08989
9011253,08722
9011254,08984
9011255,08983
9011256,08727
9011257,08982
9011258,08728
9011259,08981
9011260,08980
9011261,08731
9011262,08979
9011263,08733
9011264,08977
9011265,08976
9011266,08975
9011267,08973
9011268,08734
9011269,08972
9011270,08744
9011271,08745
9011272,08748
9011274,08749
9011275,22876
9011278,08750
9011280,08751
9011287,08757
9011288,08758
9011291,08759
9011293,08760
9011294,08765
9011295,08766
9011296,08767
9011300,08769
9011302,08770
9011303,08464
9011305,08771
9011307,08772
9011309,08773
9011311,08775
9011314,08780
9011326,08783
9011331,22874
9011332,08786
9011333,08788
9011336,08789
9011337,08790
9011338,08791
9011339,08795
9011340,08796
9011341,08797
9011342,08500
9011343,08798
9011344,08801
9011345,08971
9011346,08807
9011347,08970
9011348,08969
9011349,08808
9011350,08966
9011351,08965
9011352,08964
9011353,08962
9011355,08819
9011356,08961
9011357,08960
9011358,08823
9011359,22873
9011360,08959
9011361,08958
9011362,08828
9011363,08957
9011364,08956
9011365,08830
9011366,08834
9011367,08835
9011368,08953
9011369,08952
9011370,08836
9011371,08951
9011372,08950
9011373,08838
9011374,08949
9011375,08854
9011376,08868
9011378,08946
9011379,08872
9011380,08873
9011381,08945
9011382,08874
9011384,08943
9011386,08876
9011387,22872
9011389,08883
9011390,08884
9011392,08886
9011393,08942
9011394,08888
9011395,08941
9011396,08889
9011399,08892
9011400,08938
9011401,08893
9011402,08894
9011403,08936
9011404,08935
9011405,08897
9011406,08934
9011407,08931
9011409,08928
9011410,08900
9011411,08927
9011412,08901
9011413,08924
9011414,08923
9011416,08922
9011417,08904
9011418,08921
9011419,08920
9011421,08917
9011422,08908
9011423,08916
9011424,08915
9011425,08914
9011426,08913
9011427,08909
9011428,08912
9011429,08910
9011430,08947
9011431,08925
9011443,22870
9011461,17701
9011466,01540
9011470,01685
9011471,22869
9011472,01501
9011474,01720
9011475,01791
9011477,01821
9011478,01549
9011480,01577
9011483,01554
9011484,01587
9011485,01514
9011486,01805
9011489,01794
9011490,01702
9011496,01504
9011497,01598
9011498,01697
9011499,22868
9011500,01841
9011501,01852
9011502,01515
9011503,01860
9011504,01881
9011505,01595
9011506,08462
9011507,01563
9011508,01582
9011511,01844
9011512,02503
9011513,02505
9011523,03529
9011524,03524
9011525,03501
9011526,03503
9011527,22867
9011531,03568
9011545,03508
9011552,03543
9011553,03550
9011555,22864
9011556,14675
9011561,03526
9011562,03530
9011563,03533
9011564,03537
9011565,03505
9011566,03512
9011568,03579
9011569,03585
9011572,03504
9011573,03578
9011575,03518
9011578,04658
9011579,04588
9011580,04593
9011582,04671
9011583,22863
9011584,04510
9011585,04524
9011587,04748
9011588,04515
9011590,04567
9011591,04589
9011592,04591
9011593,04596
9011594,04542
9011595,04701
9011596,04742
9011599,04602
9011603,04536
9011604,04550
9011605,04754
9011607,04760
9011608,04761
9011609,04762
9011610,04763
9011611,22862
9011612,04766
9011614,04502
9011615,04507
9011616,04572
9011617,04517
9011618,04535
9011619,04697
9011620,04749
9011622,04501
9011623,04505
9011625,04583
9011627,04500
9011631,05726
9011637,05501
9011639,08463
9011648,05508
9011650,05599
9011656,05582
9011659,05710
9011660,05579
9011661,05550
9011663,05555
9011665,05585
9011667,22859
9011669,05576
9011670,05588
9011671,05732
9011672,05519
9011673,05584
9011675,05551
9011678,05668
9011679,05562
9011680,05596
9011686,05572
9011695,08460
9011700,06557
9011705,06578
9011706,06579
9011707,06580
9011708,06581
9011709,06582
9011710,06533
9011714,06576
9011715,06526
9011716,06530
9011717,06577
9011719,06511
9011720,06583
9011721,06500
9011722,06585
9011723,22858
9011724,06586
9011725,06587
9011726,06588
9011737,06510
9011738,06506
9011742,06546
9011744,06595
9011751,22856
9011752,06539
9011753,06505
9011760,07524
9011763,07500
9011764,07502
9011765,07529
9011766,07507
9011767,07526
9011768,07528
9011779,08458
9011780,08550
9011781,08985
9011782,08986
9011783,08991
9011784,08992
9011785,08535
9011786,08829
9011787,08459
9011788,08490
9011790,08926
9011793,08505
9011795,08919
9011796,08898
9011798,08990
9011807,22855
9011808,08911
9011813,08448
9011814,08471
9011815,08488
9011816,08580
9011817,08593
9011818,08456
9011823,08455
9011824,08487
9011825,08502
9011826,08948
9011827,08954
9011829,08454
9011834,08939
9011835,08457
9011836,08560
9011837,08545
9011838,08546
9011840,08453
9011842,08599
9011843,08881
9011848,08937
9011850,08497
9011851,08536
9011852,08551
9011856,08498
9011858,08930
9011860,08568
9011861,08781
9011862,11869
9011863,22854
9011865,09517
9011866,09806
9011867,09501
9011869,09817
9011871,09847
9011873,09512
9011874,09577
9011877,09994
9011878,09516
9011882,09579
9011883,09598
9011885,09894
9011886,08544
9011887,09561
9011888,09775
9011889,09541
9011893,09567
9011894,09595
9011896,09812
9011900,09897
9011901,09774
9011902,09876
9011903,09878
9011906,09779
9011907,09865
9011909,09898
9011912,09568
9011913,09860
9011916,09882
9011918,09899
9011919,08452
9011921,09551
9011922,09557
9011923,09564
9011924,09573
9011925,09582
9011926,09783
9011927,09789
9011928,09811
9011929,09553
9011930,09560
9011933,09599
9011934,09500
9011935,09515
9011936,09531
9011944,09877
9011947,22850
9011950,09803
9011952,09821
9011953,09591
9011954,09597
9011955,09822
9011956,09829
9011959,10517
9011960,10533
9011961,10537
9011964,10734
9011965,10754
9011967,10536
9011970,10726
9011971,10503
9011972,10535
9011975,08451
9011976,10588
9011984,10563
9011986,10804
9011987,10575
9011995,10550
9011996,10556
9011998,10584
9012000,10736
9012002,10569
9012003,08450
9012010,10529
9012021,10586
9012022,10593
9012023,10604
9012024,10722
9012025,10744
9012026,10778
9012027,10797
9012031,22849
9012034,10826
9012035,10828
9012038,11599
9012048,11901
9012050,11897
9012059,22848
9012064,11583
9012069,11723
9012073,11522
9012077,11551
9012079,11879
9012087,22847
9012088,11562
9012090,11595
9012093,11571
9012094,11519
9012105,11590
9012108,11596
9012109,11553
9012110,11818
9012111,11868
9012113,11902
9012115,22845
9012116,11530
9012118,12536
9012119,12541
9012120,12555
9012122,12806
9012126,12581
9012127,12502
9012129,12524
9012130,12571
9012136,12507
9012137,12513
9012140,12542
9012141,12562
9012142,12612
9012143,22844
9012144,13699
9012146,13654
9012147,13695
9012148,13700
9012149,13764
9012158,13895
9012159,13534
9012160,13546
9012161,13521
9012163,13597
9012164,13795
9012166,13869
9012167,13887
9012169,13942
9012170,13556
9012171,22843
9012172,13595
9012173,13876
9012174,13507
9012175,13522
9012176,13803
9012178,13698
9012179,13725
9012180,13865
9012182,13922
9012183,13928
9012186,13821
9012188,13519
9012189,13532
9012193,13919
9012194,13557
9012199,22838
9012200,13828
9012201,13848
9012206,13589
9012207,13600
9012208,13660
9012210,13563
9012212,13594
9012213,13911
9012214,13912
9012217,13505
9012218,13860
9012219,13516
9012220,13668
9012221,13755
9012223,13853
9012224,13936
9012225,13924
9012226,13927
9012227,22836
9012228,13915
9012229,13593
9012230,13575
9012232,13907
9012233,13502
9012234,13511
9012235,13513
9012236,13866
9012237,13859
9012239,13520
9012245,13823
9012246,13830
9012249,14599
9012251,14622
9012254,14502
9012256,14869
9012258,14760
9012262,14753
9012264,14608
9012266,14902
9012268,14548
9012270,14866
9012271,14849
9012272,13724
9012274,14898
9012275,14989
9012276,14559
9012277,14582
9012278,14882
9012279,14888
9012280,14748
9012282,14988
9012283,22832
9012284,14670
9012285,14761
9012286,14845
9012287,14853
9012288,14872
9012289,14880
9012291,14940
9012292,14984
9012293,14511
9012295,14558
9012296,14591
9012300,14863
9012301,14979
9012303,14754
9012307,14534
9012308,14549
9012309,14562
9012310,14572
9012311,22807
9012312,14590
9012313,14659
9012314,14919
9012315,14926
9012316,14977
9012317,14492
9012318,14961
9012319,14555
9012320,14956
9012321,14963
9012322,14575
9012323,14716
9012324,14537
9012327,14981
9012330,14935
9012331,14972
9012332,14985
9012334,14509
9012335,14521
9012339,22776
9012341,14955
9012350,15503
9012352,15501
9012353,15594
9012361,15542
9012363,15571
9012367,22759
9012373,16514
9012375,16721
9012384,16966
9012385,16977
9012386,16978
9012387,16979
9012388,16533
9012395,22742
9012402,16560
9012403,16677
9012404,16858
9012407,16521
9012408,16526
9012409,16918
9012411,16499
9012423,22694
9012424,16968
9012425,16969
9012426,16885
9012427,16905
9012430,16939
9012431,16929
9012432,16943
9012435,16591
9012436,16948
9012437,16946
9012438,16975
9012439,16512
9012440,16517
9012443,16962
9012444,17517
9012445,17944
9012446,17508
9012447,17537
9012449,17949
9012450,17958
9012451,14997
9012454,17575
9012455,17940
9012456,17717
9012457,17734
9012461,17589
9012462,17617
9012463,17578
9012467,17532
9012468,17543
9012469,17554
9012470,17675
9012474,17713
9012475,17552
9012478,17484
9012479,14996
9012482,17971
9012483,17972
9012490,17473
9012492,17697
9012498,17986
9012499,17987
9012505,18503
9012507,22631
9012508,17576
9012509,18570
9012512,18783
9012514,18822
9012515,18851
9012516,18527
9012517,18553
9012521,18785
9012522,18787
9012523,18805
9012525,18814
9012527,18825
9012529,18868
9012535,14994
9012539,21890
9012546,18534
9012549,18791
9012551,18864
9012552,19557
9012556,19528
9012562,19742
9012563,14993
9012569,19596
9012570,19550
9012571,19794
9012573,19523
9012575,19773
9012576,19778
9012578,19867
9012580,19505
9012581,19513
9012584,19740
9012585,19868
9012586,19884
9012587,19885
9012594,19877
9012599,19583
9012602,19865
9012603,19872
9012604,19879
9012612,19870
9012614,19524
9012615,19558
9012616,19837
9012617,19521
9012619,14992
9012620,19800
9012624,20790
9012625,20875
9012626,20704
9012627,20740
9012629,20591
9012631,20681
9012634,21911
9012636,20810
9012641,20787
9012643,20896
9012644,20502
9012645,20516
9012646,20517
9012647,22596
9012648,20829
9012649,20532
9012653,20568
9012655,20812
9012656,20541
9012657,20528
9012658,20590
9012659,20593
9012663,20861
9012664,20873
9012666,20940
9012669,20923
9012670,20748
9012672,21517
9012673,21883
9012674,21889
9012675,14991
9012676,21893
9012679,21745
9012686,21823
9012687,21738
9012688,21765
9012689,21800
9012690,21819
9012691,21870
9012692,21818
9012693,21871
9012694,21856
9012695,21572
9012696,21863
9012697,21869
9012698,21916
9012701,21588
9012703,22595
9012706,21732
9012709,21574
9012713,21590
9012714,21867
9012715,21592
9012716,21593
9012717,21772
9012718,21860
9012719,22910
9012720,22446
9012721,22459
9012723,22842
9012731,14990
9012734,22419
9012738,22865
9012740,22890
9012741,22895
9012743,22899
9012745,22908
9012746,22912
9012747,22916
9012748,22923
9012750,22935
9012751,22983
9012757,22866
9012758,22875
9012759,22594
9012762,22852
9012763,22572
9012765,22533
9012766,22587
9012769,22990
9012771,22518
9012772,22520
9012773,22543
9012774,22861
9012776,22959
9012778,22365
9012782,22937
9012783,22436
9012784,22487
9012785,22586
9012786,22599
9012787,22593
9012788,22981
9012790,22570
9012792,22429
9012793,22442
9012795,22516
9012796,22530
9012798,22891
9012801,22427
9012804,22478
9012805,22515
9012810,22835
9012811,22936
9012813,22946
9012814,22949
9012815,22592
9012818,23918
9012823,22449
9012828,22448
9012829,22461
9012849,23532
9012850,23536
9012855,23855
9012868,23741
9012871,22585
9012874,23883
9012880,23697
9012882,23738
9012883,23756
9012885,23876
9012891,23856
9012893,23866
9012896,23924
9012897,22743
9012898,23573
9012899,22584
9012903,23731
9012904,23533
9012926,22841
9012927,22583
9012931,23557
9012943,23579
9012945,23586
9012946,23819
9012949,23597
9012950,23600
9012951,23728
9012953,23911
9012955,22582
9012961,23537
9012962,23543
9012974,24502
9012983,22581
9012984,25513
9012994,25749
9012999,25546
9013,22220
9013006,25732
9013010,25526
9013019,25562
9013020,25568
9013021,25574
9013022,25595
9013023,25602
9013024,25594
9013026,25585
9013027,25597
9013030,25570
9013031,25561
9013032,25576
9013033,25579
9013034,25666
9013035,25538
9013036,25552
9013037,25554
9013038,25534
9013043,25536
9013044,25540
9013048,25530
9013049,25532
9013050,25558
9013053,25560
9013054,25510
9013058,25508
9013060,25584
9013061,25587
9013064,25512
9013065,25522
9013083,13500
9013088,04753
9013098,16920
9013103,15596
9013104,18582
9013105,14749
9013109,14496
9013110,14589
9013121,16495
9013122,16497
9013123,16496
9013124,16490
9013125,16491
9013126,16492
9013127,16494
9013129,17471
9013130,17468
9013131,17470
9013132,17469
9013133,18499
9013136,09908
9013137,09909
9013141,09913
9013152,09920
9013159,01888
9013161,01889
9013168,13031
9013194,17961
9013195,17975
9013196,17903
9013197,17848
9013198,03742
9013209,04770
9013210,04771
9013211,04772
9013212,04773
9013213,04774
9013214,04775
9013215,04776
9013219,13947
9013221,22424
9013223,12814
9013224,12813
9013225,12818
9013226,12817
9013227,12811
9013229,12812
9013230,12816
9013231,12819
9013233,14918
9013235,12991
9013236,15419
9013237,15423
9013238,15421
9013242,09314
9013244,20997
9013245,20998
9013246,20999
9013247,22553
9013250,25990
9013254,05993
9013255,05992
9013258,03744
9013259,03743
9013260,16940
9013261,15995
9013262,21919
9013264,15992
9013274,21366
9013275,21365
9013277,16489
9013278,16487
9013279,16486
9013280,16485
9013281,16484
9013282,16488
9013283,16483
9013284,16482
9013285,16481
9013286,16480
9013287,16479
9013288,16478
9013289,16477
9013290,16476
9013291,16475
9013293,16474
9013294,16473
9013295,16463
9013296,16464
9013297,16465
9013298,16466
9013299,16467
9013300,16468
9013301,16469
9013302,16470
9013303,16471
9013304,16472
9013315,20992
9013318,20995
9013322,20990
9013324,23993
9013325,23995
9013327,22096
9013328,22099
9013329,22098
9013330,22097
9013331,17464
9013332,17465
9013355,01294
9013356,17404
9013357,17405
9013358,17406
9013359,17407
9013360,17408
9013361,17409
9013363,16462
9013379,14490
9013453,16453
9013460,22604
9013461,22667
9013466,20986
9013468,20988
9013469,20989
9013475,23434
9013477,25760
9013481,03594
9013482,04780
9013484,20985
9013485,20984
9013486,20983
9013488,20981
9013489,20980
9013490,20979
9013491,09903
9013492,04741
9013498,23949
9013499,23948
9013500,23947
9013501,23946
9013503,23944
9013504,23941
9013505,23942
9013506,23943
9013516,11936
9013517,11935
9013518,11934
9013519,11937
9013520,11933
9013532,22025
9013586,18992
9013625,11931
9013631,03709
9013632,03595
9013645,20972
9013660,20970
9013661,20969
9013662,20968
9013663,20967
9013664,20966
9013665,20935
9013666,20885
9013667,20971
9013668,20973
9013669,20974
9013670,20975
9013671,20976
9013672,20977
9013673,20978
9013674,20498
9013675,20499
9013677,17461
9013678,17458
9013684,17459
9013690,17460
9013694,17462
9013695,17463
9013708,13952
9013710,17457
9013712,20699
9013714,13331
9013748,23439
9013753,23437
9013754,17932
9013758,19893
9013763,10335
9013772,23958
9013777,19988
9013779,19987
9013781,19986
9013782,19985
9013785,19984
9013787,19990
9013818,20496
9013827,21368
9013828,03737
9013831,18964
9013832,18963
9013833,18962
9013834,18961
9013835,18960
9013836,18959
9013837,18970
9013838,18969
9013839,18968
9013840,18967
9013842,18989
9013843,18988
9013844,18987
9013845,18985
9013846,18984
9013847,18982
9013851,18981
9013852,18980
9013853,18979
9013854,18978
9013859,18974
9013860,18973
9013861,18972
9013862,18857
9013864,18975
9013865,18983
9013869,08815
9013870,08787
9013871,08715
9013873,14618
9013874,14617
9013881,23950
9013882,12820
9013883,12821
9013890,21369
9013894,20495
9013895,18976
9013899,22654
9013909,23863
9013910,17801
9013911,17704
9013913,13335
9013926,18977
9013927,13802
9013930,20494
9013931,17315
9013934,19561
9013935,15157
9013949,24494
9013950,24493
9013951,24495
9013952,24492
9013953,24497
9013954,24496
9013969,23960
9013998,17923
9014044,20501
9014045,20515
9014049,22605
9014050,12832
9014051,12831
9014052,12830
9014053,12829
9014054,12828
9014055,12827
9014062,04800
9014065,11939
9014066,11938
9014067,21370
9014071,22347
9014074,04801
9014077,17399
9014080,04826
9014081,04825
9014082,04824
9014083,04823
9014084,04822
9014085,04821
9014086,04820
9014087,04819
9014088,04818
9014089,04817
9014090,04816
9014091,04815
9014092,04814
9014094,04812
9014095,04811
9014097,04809
9014098,04808
9014099,04807
9014101,04302
9014102,04301
9014104,05510
9014105,04802
9014106,05506
9014107,05505
9014108,05500
9014109,17695
9014113,12852
9014114,12851
9014115,12850
9014116,12849
9014117,12848
9014118,12847
9014119,12846
9014120,12845
9014121,12844
9014122,12843
9014123,12842
9014124,12841
9014125,12840
9014126,12839
9014127,12838
9014128,12837
9014129,12836
9014130,12835
9014131,12834
9014132,12833
9014136,04803
9014139,03754
9014140,03753
9014159,19529
9014167,04804
9014192,22785
9014193,22657
9014194,22656
9014195,22655
9014197,09949
9014198,04805
9014199,09948
9014200,09947
9014201,09946
9014202,09945
9014203,09944
9014204,09943
9014205,09942
9014206,09941
9014207,09940
9014208,09939
9014209,09938
9014210,09937
9014211,09936
9014212,09934
9014228,23961
9014230,23962
9014242,23964
9014243,23970
9014244,23969
9014245,23968
9014246,23965
9014247,23963
9014249,17196
9014250,17197
9014252,16212
9014255,22512
9014256,22521
9014257,22504
9014258,22506
9014259,22519
9014260,20526
9014261,22526
9014268,23454
9014282,23972
9014283,23971
9014291,17650
9014293,04828
9014294,04827
9014298,14619
9014299,14894
9014300,14620
9014306,12853
9014308,09950
9014312,25372
9014313,25371
9014319,19219
9014321,02524
9014322,17651
9014323,02523
9014324,02522
9014325,02521
9014326,02520
9014327,02519
9014332,12481
9014344,14929
9014347,04830
9014348,04829
9014349,04834
9014350,04833
9014351,04832
9014352,04831
9014361,14982
9014362,04835
9014364,08827
9014365,08839
9014366,08837
9014367,08833
9014368,08831
9014369,08826
9014370,08824
9014371,04839
9014372,04840
9014375,04842
9014376,04837
9014378,08825
9014379,08822
9014380,08821
9014383,04843
9014385,04844
9014397,04836
9014405,03520
9014406,03511
9014407,04845
9014411,17243
9014417,08848
9014418,08840
9014419,08842
9014420,08845
9014421,08843
9014422,08844
9014423,08847
9014424,08846
9014427,23967
9014457,12469
9014458,12470
9014464,23538
9014465,23530
9014486,13545
9014520,02199
9014521,02223
9014522,19814
9014523,19813
9014524,14628
9014525,14627
9014526,14626
9014527,14625
9014528,14624
9014529,14623
9014530,14607
9014531,14606
9014532,14605
9014533,14604
9014534,14603
9014535,14602
9014536,14601
9014545,21374
9014551,17604
9014552,17603
9014553,17602
9014554,17601
9014557,17504
9014558,17246
9014561,13339
9014562,05755
9014563,13820
9014663,19894
9014694,19895
9014725,19896
9014818,19899
9014849,19911
9015382,12315
9024,22148
9027,22149
9029003,12341
9029011,13200
9030014,13156
9030015,12338
9030016,12339
9030017,12337
9030018,12336
9030051,14260
9030052,14259
9030056,12322
9030057,12335
9030062,14272
9030064,14105
9030065,14118
9030066,14237
9030067,13212
9030087,13260
9030090,13242
9030091,13241
9030432,15254
9030434,17190
9030437,17213
9030438,17211
9030448,16224
9030450,17202
9030451,17201
9030455,17186
9030456,17189
9030458,19305
9030460,15167
9030481,17177
9030499,17314
9030516,17306
9030522,17305
9030613,16268
9030662,15190
9030665,15364
9030666,15363
9030672,15241
9030676,15249
9030679,15237
9030690,15114
9030691,17365
9030692,17369
9030700,17368
9030866,19273
9030868,19329
9030869,19330
9030877,20206
9030887,19332
9030889,19333
9030890,19334
9030893,19236
9030894,19184
9030896,19337
9031048,19346
9031049,19310
9031051,19347
9031059,19242
9031060,19243
9031061,19418
9031062,19350
9031063,19709
9031064,19352
9031068,19354
9031143,18203
9031147,18204
9031148,18213
9031155,18688
9031178,18205
9031179,18212
9031252,22140
9031255,22157
9031334,23414
9031351,24388
9031395,23698
9031397,23365
9031398,23470
9031403,23374
9031406,23379
9031548,11111
9031550,11109
9031552,11107
9031556,09243
9031557,09242
9031612,07397
9031751,11308
9031755,11302
9031756,11303
9031757,11293
9031758,11294
9031759,11298
9031760,11299
9031765,10129
9031766,10130
9031789,09155
9031791,10144
9031792,10140
9031793,10139
9031797,10135
9031808,10215
9031809,10214
9031830,09150
9031904,10241
9032090,05128
9032097,05214
9032098,05218
9032099,05204
9032117,08310
9032122,08313
9032123,08303
9032135,14153
9032137,14151
9032139,03244
9032142,03239
9032143,03242
9032144,03247
9032147,03234
9032153,04170
9032232,02261
9032253,03183
9032289,04290
9032408,06159
9032416,06357
9032510,13270
9032511,13282
9032596,03187
9032600,03193
9032602,04120
9032605,06253
9032622,10124
9032623,10126
9032629,12318
9032630,12311
9032631,13007
9032636,14275
9032640,16128
9032641,16129
9032645,17290
9032659,20197
9032692,23449
9032723,24212
9032728,14238
9032729,14239
9032745,17193
9032746,17192
9032769,05152
9032770,05151
9032777,19328
9032780,23720
9032783,23375
9032784,23378
9032794,13731
9032803,23481
9032823,18148
9032829,03305
9032830,03304
9032838,11341
9032869,10735
9032889,12393
9032890,12394
9032928,18740
9032930,21236
9032947,17194
9032965,10280
9032966,10281
9032971,05135
9032975,08324
9032999,19357
9033019,23477
9033020,23508
9033021,23492
9033022,23476
9033024,23475
9033025,23493
9033057,19361
9033073,06349
9033082,17831
9033085,17834
9033098,07395
9033124,15266
9033125,15181
9033158,19364
9033159,19365
9033161,19367
9033186,19386
9033206,06358
9033207,06359
9033270,11390
9033310,11312
9033319,15224
9033321,15282
9033324,15326
9033326,16187
9033340,21237
9033343,21240
9033344,21239
9033345,21242
9033346,21241
9033348,21244
9033349,21243
9033353,21270
9033354,21274
9033355,21277
9033356,21289
9033371,15367
9033372,16256
9033385,16393
9033400,23377
9033419,10226
9033421,10740
9033423,10284
9033425,10160
9033428,11309
9033431,12406
9033441,16136
9033450,22303
9033470,03209
9033479,08232
9033481,10285
9033490,11200
9033492,11192
9033505,13256
9033526,10330
9033549,22301
9033550,22302
9033554,23367
9033555,23338
9033577,14233
9033591,23264
9033634,23749
9033642,15357
9033643,15208
9033668,09739
9033676,14273
9033681,23123
9033693,13749
9033702,13112
9033707,21282
9033709,21280
9033711,21276
9033712,21275
9033723,11247
9033724,19393
9033744,21285
9033752,11243
9033753,21283
9033761,18108
9033781,10227
9033785,22120
9033817,01167
9033822,12368
9033823,12419
9033830,05687
9033897,11343
9033942,19312
9033967,04282
9033976,15216
9033988,35331
9033992,19403
9033993,19231
9033997,17855
9034007,17293
9034008,07314
9034021,18226
9034043,21298
9034054,02246
9034060,10276
9034061,10277
9034062,14274
9034082,23242
9034084,12320
9034089,12409
9034137,11801
9034139,11803
9034178,08322
9034196,17144
9034200,20165
9034206,05117
9034213,05260
9034217,01212
9034222,03163
9034223,03165
9034237,11372
9034243,03324
9034248,10298
9034252,16266
9034253,16273
9034254,16274
9034262,23450
9034272,15359
9034298,17001
9034299,17002
9034301,17004
9034302,17005
9034303,17006
9034304,17007
9034305,17008
9034306,17010
9034307,17009
9034309,17012
9034315,19003
9034319,06006
9034320,19405
9034335,14289
9034336,14288
9034337,14287
9034338,14286
9034340,06017
9034349,06004
9034353,04266
9034354,04264
9034355,14283
9034356,14284
9034367,14109
9034368,14110
9034376,18009
9034401,14292
9034403,02242
9034407,01256
9034416,15322
9034417,15321
9034418,02004
9034422,20220
9034423,20221
9034424,20222
9034486,14108
9034505,22126
9034507,23465
9034515,24178
9034516,14291
9034517,14290
9034523,23317
9034534,14205
9034542,17003
9034543,19004
9034544,06020
9034553,21130
9034566,16004
9034580,19821
9034586,01272
9034590,11284
9034627,23468
9034628,10305
9034639,13264
9034640,13263
9034649,23108
9034650,23149
9034653,23244
9034654,23258
9034655,23307
9034656,23424
9034691,06140
9034692,11239
9034696,23433
9034698,11474
9034699,11475
9034715,05007
9034716,06007
9034721,10311
9034733,21290
9034734,19407
9034741,21284
9034748,10304
9034758,05690
9034782,02104
9034806,07410
9034810,07197
9034812,02110
9034813,20168
9034818,09115
9034819,11446
9034821,10306
9034822,10228
9034834,01250
9034842,02117
9034843,02121
9034851,12381
9034877,20198
9034880,21257
9034890,16309
9034891,15369
9034904,18201
9034905,18143
9034921,24420
9034924,01262
9034940,10248
9034941,13137
9034942,14121
9034947,03012
9034948,03011
9034949,03010
9034950,03009
9034951,03008
9034952,03007
9034953,03006
9034954,03005
9034956,03003
9034957,03002
9034958,03001
9034959,14010
9034960,14009
9034961,14008
9034962,14007
9034963,14006
9034964,14005
9034965,14004
9034966,14003
9034968,14001
9034979,14254
9034980,14255
9034984,09227
9034986,12223
9035005,18206
9035006,18211
9035007,18207
9035008,18210
9035009,18208
9035011,18214
9035013,23182
9035019,03110
9035020,03139
9035023,14271
9035029,03328
9035074,09276
9035075,09275
9035076,09273
9035084,21267
9035085,21268
9035086,21265
9035087,21266
9035090,15373
9035093,01278
9035095,08230
9035138,02173
9035154,23184
9035176,17300
9035177,17251
9035178,17299
9035179,17253
9035183,06315
9035280,11476
9035283,03226
9035285,09277
9035287,10204
9035289,12388
9035290,23215
9035301,06322
9035308,03332
9035323,03214
9035324,19309
9035327,02260
9035329,04275
9035330,04276
9035334,04279
9035337,23125
9035344,23473
9035345,10315
9035347,22368
9035401,14296
9035403,24438
9035430,23504
9035433,23505
9035434,23354
9035442,02255
9035452,19318
9035453,19319
9035539,13268
9035541,15399
9035545,15405
9035586,13330
9035603,17195
9035752,11283
9035771,02256
9035773,17629
9035798,23413
9035805,22273
9035840,15172
9035842,19307
9035852,02259
9035853,02258
9035854,09298
9035861,06417
9035898,09293
9035900,12252
9035906,12222
9035917,15408
9035935,03285
9035942,22199
9035953,09215
9035954,09216
9035957,19112
9035958,22005
9035960,21140
9035971,13266
9035972,22376
9035975,22135
9035976,22310
9035977,22311
9035985,22197
9035990,15152
9035991,02198
9035998,08119
9035999,04253
9036003,14235
9036005,03325
9036038,19402
9036041,23373
9036042,23376
9036043,12119
9036053,03004
9036054,04163
9036055,04270
9036056,10134
9036057,15140
9036059,17366
9036064,15227
9036065,09232
9036089,23301
9036093,09270
9036097,19223
9036100,19351
9036101,19628
9036125,24006
9036126,24005
9036127,24003
9036128,24008
9036129,24007
9036130,24004
9036131,24009
9036132,24010
9036133,24014
9036135,24012
9036136,24016
9036140,24002
9036148,23300
9036157,11238
9036164,09295
9036186,09302
9036187,12367
9036196,17203
9036200,15248
9036226,12427
9036240,02172
9036263,14172
9036264,10325
9036265,09274
9036267,25313
9036300,17102
9036302,16423
9036303,16422
9036304,12439
9036309,16424
9036310,16425
9036319,01287
9036320,01286
9036343,04143
9036366,24468
9036369,06141
9036370,24462
9036371,24463
9036389,12013
9036390,12014
9036527,23509
9036528,23511
9036547,23514
9036548,23523
9036550,23515
9036551,23519
9036552,23518
9036553,23517
9036554,23516
9036565,14295
9036581,24466
9036582,24467
9036584,19847
9036586,12154
9036588,01249
9036591,21281
9036617,23527
9036618,23526
9036622,09203
9036625,05213
9036626,12246
9036637,01126
9036638,14307
9036639,17297
9036640,17296
9036643,16104
9036646,25318
9036647,25319
9036648,25321
9036649,25320
9036650,25323
9036656,25326
9036657,25327
9036670,16435
9036671,16434
9036727,19015
9036728,20012
9036729,20011
9036730,20009
9036732,20013
9036770,22393
9036774,22385
9036786,14313
9036787,24476
9036791,14312
9036792,14311
9036793,14310
9036794,14309
9036795,14308
9036835,14317
9036837,02007
9036839,02005
9036844,25337
9036847,25334
9036848,25335
9036852,15718
9036874,22132
9036883,22396
9036884,22397
9036904,14332
9036924,11503
9036930,20020
9036931,20019
9036932,20018
9036933,20017
9036934,20016
9036936,22033
9036937,22031
9036938,22029
9036939,22027
9036941,19846
9036942,19848
9036943,24479
9036944,24480
9036959,11505
9036967,13019
9036969,13023
9036972,14062
9036973,14061
9036974,14015
9036978,09304
9036982,16851
9036983,17304
9036984,17309
9036986,17307
9036990,19827
9036993,25329
9037,08163
9037167,25339
9037169,25340
9037173,21851
9037174,21346
9037175,21347
9037176,21345
9037177,21348
9037178,21344
9037179,21349
9037180,21343
9037181,21342
9037626,23641
9038,02169
9040,22138
9044,08164
9046438,06422
9049,03286
9052,22207
9055,22142
9056,22208
9061,08165
9065,22146
9066,08261
9068,22147
9073,08166
9088,08118
9093,04170
9100,01037
9100068,05118
9100069,05139
9100099,05148
9100100,05175
9100134,23111
9100135,23112
9100146,23286
9100172,23189
9100211,13145
9100275,03147
9100277,03143
9100278,03144
9100288,14331
9100304,03140
9100409,01226
9100411,01220
9100412,01219
9100432,01136
9100433,01135
9100853,23196
9100854,23201
9100855,23251
9100987,05154
9100988,05153
9101072,12308
9101073,12307
9101089,12125
9101091,12127
9101092,12128
9101093,12304
9101124,02131
9101522,20124
9101526,20123
9101566,19253
9101569,19225
9101572,19279
9101897,14158
9101899,14161
9101900,14162
9101901,14163
9101903,14115
9101904,14116
9101905,14166
9101906,14165
9101942,14241
9101969,14188
9101983,14179
9101987,14175
9101996,03142
9102025,08102
9102032,08280
9102048,11339
9102158,22101
9102166,03111
9102176,09307
9102253,14256
9102376,04150
9102377,04149
9102378,04152
9102379,04151
9102383,04157
9102431,05131
9102432,05134
9102552,22112
9102558,23319
9102595,24169
9102596,24168
9102633,23404
9102635,23407
9102636,23406
9102641,23382
9102642,23383
9102649,23395
9102650,23360
9102653,23226
9102654,23230
9102655,23229
9102656,23227
9102657,23228
9102668,22288
9102669,22287
9102715,23412
9102716,22336
9102718,22335
9102719,22333
9102721,22332
9102722,22331
9102725,22327
9102726,22328
9102792,23187
9102794,23186
9102847,23362
9102848,23361
9102928,12160
9102929,12161
9102941,12310
9102995,12206
9102996,12181
9103051,04146
9103073,12251
9103077,01152
9103078,01153
9103177,14117
9103178,14193
9103182,14171
9103192,14104
9103201,14218
9103357,17112
9103387,17220
9103388,17219
9103389,17215
9103390,17218
9103438,20166
9103556,21132
9103557,21137
9103560,20167
9103617,16251
9103618,16252
9103619,16253
9103640,16269
9103652,16285
9103653,16286
9103654,16287
9103655,16288
9103984,16206
9104,08169
9104140,20158
9104155,16183
9104256,15303
9104257,15251
9104272,15211
9104273,15212
9104274,15213
9104275,15214
9104276,15215
9104278,15217
9104279,15218
9104295,20108
9104324,05116
9104372,17185
9104373,17184
9104375,17187
9104377,17183
9104378,17182
9104384,17171
9104385,17170
9104613,14167
9104614,14164
9104617,14190
9104619,14192
9104637,16270
9104841,16131
9104842,16130
9104882,16257
9104903,18134
9104914,15236
9104916,15256
9104918,15257
9104922,15258
9105175,16170
9105178,16167
9105337,22171
9105338,22133
9105341,23423
9105342,23428
9105347,23240
9105348,23236
9105350,23245
9105351,23199
9105368,23411
9105370,23408
9105622,09186
9105810,17176
9106075,12139
9106076,12138
9106125,15171
9106143,01279
9106144,01148
9106145,01154
9106146,01149
9106147,01246
9106398,14107
9106403,11326
9106469,12007
9106777,07436
9106967,09312
9107002,15416
9107076,05258
9107105,01506
9107107,01503
9107108,01502
9107109,01887
9107113,01505
9107116,01500
9107213,16500
9107244,16555
9107266,16544
9107292,01570
9107293,16538
9107454,16561
9107485,16734
9107511,16637
9107520,16597
9107522,16593
9107527,17700
9107600,03502
9107602,03500
9107603,02518
9107689,16971
9107828,17615
9107847,17588
9107921,17577
9107992,05504
9107994,05503
9108094,04504
9108152,17474
9108154,17476
9108161,17479
9108233,17478
9108324,17960
9108352,17955
9108353,06591
9108436,17909
9108470,06502
9108475,06501
9108524,11328
9108568,19501
9108569,19502
9108570,19503
9108575,19504
9108583,11266
9108795,11512
9108797,11513
9108798,11514
9108836,09893
9108852,09873
9108883,18808
9108960,12256
9108961,12257
9108971,10502
9108975,10504
9109030,13240
9109070,18572
9109171,09503
9109172,09502
9109203,18508
9109213,18504
9109233,14293
9109277,19862
9109317,11577
9109320,11576
9109549,20513
9109555,20511
9109557,20510
9109558,20509
9109566,20507
9109569,17172
9109578,20505
9109585,20503
9109595,20500
9109621,18856
9109689,13510
9109694,13509
9109704,13508
9109710,13506
9109722,13503
9109724,20866
9109747,15174
9109767,15209
9109775,17146
9109793,20508
9109826,17240
9109841,17147
9109865,17212
9109913,17204
9109926,17206
9109927,17175
9109929,17205
9109934,12503
9109947,12554
9109960,17188
9109961,17191
9110,22143
9110175,13665
9110193,13656
9110200,13598
9110202,13592
9110211,13583
9110224,13571
9110242,21505
9110256,13547
9110260,21502
9110293,20951
9110331,08449
9110340,20207
9110362,21663
9110407,13891
9110441,21785
9110507,14491
9110516,14497
9110518,14498
9110520,14499
9110585,23426
9110586,23425
9110591,14557
9110609,21915
9110671,22345
9110679,22267
9110689,22380
9110761,14765
9110848,24180
9110849,24181
9111056,22567
9111074,14987
9111097,22897
9111472,01501
9111475,01791
9111504,01881
9111525,03501
9111584,04510
9111614,04502
9111623,04505
9111721,06500
9111787,08459
9111818,08456
9111823,08455
9111829,08454
9111835,08457
9111867,09501
9111919,08452
9111958,10505
9111971,10503
9111975,08451
9112079,11879
9112127,12502
9112174,13507
9112206,13589
9112264,14608
9112275,14989
9112295,14558
9112296,14591
9112301,14979
9112352,15501
9112438,16975
9112498,17986
9112499,17987
9112619,14992
9112644,20502
9112666,20940
9112675,14991
9112691,21870
9112769,22990
9112782,22937
9112828,22448
9112829,22461
9112849,23532
9112904,23533
9112961,23537
9113083,13500
9113088,04753
9113103,15596
9113108,14495
9113109,14496
9113152,09920
9113168,13031
9113184,13032
9113185,13035
9113186,13034
9113188,13033
9113191,13028
9113192,13029
9113193,13040
9113194,17961
9113233,14918
9113236,15419
9113237,15423
9113238,15421
9113265,13030
9113325,23995
9113361,17409
9113516,11936
9113517,11935
9113518,11934
9113519,11937
9113520,11933
9113787,19990
9113828,03737
9113872,19300
9113909,23863
9113999,23463
9114000,23464
9114001,23480
9114002,23482
9114003,23448
9114004,23447
9114005,23446
9114006,23471
9114101,04302
9114268,23454
9114397,04836
9114405,03520
9114406,03511
9114413,03346
9114424,08846
9114464,23538
9114465,23530
9114554,17601
9115,22144
9121,09286
9130,22288
9130067,13212
9130434,17190
9130455,17186
9130456,17189
9130481,17177
9130691,17365
9130692,17369
9131255,22157
9132510,13270
9132645,17290
9132692,23449
9132769,05152
9132947,17194
9133326,16187
9133372,16256
9133490,11200
9133549,22301
9133550,22302
9133676,14273
9133817,01167
9133976,15216
9133977,22326
9133978,22325
9134196,17144
9134213,05260
9134302,17005
9134303,17006
9134355,14283
9134401,14292
9134416,15322
9134417,15321
9134523,23317
9134542,17003
9134543,19004
9134653,23244
9134654,23258
9134655,23307
9134656,23424
9134715,05007
9134782,02104
9134851,12381
9134878,20199
9134891,15369
9135,22145
9135019,03110
9135093,01278
9135344,23473
9135401,14296
9135403,24438
9135541,15399
9135603,17195
9135752,11283
9135840,15172
9135842,19307
9135942,22199
9135985,22197
9136196,17203
9136226,12427
9136263,14172
9136300,17102
9136304,12439
9136343,04143
9136527,23509
9136528,23511
9136639,17297
9136640,17296
9136670,16435
9136671,16434
9136728,20012
9136729,20011
9136730,20009
9136731,20014
9136732,20013
9136733,20008
9136734,20007
9136735,20010
9136904,14332
9136973,14061
9136974,14015
9136975,14013
9137173,21851
9138,22160
9144,22287
9153,01253
9155,22159
9165,09108
9167,09105
9168,08265
9170,08250
9173,22175
9174,08266
9182,22176
9187,02178
9192,08256
9198,10200
9201,10201
9201060,01113
9203,02188
9204,08120
9204375,17187
9204526,01223
9207109,01887
9207511,16637
9208298,17985
9208300,17984
9208305,17982
9208436,17909
9209030,13240
9209585,20503
9210331,08449
9211840,08453
9211958,10505
9212,01231
9212301,14979
9212490,17473
9213108,14495
9213195,17975
9213197,17848
9213236,15419
9213238,15421
9222,02180
9224,09222
9226,22108
9229,08305
9230455,17186
9231,08306
9232745,17193
9232746,17192
9235,09125
9235093,01278
9235840,15172
9235925,17298
9236637,01126
9237,09124
9238,08178
9239,08177
9252,09219
9253,01254
9259,10203
9264,19123
9265,18143
9270,18142
9274,20002
9275,19124
9279,19010
9286,19258
9292,19247
9300,19241
9304375,17187
9305,19101
9309960,17188
9309961,17191
9310,19249
9311,12220
9312,19106
9325,19239
9326,19297
9330,12216
9330434,17190
9330456,17189
9332,12213
9335,12215
9335093,01278
9339,12214
9345,19103
9348,19240
9350,13236
9352,12330
9353,19102
9358,21224
9360,12170
9369,13182
9371,13185
9374,12169
9380,13186
9382,12176
9393,13188
9406,12130
9410,21218
9411,21111
9413,21115
9416,12208
9422,12179
9425,12162
9426,19228
9430,19230
9432,12157
9435,12274
9435093,01278
9444,21216
9445,12224
9446,12205
9447,13189
9449,21226
9459,21227
9461,19229
9465,13190
9466,21207
9474,12243
9476,21110
9477,12163
9482,13233
9484,21215
9485,19161
9488,12156
9489,12260
9498,21208
9501069,12135
9501090,12126
9502976,12148
9505343,23427
9506074,12152
9506077,12153
9506660,14344
9507031,14359
9507032,14358
9507033,14357
9507034,14356
9507036,14355
9507038,14354
9513764,15232
9514077,17399
9514078,17397
9514135,23394
9514137,23393
9514249,17196
9514250,17197
9514254,24017
9514267,23528
9514285,14100
9519,13192
9523,12259
9530,18136
9531,21116
9532,12244
9533,19281
9535,19257
9536,18137
9542,20144
9543,21172
9549,21173
9553,19256
9554,12245
9555,12258
9558,21109
9559,20143
9562,12202
9567,12185
9568,13231
9578,19137
9584,13220
9595,19255
9597,13221
96,22021
9600098,05145
9600229,02149
9600276,03145
9600380,01118
9600415,01115
9600855,23251
9601069,12135
9601090,12126
9601123,02132
9601339,01214
9602664,23323
9602972,12145
9603607,19216
9603610,19215
9603690,16003
9603692,16001
9604267,15203
9604839,16133
9604907,15204
9604915,15194
9605754,02144
9606336,22012
9606337,22011
9606338,22009
9606416,15183
9606426,02003
9606466,12004
9606470,12008
9606476,13005
9606593,12016
9606594,12015
9606595,12018
9606596,12017
9606597,12020
9606598,12019
9606601,12024
9606602,12023
9606603,12026
9606604,12025
9606605,12028
9606606,12027
9606612,12021
9609569,17172
9609766,15199
9609845,17149
9612,20107
9613166,13037
9613167,13036
9613169,13039
9613182,02281
9613184,13032
9613185,13035
9613186,13034
9613187,13038
9613188,13033
9613189,13026
9613190,13027
9613191,13028
9613192,13029
9613193,13040
9613265,13030
9613395,02694
9613999,23463
9614,19155
9614000,23464
9614001,23480
9614002,23482
9614003,23448
9614004,23447
9614005,23446
9614006,23471
9614248,02286
9614286,13042
9614287,14067
9614288,14068
9614289,13044
9614290,13046
9614408,21373
9614413,03346
9614490,05192
9616,12186
9617,21174
9618,13229
9619,13228
9623,21229
9625,21171
9629,13218
9630439,15200
9633,13219
9633783,22172
9634316,19002
9634317,19001
9634580,19821
9635,21230
9635028,03327
9635982,17011
9636134,24011
9636137,24015
9636138,24013
9636235,24001
9636384,12011
9636385,12012
9636387,12009
9636388,12010
9636389,12013
9636390,12014
9636747,22024
9636749,22021
9636750,22017
9636751,22018
9636752,22022
9636753,22023
9636754,22019
9636755,22020
9636885,03340
9636886,03341
9636962,13025
9636963,13324
9636964,14012
9636965,14014
9636966,14016
9636968,13021
9636970,14064
9636971,14063
9636975,14013
9636976,14011
9643,20145
9646,20146
9650,13197
9656,19154
9661,13226
9667,20188
9668,21175
9670,21151
9671,19153
9672,13227
9673,21170
9675,13205
9679,21150
9681,21263
9683,13203
9684,20186
9685,21231
9687,21117
9692,20187
9695,21108
97,22023
9702,12365
9704,21152
9707,13224
9713,13225
9718,21176
9730,21169
9742,21232
9747,13206
9751,20147
9755,19160
9759,13222
9760,13113
9761,19159
9763,13112
9767,19139
9773,20148
9776,21168
9779,13151
9782,21177
9785,21233
9790,14203
9791,19149
9794,13207
9797,21154
9808,13214
9811,13213
9821,13259
9830,13208
9831,14204
9833,13160
9838,13152
9841,13201
9849,21203
9855,19141
9856,21190
9857,21118
9859,13157
9861,13158
9865,20150
9867,13162
9871,21155
9872,20149
9887,21146
9892,21202
9899,21191
99,20782
9902,20151
9908,13163
9915,20198
9924,20192
9926,20190
9927,20193
9929,20191
9931,21189
9934,21181
9947,20153
9950,20114
9956,21201
9960,21192
9966,13211
9967,21188
9970,21182
9972,13164
9974,13165
9979,13118
9997,20154
9998,21183
9999,21187
