ldong_code,univ_code,time
1111010100,C003,34
1111010100,B001,45
1111010100,C004,67
1111010100,C002,45
1111010100,C005,30
1111010100,C001,74
1111010100,C007,52
1111010100,C006,73
1111010100,E001,60
1111010100,C009,66
1111010100,C008,76
1111010100,P001,76
1111010100,M001,70
1111010100,U002,60
1111010100,P002,57
1111010100,U001,57
1111010100,U003,35
1111010100,U005,42
1111010100,U004,74
1111010100,U006,64
1111010100,U007,62
1111010100,U009,37
1111010100,U011,78
1111010100,U010,74
1111010100,U012,50
1111010100,U008,73
1111010100,U013,63
1111010100,U015,88
1111010100,U014,51
1111010100,U017,77
1111010100,U018,52
1111010100,U019,80
1111010100,U020,58
1111010100,U016,25
1111010100,U021,94
1111010100,U022,46
1111010100,U023,70
1111010100,U024,85
1111010100,U025,80
1111010100,U026,79
1111010100,U027,57
1111010100,U028,61
1111010100,U029,65
1111010100,U030,65
1111010100,U031,53
1111010100,U033,42
1111010100,U032,70
1111010100,U034,83
1111010100,U035,40
1111010100,U036,72
1111010100,U037,70
1111010100,U038,86
1111010100,U039,51
1111010100,U040,77
1111010100,U041,74
1111010100,U043,75
1111010100,U042,63
1111010100,U044,63
1111010100,U045,57
1111010100,U046,60
1111010100,U047,63
1111010100,V001,55
1111010100,V002,46
1111010200,B001,39
1111010200,C003,33
1111010200,C001,72
1111010200,C002,50
1111010200,C004,65
1111010200,C005,35
1111010200,C006,71
1111010200,C007,48
1111010200,C008,75
1111010200,C009,65
1111010200,E001,58
1111010200,M001,69
1111010200,P001,75
1111010200,P002,55
1111010200,U002,58
1111010200,U001,52
1111010200,U005,40
1111010200,U003,34
1111010200,U007,67
1111010200,U006,63
1111010200,U009,42
1111010200,U004,72
1111010200,U008,71
1111010200,U011,75
1111010200,U010,73
1111010200,U012,49
1111010200,U013,62
1111010200,U016,29
1111010200,U014,56
1111010200,U015,87
1111010200,U017,76
1111010200,U018,56
1111010200,U019,79
1111010200,U020,57
1111010200,U022,41
1111010200,U021,92
1111010200,U023,69
1111010200,U024,83
1111010200,U027,50
1111010200,U025,79
1111010200,U026,77
1111010200,U029,70
1111010200,U028,56
1111010200,U030,63
1111010200,U031,51
1111010200,U032,69
1111010200,U033,41
1111010200,U034,81
1111010200,U035,39
1111010200,U036,71
1111010200,U038,84
1111010200,U039,50
1111010200,U037,68
1111010200,U040,72
1111010200,U041,72
1111010200,U043,74
1111010200,U042,61
1111010200,U044,58
1111010200,U045,72
1111010200,U046,59
1111010200,V001,53
1111010200,U047,62
1111010200,V002,48
1111010300,B001,35
1111010300,C003,36
1111010300,C002,50
1111010300,C005,35
1111010300,C001,84
1111010300,C004,70
1111010300,C006,74
1111010300,C007,42
1111010300,C009,60
1111010300,C008,76
1111010300,E001,58
1111010300,M001,69
1111010300,P001,78
1111010300,P002,58
1111010300,U001,47
1111010300,U002,58
1111010300,U003,36
1111010300,U004,67
1111010300,U005,43
1111010300,U006,65
1111010300,U007,62
1111010300,U009,42
1111010300,U008,74
1111010300,U011,71
1111010300,U010,75
1111010300,U012,51
1111010300,U013,62
1111010300,U014,57
1111010300,U016,30
1111010300,U015,90
1111010300,U017,79
1111010300,U018,57
1111010300,U020,54
1111010300,U019,82
1111010300,U022,37
1111010300,U021,95
1111010300,U023,73
1111010300,U027,45
1111010300,U024,86
1111010300,U025,82
1111010300,U026,80
1111010300,U028,51
1111010300,U030,65
1111010300,U029,62
1111010300,U031,54
1111010300,U032,72
1111010300,U033,43
1111010300,U034,76
1111010300,U035,41
1111010300,U036,72
1111010300,U037,71
1111010300,U038,67
1111010300,U039,52
1111010300,U040,72
1111010300,U042,64
1111010300,U041,71
1111010300,U043,75
1111010300,U044,53
1111010300,U045,67
1111010300,U047,65
1111010300,U046,53
1111010300,V001,53
1111010300,V002,42
1111010400,B001,36
1111010400,C003,34
1111010400,C005,35
1111010400,C002,50
1111010400,C004,71
1111010400,C001,74
1111010400,C006,73
1111010400,C007,43
1111010400,E001,62
1111010400,C008,76
1111010400,C009,63
1111010400,M001,72
1111010400,P001,80
1111010400,P002,57
1111010400,U001,48
1111010400,U002,62
1111010400,U004,71
1111010400,U005,45
1111010400,U006,64
1111010400,U007,67
1111010400,U003,35
1111010400,U009,42
1111010400,U008,73
1111010400,U010,78
1111010400,U012,52
1111010400,U011,75
1111010400,U016,29
1111010400,U013,66
1111010400,U014,56
1111010400,U017,77
1111010400,U015,88
1111010400,U018,56
1111010400,U019,80
1111010400,U022,37
1111010400,U020,58
1111010400,U021,90
1111010400,U023,73
1111010400,U024,85
1111010400,U025,80
1111010400,U026,79
1111010400,U027,45
1111010400,U028,52
1111010400,U029,62
1111010400,U031,53
1111010400,U030,65
1111010400,U032,71
1111010400,U033,46
1111010400,U034,80
1111010400,U035,44
1111010400,U036,72
1111010400,U037,70
1111010400,U038,86
1111010400,U039,55
1111010400,U040,72
1111010400,U041,76
1111010400,U042,63
1111010400,U043,75
1111010400,U044,54
1111010400,U045,67
1111010400,U046,57
1111010400,U047,57
1111010400,V001,57
1111010500,C003,15
1111010400,V002,43
1111010500,B001,37
1111010500,C001,76
1111010500,C002,48
1111010500,C005,33
1111010500,C004,64
1111010500,C007,44
1111010500,C006,69
1111010500,C008,77
1111010500,C009,59
1111010500,E001,58
1111010500,P001,76
1111010500,M001,68
1111010500,P002,54
1111010500,U001,49
1111010500,U002,58
1111010500,U004,66
1111010500,U006,62
1111010500,U007,57
1111010500,U003,34
1111010500,U009,40
1111010500,U005,41
1111010500,U010,74
1111010500,U011,74
1111010500,U008,71
1111010500,U012,49
1111010500,U016,28
1111010500,U013,62
1111010500,U014,54
1111010500,U017,52
1111010500,U015,82
1111010500,U018,55
1111010500,U019,77
1111010500,U020,57
1111010500,U022,38
1111010500,U021,86
1111010500,U023,68
1111010500,U024,78
1111010500,U025,78
1111010500,U027,46
1111010500,U026,76
1111010500,U029,63
1111010500,U028,53
1111010500,U030,62
1111010500,U031,51
1111010500,U032,68
1111010500,U033,41
1111010500,U034,75
1111010500,U035,40
1111010500,U036,68
1111010500,U037,68
1111010500,U039,51
1111010500,U038,66
1111010500,U040,73
1111010500,U041,72
1111010500,U042,60
1111010500,U043,71
1111010500,U044,54
1111010500,U045,68
1111010500,U046,53
1111010500,U047,59
1111010500,V001,53
1111010500,V002,44
1111010600,C003,15
1111010600,B001,39
1111010600,C001,71
1111010600,C005,34
1111010600,C002,49
1111010600,C004,57
1111010600,C006,63
1111010600,C007,44
1111010600,C009,53
1111010600,E001,52
1111010600,C008,67
1111010600,M001,62
1111010600,P001,70
1111010600,P002,49
1111010600,U001,51
1111010600,U002,52
1111010600,U005,36
1111010600,U003,29
1111010600,U004,61
1111010600,U006,55
1111010600,U007,51
1111010600,U009,41
1111010600,U008,64
1111010600,U010,68
1111010600,U012,43
1111010600,U011,67
1111010600,U013,56
1111010600,U016,29
1111010600,U014,50
1111010600,U015,76
1111010600,U017,46
1111010600,U020,58
1111010600,U018,56
1111010600,U019,72
1111010600,U022,40
1111010600,U021,80
1111010600,U023,61
1111010600,U024,72
1111010600,U027,42
1111010600,U025,76
1111010600,U026,74
1111010600,U028,55
1111010600,U030,66
1111010600,U029,56
1111010600,U031,48
1111010600,U032,62
1111010600,U033,36
1111010600,U035,34
1111010600,U034,70
1111010600,U038,61
1111010600,U039,45
1111010600,U037,65
1111010600,U040,68
1111010600,U036,62
1111010600,U043,65
1111010600,U042,53
1111010600,U041,66
1111010600,U044,48
1111010600,U045,67
1111010600,U046,47
1111010600,V001,47
1111010600,U047,51
1111010600,V002,32
1111010700,C003,15
1111010700,B001,36
1111010700,C005,40
1111010700,C002,55
1111010700,C001,67
1111010700,C004,56
1111010700,C006,63
1111010700,C009,52
1111010700,C007,49
1111010700,E001,50
1111010700,C008,65
1111010700,M001,61
1111010700,P002,48
1111010700,P001,70
1111010700,U001,48
1111010700,U002,50
1111010700,U005,37
1111010700,U003,31
1111010700,U004,59
1111010700,U006,53
1111010700,U007,49
1111010700,U009,47
1111010700,U008,62
1111010700,U010,70
1111010700,U012,41
1111010700,U011,66
1111010700,U013,54
1111010700,U016,34
1111010700,U014,52
1111010700,U015,75
1111010700,U017,48
1111010700,U018,63
1111010700,U020,49
1111010700,U019,70
1111010700,U022,38
1111010700,U021,79
1111010700,U024,71
1111010700,U023,59
1111010700,U025,75
1111010700,U026,77
1111010700,U027,41
1111010700,U028,52
1111010700,U029,55
1111010700,U030,55
1111010700,U031,46
1111010700,U032,61
1111010700,U033,38
1111010700,U035,36
1111010700,U036,62
1111010700,U034,68
1111010700,U037,63
1111010700,U039,47
1111010700,U038,59
1111010700,U040,65
1111010700,U041,65
1111010700,U042,52
1111010700,U043,65
1111010700,U044,46
1111010700,V002,30
1111010700,U045,66
1111010700,U046,45
1111010700,V001,46
1111010700,U047,47
1111010800,C003,15
1111010800,B001,42
1111010800,C002,49
1111010800,C001,73
1111010800,C005,34
1111010800,C004,62
1111010800,C006,67
1111010800,C007,46
1111010800,C009,58
1111010800,E001,57
1111010800,C008,71
1111010800,P001,73
1111010800,M001,67
1111010800,P002,52
1111010800,U001,54
1111010800,U002,57
1111010800,U004,65
1111010800,U003,32
1111010800,U006,59
1111010800,U007,56
1111010800,U005,39
1111010800,U009,41
1111010800,U008,68
1111010800,U010,71
1111010800,U011,75
1111010800,U012,48
1111010800,U016,29
1111010800,U013,60
1111010800,U014,53
1111010800,U015,81
1111010800,U017,49
1111010800,U018,56
1111010800,U019,75
1111010800,U020,58
1111010800,U022,43
1111010800,U021,85
1111010800,U023,65
1111010800,U024,77
1111010800,U027,48
1111010800,U025,75
1111010800,U026,74
1111010800,U028,58
1111010800,U030,59
1111010800,U029,61
1111010800,U031,48
1111010800,U033,39
1111010800,U032,65
1111010800,U035,37
1111010800,U034,74
1111010800,U036,67
1111010800,U037,65
1111010800,U038,65
1111010800,U039,48
1111010800,U040,71
1111010800,U041,71
1111010800,U042,58
1111010800,U043,70
1111010800,U044,51
1111010800,U045,71
1111010800,U046,51
1111010800,V001,52
1111010800,U047,54
1111010800,V002,37
1111010900,C003,38
1111010900,B001,56
1111010900,C001,84
1111010900,C002,69
1111010900,C004,95
1111010900,C005,55
1111010900,C006,87
1111010900,C007,63
1111010900,C009,77
1111010900,C008,89
1111010900,E001,75
1111010900,M001,86
1111010900,P001,84
1111010900,U003,43
1111010900,P002,71
1111010900,U002,75
1111010900,U004,84
1111010900,U006,78
1111010900,U007,74
1111010900,U009,66
1111010900,U010,82
1111010900,U005,49
1111010900,U001,68
1111010900,U012,66
1111010900,U013,79
1111010900,U014,64
1111010900,U016,53
1111010900,U008,87
1111010900,U015,99
1111010900,U017,60
1111010900,U011,91
1111010900,U018,82
1111010900,U019,94
1111010900,U020,69
1111010900,U022,57
1111010900,U023,96
1111010900,U021,103
1111010900,U024,95
1111010900,U025,96
1111010900,U027,66
1111010900,U026,92
1111010900,U028,72
1111010900,U029,87
1111010900,U030,89
1111010900,U031,69
1111010900,U033,50
1111010900,U032,83
1111010900,U034,93
1111010900,U035,48
1111010900,U036,85
1111010900,U039,59
1111010900,U037,82
1111010900,U038,101
1111010900,U040,85
1111010900,U041,89
1111010900,U042,77
1111010900,U043,89
1111010900,U044,65
1111010900,U045,87
1111010900,U046,70
1111010900,U047,65
1111010900,V001,70
1111010900,V002,55
1111011000,B001,41
1111011000,C003,15
1111011000,C002,52
1111011000,C005,37
1111011000,C001,71
1111011000,C004,79
1111011000,C006,68
1111011000,C007,48
1111011000,C008,74
1111011000,C009,59
1111011000,E001,58
1111011000,M001,68
1111011000,P001,71
1111011000,P002,55
1111011000,U002,58
1111011000,U001,53
1111011000,U004,66
1111011000,U003,30
1111011000,U006,59
1111011000,U007,57
1111011000,U005,37
1111011000,U009,44
1111011000,U008,68
1111011000,U011,78
1111011000,U010,69
1111011000,U012,49
1111011000,U013,62
1111011000,U016,32
1111011000,U014,51
1111011000,U015,82
1111011000,U017,47
1111011000,U018,59
1111011000,U019,75
1111011000,U020,61
1111011000,U022,42
1111011000,U021,86
1111011000,U023,65
1111011000,U024,78
1111011000,U025,75
1111011000,U027,50
1111011000,U026,73
1111011000,U028,57
1111011000,U029,72
1111011000,U030,60
1111011000,U031,51
1111011000,U033,37
1111011000,U032,68
1111011000,U034,75
1111011000,U035,35
1111011000,U036,68
1111011000,U037,68
1111011000,U039,46
1111011000,U038,66
1111011000,U040,70
1111011000,U041,72
1111011000,U043,71
1111011000,U042,58
1111011000,U044,50
1111011000,U045,72
1111011000,U046,53
1111011000,V001,53
1111011000,U047,52
1111011000,V002,38
1111011100,C003,35
1111011100,B001,49
1111011100,C002,65
1111011100,C001,85
1111011100,C004,70
1111011100,C006,77
1111011100,C007,56
1111011100,C008,80
1111011100,C009,70
1111011100,E001,64
1111011100,M001,74
1111011100,P002,68
1111011100,P001,80
1111011100,U001,61
1111011100,C005,50
1111011100,U002,64
1111011100,U004,77
1111011100,U003,39
1111011100,U005,46
1111011100,U006,68
1111011100,U009,53
1111011100,U007,62
1111011100,U008,77
1111011100,U010,78
1111011100,U011,81
1111011100,U012,54
1111011100,U013,67
1111011100,U014,60
1111011100,U015,92
1111011100,U016,45
1111011100,U017,62
1111011100,U018,72
1111011100,U019,84
1111011100,U020,67
1111011100,U022,50
1111011100,U021,98
1111011100,U024,88
1111011100,U023,74
1111011100,U027,64
1111011100,U025,84
1111011100,U026,82
1111011100,U030,68
1111011100,U028,65
1111011100,U029,68
1111011100,U031,60
1111011100,U032,82
1111011100,U033,46
1111011100,U035,44
1111011100,U036,76
1111011100,U034,87
1111011100,U037,69
1111011100,U038,77
1111011100,U039,55
1111011100,U040,88
1111011100,U041,78
1111011100,U042,67
1111011100,U043,79
1111011100,U044,65
1111011100,U045,79
1111011100,U046,64
1111011100,U047,66
1111011100,V001,59
1111011100,V002,52
1111011200,C003,15
1111011200,B001,39
1111011200,C001,69
1111011200,C002,51
1111011200,C005,36
1111011200,C004,58
1111011200,C006,64
1111011200,C007,47
1111011200,C009,54
1111011200,C008,68
1111011200,E001,53
1111011200,M001,63
1111011200,P001,69
1111011200,P002,50
1111011200,U001,51
1111011200,U002,53
1111011200,U003,27
1111011200,U004,61
1111011200,U006,56
1111011200,U007,52
1111011200,U005,34
1111011200,U009,43
1111011200,U008,65
1111011200,U010,66
1111011200,U012,44
1111011200,U011,68
1111011200,U013,57
1111011200,U014,49
1111011200,U016,30
1111011200,U015,77
1111011200,U017,45
1111011200,U018,57
1111011200,U019,73
1111011200,U020,59
1111011200,U022,40
1111011200,U021,81
1111011200,U023,62
1111011200,U024,73
1111011200,U027,43
1111011200,U025,74
1111011200,U026,72
1111011200,U028,55
1111011200,U029,57
1111011200,U030,67
1111011200,U031,47
1111011200,U033,34
1111011200,U032,63
1111011200,U034,71
1111011200,U035,32
1111011200,U036,63
1111011200,U037,64
1111011200,U038,62
1111011200,U039,43
1111011200,U040,67
1111011200,U041,67
1111011200,U042,54
1111011200,U043,66
1111011200,U044,48
1111011200,U045,68
1111011200,U046,48
1111011200,V001,48
1111011200,U047,49
1111011300,C003,15
1111011200,V002,33
1111011300,B001,36
1111011300,C001,67
1111011300,C005,40
1111011300,C002,55
1111011300,C004,75
1111011300,C006,66
1111011300,C007,43
1111011300,C008,70
1111011300,C009,56
1111011300,E001,55
1111011300,M001,65
1111011300,P001,67
1111011300,P002,54
1111011300,U002,55
1111011300,U001,49
1111011300,U003,25
1111011300,U007,54
1111011300,U004,63
1111011300,U006,58
1111011300,U005,32
1111011300,U008,66
1111011300,U009,47
1111011300,U010,65
1111011300,U012,46
1111011300,U011,71
1111011300,U013,58
1111011300,U014,47
1111011300,U016,35
1111011300,U015,79
1111011300,U017,43
1111011300,U018,63
1111011300,U020,49
1111011300,U019,74
1111011300,U022,38
1111011300,U021,83
1111011300,U023,64
1111011300,U024,75
1111011300,U025,79
1111011300,U026,76
1111011300,U027,46
1111011300,U028,53
1111011300,U029,67
1111011300,U030,69
1111011300,U031,50
1111011300,U032,65
1111011300,U033,33
1111011300,U035,31
1111011300,U036,65
1111011300,U034,72
1111011300,U037,65
1111011300,U038,63
1111011300,U039,42
1111011300,U041,69
1111011300,U040,65
1111011300,U043,68
1111011300,U042,56
1111011300,U044,46
1111011300,U045,68
1111011300,U046,50
1111011300,U047,48
1111011300,V001,50
1111011400,C003,15
1111011300,V002,35
1111011400,B001,34
1111011400,C002,56
1111011400,C001,73
1111011400,C005,41
1111011400,C004,72
1111011400,C006,67
1111011400,C007,41
1111011400,C008,67
1111011400,C009,53
1111011400,E001,52
1111011400,M001,62
1111011400,P002,49
1111011400,P001,71
1111011400,U001,46
1111011400,U002,52
1111011400,U004,61
1111011400,U003,30
1111011400,U006,55
1111011400,U007,51
1111011400,U005,36
1111011400,U009,48
1111011400,U008,64
1111011400,U010,69
1111011400,U012,43
1111011400,U011,69
1111011400,U013,56
1111011400,U014,51
1111011400,U016,36
1111011400,U017,47
1111011400,U015,76
1111011400,U018,60
1111011400,U020,50
1111011400,U019,72
1111011400,U022,35
1111011400,U021,80
1111011400,U023,61
1111011400,U024,72
1111011400,U027,44
1111011400,U025,86
1111011400,U026,78
1111011400,U029,65
1111011400,U028,50
1111011400,U030,66
1111011400,U031,50
1111011400,U032,62
1111011400,U033,37
1111011400,U035,35
1111011400,U036,62
1111011400,U034,70
1111011400,U037,67
1111011400,U038,61
1111011400,U039,46
1111011400,U040,63
1111011400,U041,66
1111011400,U042,53
1111011400,U044,43
1111011400,U043,65
1111011400,U045,65
1111011400,U046,47
1111011400,U047,54
1111011400,V001,47
1111011400,V002,32
1111011500,C003,23
1111011500,B001,38
1111011500,C001,66
1111011500,C002,46
1111011500,C005,34
1111011500,C004,77
1111011500,C006,68
1111011500,C007,45
1111011500,C009,60
1111011500,C008,72
1111011500,E001,58
1111011500,P001,66
1111011500,P002,56
1111011500,M001,69
1111011500,U001,50
1111011500,U002,58
1111011500,U003,25
1111011500,U004,67
1111011500,U006,74
1111011500,U007,60
1111011500,U008,70
1111011500,U009,52
1111011500,U005,31
1111011500,U010,64
1111011500,U011,73
1111011500,U012,49
1111011500,U013,62
1111011500,U016,40
1111011500,U014,46
1111011500,U017,42
1111011500,U015,82
1111011500,U018,65
1111011500,U019,78
1111011500,U020,48
1111011500,U022,40
1111011500,U021,83
1111011500,U023,81
1111011500,U024,79
1111011500,U025,79
1111011500,U026,80
1111011500,U027,48
1111011500,U028,55
1111011500,U029,69
1111011500,U030,60
1111011500,U031,54
1111011500,U032,65
1111011500,U033,32
1111011500,U035,30
1111011500,U034,76
1111011500,U036,68
1111011500,U037,64
1111011500,U038,67
1111011500,U040,67
1111011500,U041,85
1111011500,U043,71
1111011500,U042,60
1111011500,U044,48
1111011500,U045,70
1111011500,U039,41
1111011500,U046,53
1111011500,U047,47
1111011500,V002,38
1111011500,V001,53
1111011600,B001,39
1111011600,C002,59
1111011600,C001,70
1111011600,C003,38
1111011600,C004,64
1111011600,C005,44
1111011600,C006,58
1111011600,C007,40
1111011600,C008,65
1111011600,C009,46
1111011600,E001,54
1111011600,M001,56
1111011600,P001,64
1111011600,P002,46
1111011600,U001,51
1111011600,U002,54
1111011600,U005,30
1111011600,U003,31
1111011600,U004,56
1111011600,U006,53
1111011600,U007,45
1111011600,U009,51
1111011600,U008,62
1111011600,U010,63
1111011600,U012,45
1111011600,U011,64
1111011600,U013,50
1111011600,U014,56
1111011600,U016,38
1111011600,U015,70
1111011600,U017,44
1111011600,U018,57
1111011600,U019,66
1111011600,U020,56
1111011600,U021,79
1111011600,U022,40
1111011600,U023,66
1111011600,U024,66
1111011600,U027,45
1111011600,U025,82
1111011600,U028,48
1111011600,U026,69
1111011600,U029,54
1111011600,U030,49
1111011600,U031,41
1111011600,U033,41
1111011600,U032,65
1111011600,U035,42
1111011600,U036,57
1111011600,U037,57
1111011600,U034,64
1111011600,U038,63
1111011600,U039,44
1111011600,U040,72
1111011600,U041,71
1111011600,U042,52
1111011600,U043,60
1111011600,U044,51
1111011600,U045,61
1111011600,V002,34
1111011600,U047,42
1111011600,V001,50
1111011600,U046,43
1111011700,B001,39
1111011700,C003,38
1111011700,C002,61
1111011700,C001,66
1111011700,C004,64
1111011700,C005,46
1111011700,C009,47
1111011700,C006,58
1111011700,C007,40
1111011700,C008,66
1111011700,E001,58
1111011700,P002,47
1111011700,P001,65
1111011700,M001,57
1111011700,U001,51
1111011700,U002,58
1111011700,U005,31
1111011700,U003,27
1111011700,U004,57
1111011700,U006,54
1111011700,U007,46
1111011700,U009,53
1111011700,U010,63
1111011700,U008,63
1111011700,U011,64
1111011700,U012,45
1111011700,U013,51
1111011700,U016,41
1111011700,U014,53
1111011700,U015,71
1111011700,U017,50
1111011700,U018,58
1111011700,U019,66
1111011700,U020,57
1111011700,U022,33
1111011700,U021,80
1111011700,U023,66
1111011700,U027,48
1111011700,U024,67
1111011700,U025,79
1111011700,U026,69
1111011700,U028,49
1111011700,U030,50
1111011700,U029,54
1111011700,U031,42
1111011700,U032,64
1111011700,U033,43
1111011700,U035,38
1111011700,U036,58
1111011700,U034,65
1111011700,U037,58
1111011700,U038,64
1111011700,U039,41
1111011700,U040,72
1111011700,U041,72
1111011700,U042,53
1111011700,U043,61
1111011700,U044,51
1111011700,U045,61
1111011700,V002,35
1111011700,U046,44
1111011700,V001,54
1111011700,U047,47
1111011800,C003,15
1111011800,B001,39
1111011800,C001,70
1111011800,C005,44
1111011800,C002,59
1111011800,C004,70
1111011800,C006,65
1111011800,C007,46
1111011800,C009,54
1111011800,E001,56
1111011800,C008,73
1111011800,M001,64
1111011800,P001,73
1111011800,P002,54
1111011800,U001,51
1111011800,U002,56
1111011800,U004,64
1111011800,U006,59
1111011800,U003,32
1111011800,U007,53
1111011800,U005,37
1111011800,U009,52
1111011800,U008,68
1111011800,U010,71
1111011800,U011,74
1111011800,U012,47
1111011800,U013,57
1111011800,U016,39
1111011800,U014,53
1111011800,U015,78
1111011800,U017,54
1111011800,U018,66
1111011800,U019,73
1111011800,U020,54
1111011800,U021,84
1111011800,U022,41
1111011800,U023,72
1111011800,U024,74
1111011800,U025,83
1111011800,U027,49
1111011800,U028,55
1111011800,U029,70
1111011800,U026,76
1111011800,U030,57
1111011800,U031,51
1111011800,U033,39
1111011800,U032,67
1111011800,U035,37
1111011800,U036,64
1111011800,U034,74
1111011800,U037,67
1111011800,U039,45
1111011800,U038,65
1111011800,U040,68
1111011800,U041,70
1111011800,U042,58
1111011800,U044,49
1111011800,U043,68
1111011800,U045,71
1111011800,V002,36
1111011800,U046,51
1111011800,V001,52
1111011800,U047,51
1111011900,B001,38
1111011900,C003,42
1111011900,C001,71
1111011900,C002,60
1111011900,C005,45
1111011900,C004,77
1111011900,C006,70
1111011900,C007,45
1111011900,C008,72
1111011900,C009,60
1111011900,E001,58
1111011900,M001,69
1111011900,P001,77
1111011900,P002,54
1111011900,U001,51
1111011900,U002,58
1111011900,U004,67
1111011900,U005,43
1111011900,U006,61
1111011900,U007,57
1111011900,U003,38
1111011900,U009,52
1111011900,U008,70
1111011900,U011,83
1111011900,U012,49
1111011900,U010,77
1111011900,U013,62
1111011900,U016,39
1111011900,U014,59
1111011900,U017,55
1111011900,U015,82
1111011900,U018,65
1111011900,U020,56
1111011900,U019,78
1111011900,U021,86
1111011900,U023,81
1111011900,U024,79
1111011900,U022,40
1111011900,U025,84
1111011900,U026,75
1111011900,U028,55
1111011900,U029,69
1111011900,U027,48
1111011900,U030,62
1111011900,U031,51
1111011900,U033,45
1111011900,U032,69
1111011900,U035,43
1111011900,U034,76
1111011900,U036,70
1111011900,U037,61
1111011900,U039,49
1111011900,U038,67
1111011900,U040,67
1111011900,U042,60
1111011900,U041,72
1111011900,U043,73
1111011900,U044,48
1111011900,U045,72
1111011900,U046,53
1111011900,U047,55
1111011900,V001,53
1111011900,V002,38
1111012000,B001,37
1111012000,C001,65
1111012000,C002,61
1111012000,C004,62
1111012000,C005,46
1111012000,C007,38
1111012000,C006,60
1111012000,C009,49
1111012000,C008,70
1111012000,C003,38
1111012000,E001,57
1111012000,M001,59
1111012000,P001,67
1111012000,P002,47
1111012000,U001,49
1111012000,U002,57
1111012000,U004,59
1111012000,U006,58
1111012000,U005,30
1111012000,U007,48
1111012000,U003,25
1111012000,U009,53
1111012000,U008,66
1111012000,U010,66
1111012000,U011,83
1111012000,U012,48
1111012000,U013,53
1111012000,U016,41
1111012000,U014,57
1111012000,U015,73
1111012000,U017,49
1111012000,U018,60
1111012000,U020,55
1111012000,U019,68
1111012000,U022,44
1111012000,U021,87
1111012000,U023,64
1111012000,U024,69
1111012000,U027,53
1111012000,U025,77
1111012000,U026,72
1111012000,U030,52
1111012000,U028,58
1111012000,U029,68
1111012000,U031,43
1111012000,U032,63
1111012000,U033,42
1111012000,U035,37
1111012000,U036,60
1111012000,U034,67
1111012000,U037,59
1111012000,U039,40
1111012000,U038,67
1111012000,U040,70
1111012000,U041,74
1111012000,U042,56
1111012000,U043,63
1111012000,U044,49
1111012000,U045,73
1111012000,U046,46
1111012000,V002,34
1111012000,U047,46
1111012000,V001,56
1111012100,C003,45
1111012100,B001,38
1111012100,C001,63
1111012100,C002,54
1111012100,C005,41
1111012100,C004,63
1111012100,C006,86
1111012100,C007,39
1111012100,C008,76
1111012100,C009,55
1111012100,E001,66
1111012100,M001,73
1111012100,P001,69
1111012100,P002,47
1111012100,U003,27
1111012100,U002,58
1111012100,U001,50
1111012100,U005,29
1111012100,U004,77
1111012100,U006,78
1111012100,U007,55
1111012100,U008,65
1111012100,U009,61
1111012100,U010,69
1111012100,U012,54
1111012100,U011,75
1111012100,U014,51
1111012100,U013,59
1111012100,U016,49
1111012100,U015,79
1111012100,U017,47
1111012100,U018,71
1111012100,U020,55
1111012100,U019,74
1111012100,U021,87
1111012100,U022,45
1111012100,U024,75
1111012100,U023,65
1111012100,U025,76
1111012100,U027,52
1111012100,U026,79
1111012100,U028,59
1111012100,U029,69
1111012100,U031,44
1111012100,U032,67
1111012100,U033,43
1111012100,U035,38
1111012100,U034,72
1111012100,U036,66
1111012100,U037,66
1111012100,U038,69
1111012100,U040,71
1111012100,U042,55
1111012100,U041,75
1111012100,U043,69
1111012100,U030,67
1111012100,U044,50
1111012100,U045,74
1111012100,U046,49
1111012100,V002,34
1111012100,U047,44
1111012100,V001,65
1111012200,B001,32
1111012100,U039,38
1111012200,C001,66
1111012200,C002,58
1111012200,C004,57
1111012200,C007,33
1111012200,C005,43
1111012200,C006,81
1111012200,C008,60
1111012200,C009,49
1111012200,E001,55
1111012200,C003,35
1111012200,M001,55
1111012200,P002,48
1111012200,P001,66
1111012200,U003,32
1111012200,U001,44
1111012200,U002,55
1111012200,U005,32
1111012200,U004,58
1111012200,U006,48
1111012200,U009,50
1111012200,U007,49
1111012200,U008,57
1111012200,U010,65
1111012200,U011,61
1111012200,U012,48
1111012200,U013,49
1111012200,U014,55
1111012200,U016,38
1111012200,U015,72
1111012200,U017,50
1111012200,U018,61
1111012200,U019,64
1111012200,U022,33
1111012200,U020,58
1111012200,U021,83
1111012200,U023,59
1111012200,U024,68
1111012200,U025,79
1111012200,U026,67
1111012200,U028,48
1111012200,U029,63
1111012200,U030,52
1111012200,U031,44
1111012200,U033,41
1111012200,U032,56
1111012200,U027,42
1111012200,U035,43
1111012200,U034,66
1111012200,U036,59
1111012200,U037,54
1111012200,U038,62
1111012200,U039,41
1111012200,U040,65
1111012200,U041,73
1111012200,U042,47
1111012200,U043,62
1111012200,U044,41
1111012200,U045,63
1111012200,U046,45
1111012200,V002,31
1111012200,U047,47
1111012200,V001,60
1111012300,B001,33
1111012300,C002,58
1111012300,C001,67
1111012300,C005,43
1111012300,C004,57
1111012300,C007,37
1111012300,C006,81
1111012300,C008,60
1111012300,C009,52
1111012300,E001,56
1111012300,M001,56
1111012300,P002,51
1111012300,C003,36
1111012300,P001,69
1111012300,U001,45
1111012300,U005,33
1111012300,U003,32
1111012300,U002,56
1111012300,U004,59
1111012300,U007,49
1111012300,U006,49
1111012300,U009,56
1111012300,U008,57
1111012300,U010,74
1111012300,U012,48
1111012300,U011,62
1111012300,U013,49
1111012300,U014,56
1111012300,U016,41
1111012300,U015,73
1111012300,U017,51
1111012300,U018,66
1111012300,U019,65
1111012300,U022,39
1111012300,U020,67
1111012300,U021,83
1111012300,U023,60
1111012300,U024,69
1111012300,U027,46
1111012300,U025,79
1111012300,U028,53
1111012300,U026,68
1111012300,U029,64
1111012300,U031,45
1111012300,U030,61
1111012300,U033,42
1111012300,U032,65
1111012300,U035,43
1111012300,U034,68
1111012300,U036,61
1111012300,U038,63
1111012300,U037,55
1111012300,U039,42
1111012300,U040,66
1111012300,U041,63
1111012300,U042,47
1111012300,U043,64
1111012300,U044,45
1111012300,U045,60
1111012300,U046,45
1111012300,U047,48
1111012300,V002,30
1111012300,V001,60
1111012400,B001,34
1111012400,C002,61
1111012400,C001,71
1111012400,C004,62
1111012400,C005,46
1111012400,C007,41
1111012400,C006,85
1111012400,C008,64
1111012400,E001,57
1111012400,C009,53
1111012400,C003,38
1111012400,M001,60
1111012400,P001,71
1111012400,P002,51
1111012400,U001,47
1111012400,U003,36
1111012400,U002,57
1111012400,U005,37
1111012400,U004,63
1111012400,U006,53
1111012400,U007,54
1111012400,U009,53
1111012400,U008,61
1111012400,U012,48
1111012400,U010,69
1111012400,U011,66
1111012400,U013,53
1111012400,U014,60
1111012400,U016,41
1111012400,U015,77
1111012400,U017,55
1111012400,U018,61
1111012400,U022,36
1111012400,U020,72
1111012400,U019,69
1111012400,U021,87
1111012400,U023,64
1111012400,U024,73
1111012400,U025,83
1111012400,U026,72
1111012400,U028,50
1111012400,U029,61
1111012400,U030,65
1111012400,U031,47
1111012400,U032,60
1111012400,U033,46
1111012400,U027,43
1111012400,U035,44
1111012400,U034,71
1111012400,U036,63
1111012400,U037,59
1111012400,U039,46
1111012400,U038,67
1111012400,U040,70
1111012400,U042,51
1111012400,U041,78
1111012400,U044,44
1111012400,U043,66
1111012400,U045,65
1111012400,U046,48
1111012400,U047,52
1111012400,V002,32
1111012400,V001,52
1111012500,B001,30
1111012500,C001,67
1111012500,C002,62
1111012500,C004,69
1111012500,C005,47
1111012500,C007,40
1111012500,C006,65
1111012500,C008,63
1111012500,C009,54
1111012500,E001,56
1111012500,C003,36
1111012500,P001,72
1111012500,M001,63
1111012500,P002,50
1111012500,U001,42
1111012500,U003,34
1111012500,U002,56
1111012500,U005,41
1111012500,U004,64
1111012500,U007,51
1111012500,U006,66
1111012500,U009,56
1111012500,U008,66
1111012500,U012,47
1111012500,U010,70
1111012500,U011,75
1111012500,U013,57
1111012500,U014,56
1111012500,U016,42
1111012500,U015,81
1111012500,U017,51
1111012500,U018,56
1111012500,U022,31
1111012500,U019,73
1111012500,U020,67
1111012500,U023,68
1111012500,U021,84
1111012500,U024,77
1111012500,U025,79
1111012500,U026,76
1111012500,U028,46
1111012500,U029,61
1111012500,U030,57
1111012500,U031,46
1111012500,U033,41
1111012500,U032,64
1111012500,U035,40
1111012500,U027,42
1111012500,U034,71
1111012500,U036,64
1111012500,U037,63
1111012500,U039,51
1111012500,U038,65
1111012500,U041,76
1111012500,U040,59
1111012500,U042,56
1111012500,U043,67
1111012500,U044,39
1111012500,U045,64
1111012500,U046,50
1111012500,U047,55
1111012500,V002,34
1111012500,V001,51
1111012600,B001,35
1111012600,C002,57
1111012600,C001,64
1111012600,C004,60
1111012600,C005,42
1111012600,C007,48
1111012600,C006,58
1111012600,C009,47
1111012600,E001,54
1111012600,C008,63
1111012600,M001,57
1111012600,P002,46
1111012600,P001,64
1111012600,U001,47
1111012600,C003,34
1111012600,U003,29
1111012600,U002,54
1111012600,U005,30
1111012600,U004,56
1111012600,U006,51
1111012600,U009,49
1111012600,U007,45
1111012600,U008,60
1111012600,U010,63
1111012600,U012,45
1111012600,U011,64
1111012600,U013,50
1111012600,U014,53
1111012600,U016,37
1111012600,U015,70
1111012600,U017,47
1111012600,U018,57
1111012600,U019,67
1111012600,U020,56
1111012600,U021,86
1111012600,U022,42
1111012600,U023,62
1111012600,U024,67
1111012600,U027,48
1111012600,U025,76
1111012600,U026,71
1111012600,U028,56
1111012600,U029,66
1111012600,U030,50
1111012600,U031,45
1111012600,U033,40
1111012600,U032,62
1111012600,U035,40
1111012600,U036,57
1111012600,U034,64
1111012600,U037,57
1111012600,U038,66
1111012600,U039,38
1111012600,U040,69
1111012600,U041,71
1111012600,U042,50
1111012600,U043,60
1111012600,U044,47
1111012600,U045,69
1111012600,U046,43
1111012600,V002,32
1111012600,U047,45
1111012600,V001,53
1111012700,B001,28
1111012700,C002,64
1111012700,C001,59
1111012700,C005,49
1111012700,C004,47
1111012700,C007,35
1111012700,C006,66
1111012700,C008,56
1111012700,C009,47
1111012700,E001,51
1111012700,M001,51
1111012700,C003,37
1111012700,P002,48
1111012700,P001,70
1111012700,U001,40
1111012700,U003,33
1111012700,U002,50
1111012700,U004,58
1111012700,U005,34
1111012700,U006,44
1111012700,U007,40
1111012700,U009,58
1111012700,U008,53
1111012700,U010,77
1111012700,U011,57
1111012700,U012,42
1111012700,U013,45
1111012700,U016,44
1111012700,U014,60
1111012700,U015,68
1111012700,U017,43
1111012700,U018,57
1111012700,U022,30
1111012700,U019,60
1111012700,U020,66
1111012700,U021,79
1111012700,U023,50
1111012700,U024,65
1111012700,U025,65
1111012700,U026,64
1111012700,U028,44
1111012700,U029,55
1111012700,U030,60
1111012700,U031,41
1111012700,U032,52
1111012700,U033,45
1111012700,U027,37
1111012700,U035,45
1111012700,U036,61
1111012700,U034,67
1111012700,U037,51
1111012700,U038,59
1111012700,U039,43
1111012700,U042,43
1111012700,U040,57
1111012700,U041,59
1111012700,U044,37
1111012700,U043,64
1111012700,U045,59
1111012700,U046,44
1111012700,U047,49
1111012700,V002,28
1111012700,V001,47
1111012800,B001,28
1111012800,C002,53
1111012800,C001,65
1111012800,C004,60
1111012800,C005,42
1111012800,C007,33
1111012800,C006,61
1111012800,C009,49
1111012800,C008,69
1111012800,E001,51
1111012800,C003,36
1111012800,M001,58
1111012800,P002,49
1111012800,P001,72
1111012800,U002,51
1111012800,U001,40
1111012800,U003,35
1111012800,U004,59
1111012800,U005,37
1111012800,U006,51
1111012800,U007,52
1111012800,U009,54
1111012800,U008,59
1111012800,U010,70
1111012800,U012,42
1111012800,U011,73
1111012800,U013,51
1111012800,U016,39
1111012800,U014,57
1111012800,U015,75
1111012800,U017,49
1111012800,U018,54
1111012800,U020,53
1111012800,U019,67
1111012800,U021,79
1111012800,U023,62
1111012800,U022,30
1111012800,U024,71
1111012800,U025,72
1111012800,U026,70
1111012800,U028,44
1111012800,U029,55
1111012800,U030,52
1111012800,U031,49
1111012800,U033,42
1111012800,U032,62
1111012800,U035,40
1111012800,U034,69
1111012800,U027,38
1111012800,U036,60
1111012800,U037,57
1111012800,U039,49
1111012800,U038,60
1111012800,U040,57
1111012800,U041,75
1111012800,U042,49
1111012800,U043,63
1111012800,U044,38
1111012800,U045,60
1111012800,U046,46
1111012800,V001,46
1111012800,U047,55
1111012900,B001,29
1111012800,V002,33
1111012900,C005,43
1111012900,C001,63
1111012900,C004,51
1111012900,C002,54
1111012900,C007,36
1111012900,C006,70
1111012900,C009,51
1111012900,C008,60
1111012900,E001,52
1111012900,C003,36
1111012900,M001,55
1111012900,P001,81
1111012900,P002,50
1111012900,U001,41
1111012900,U002,52
1111012900,U003,35
1111012900,U005,38
1111012900,U004,61
1111012900,U006,48
1111012900,U007,44
1111012900,U008,57
1111012900,U009,55
1111012900,U010,78
1111012900,U012,43
1111012900,U011,61
1111012900,U013,49
1111012900,U014,56
1111012900,U016,37
1111012900,U017,47
1111012900,U015,72
1111012900,U018,55
1111012900,U022,30
1111012900,U019,64
1111012900,U020,66
1111012900,U021,83
1111012900,U023,54
1111012900,U024,69
1111012900,U025,69
1111012900,U026,68
1111012900,U028,44
1111012900,U029,55
1111012900,U030,64
1111012900,U031,46
1111012900,U033,42
1111012900,U032,56
1111012900,U027,36
1111012900,U035,40
1111012900,U034,70
1111012900,U036,63
1111012900,U039,46
1111012900,U037,54
1111012900,U038,63
1111012900,U040,57
1111012900,U041,63
1111012900,U042,47
1111012900,U043,66
1111012900,U044,37
1111012900,U045,60
1111013000,B001,32
1111012900,V002,29
1111012900,U046,47
1111012900,V001,47
1111012900,U047,52
1111013000,C003,44
1111013000,C002,65
1111013000,C004,72
1111013000,C001,85
1111013000,C005,51
1111013000,C006,71
1111013000,C007,49
1111013000,C009,61
1111013000,E001,60
1111013000,C008,74
1111013000,U001,44
1111013000,M001,66
1111013000,P001,82
1111013000,P002,63
1111013000,U002,60
1111013000,U003,43
1111013000,U004,69
1111013000,U007,55
1111013000,U006,69
1111013000,U005,50
1111013000,U008,67
1111013000,U009,59
1111013000,U011,77
1111013000,U010,80
1111013000,U012,51
1111013000,U013,60
1111013000,U014,65
1111013000,U016,51
1111013000,U015,80
1111013000,U017,60
1111013000,U022,29
1111013000,U018,59
1111013000,U019,84
1111013000,U020,62
1111013000,U021,88
1111013000,U027,45
1111013000,U023,75
1111013000,U024,76
1111013000,U025,85
1111013000,U026,83
1111013000,U028,49
1111013000,U030,62
1111013000,U029,60
1111013000,U031,59
1111013000,U032,70
1111013000,U033,50
1111013000,U035,49
1111013000,U034,77
1111013000,U037,76
1111013000,U038,69
1111013000,U036,70
1111013000,U040,62
1111013000,U039,60
1111013000,U042,61
1111013000,U041,80
1111013000,U043,73
1111013000,U045,65
1111013000,U044,43
1111013000,U046,55
1111013000,U047,66
1111013000,V001,55
1111013000,V002,42
1111013100,B001,23
1111013100,C003,41
1111013100,C002,58
1111013100,C001,68
1111013100,C004,59
1111013100,C005,46
1111013100,C006,60
1111013100,C007,40
1111013100,C009,49
1111013100,C008,67
1111013100,E001,51
1111013100,M001,59
1111013100,P002,49
1111013100,P001,71
1111013100,U002,51
1111013100,U003,40
1111013100,U004,58
1111013100,U005,37
1111013100,U006,51
1111013100,U007,49
1111013100,U009,53
1111013100,U001,35
1111013100,U008,60
1111013100,U010,69
1111013100,U011,68
1111013100,U012,42
1111013100,U013,52
1111013100,U014,61
1111013100,U016,47
1111013100,U017,50
1111013100,U015,75
1111013100,U018,53
1111013100,U022,21
1111013100,U019,67
1111013100,U020,58
1111013100,U021,80
1111013100,U023,61
1111013100,U024,72
1111013100,U027,41
1111013100,U025,76
1111013100,U026,75
1111013100,U028,44
1111013100,U029,54
1111013100,U030,52
1111013100,U031,55
1111013100,U032,62
1111013100,U033,47
1111013100,U035,45
1111013100,U036,59
1111013100,U034,66
1111013100,U038,60
1111013100,U037,62
1111013100,U039,48
1111013100,U040,56
1111013100,U041,59
1111013100,U042,50
1111013100,U043,62
1111013100,U045,58
1111013100,U046,45
1111013100,V001,47
1111013100,U047,48
1111013100,V002,31
1111013100,U044,37
1111013200,C001,79
1111013200,C002,53
1111013200,C004,62
1111013200,C003,40
1111013200,C005,42
1111013200,B001,30
1111013200,C006,62
1111013200,C007,37
1111013200,C008,70
1111013200,C009,52
1111013200,E001,51
1111013200,M001,61
1111013200,P001,73
1111013200,P002,48
1111013200,U001,42
1111013200,U002,51
1111013200,U003,39
1111013200,U004,60
1111013200,U005,39
1111013200,U006,54
1111013200,U007,50
1111013200,U009,56
1111013200,U008,64
1111013200,U011,75
1111013200,U010,71
1111013200,U012,42
1111013200,U013,55
1111013200,U016,42
1111013200,U014,60
1111013200,U017,51
1111013200,U015,75
1111013200,U018,56
1111013200,U020,53
1111013200,U019,71
1111013200,U022,28
1111013200,U021,79
1111013200,U023,64
1111013200,U024,71
1111013200,U027,37
1111013200,U025,79
1111013200,U026,77
1111013200,U028,46
1111013200,U029,57
1111013200,U030,54
1111013200,U031,47
1111013200,U033,46
1111013200,U032,61
1111013200,U035,44
1111013200,U034,69
1111013200,U036,61
1111013200,U038,60
1111013200,U037,64
1111013200,U039,48
1111013200,U040,59
1111013200,U041,65
1111013200,U042,52
1111013200,U043,64
1111013200,U044,39
1111013200,U045,61
1111013200,U046,46
1111013200,U047,50
1111013200,V002,31
1111013200,V001,46
1111013300,B001,28
1111013300,C003,43
1111013300,C001,65
1111013300,C004,59
1111013300,C002,56
1111013300,C007,34
1111013300,C005,44
1111013300,C006,57
1111013300,C008,61
1111013300,C009,45
1111013300,E001,50
1111013300,M001,55
1111013300,U001,40
1111013300,P001,68
1111013300,P002,46
1111013300,U002,50
1111013300,U003,33
1111013300,U004,55
1111013300,U005,33
1111013300,U006,49
1111013300,U007,44
1111013300,U009,54
1111013300,U008,57
1111013300,U012,41
1111013300,U010,66
1111013300,U011,62
1111013300,U013,49
1111013300,U016,45
1111013300,U014,63
1111013300,U015,73
1111013300,U017,47
1111013300,U018,54
1111013300,U019,65
1111013300,U020,56
1111013300,U022,21
1111013300,U021,78
1111013300,U023,55
1111013300,U024,69
1111013300,U025,74
1111013300,U026,72
1111013300,U028,44
1111013300,U029,55
1111013300,U030,48
1111013300,U031,45
1111013300,U027,40
1111013300,U033,49
1111013300,U032,60
1111013300,U035,47
1111013300,U034,63
1111013300,U036,56
1111013300,U037,59
1111013300,U038,58
1111013300,U039,45
1111013300,U040,60
1111013300,U041,70
1111013300,U042,47
1111013300,U043,59
1111013300,U045,59
1111013300,U044,37
1111013300,U046,42
1111013300,V002,34
1111013400,B001,29
1111013300,V001,45
1111013300,U047,45
1111013400,C001,76
1111013400,C002,51
1111013400,C004,61
1111013400,C005,40
1111013400,C007,34
1111013400,C006,60
1111013400,C009,50
1111013400,C008,70
1111013400,C003,37
1111013400,U001,41
1111013400,E001,49
1111013400,P001,72
1111013400,M001,59
1111013400,P002,46
1111013400,U002,49
1111013400,U003,36
1111013400,U004,58
1111013400,U006,55
1111013400,U005,37
1111013400,U007,48
1111013400,U009,55
1111013400,U008,63
1111013400,U010,70
1111013400,U011,74
1111013400,U012,40
1111013400,U013,53
1111013400,U016,40
1111013400,U014,58
1111013400,U015,73
1111013400,U017,49
1111013400,U018,56
1111013400,U019,69
1111013400,U020,51
1111013400,U022,27
1111013400,U021,77
1111013400,U023,63
1111013400,U024,69
1111013400,U025,76
1111013400,U026,74
1111013400,U028,45
1111013400,U029,56
1111013400,U030,52
1111013400,U027,35
1111013400,U031,45
1111013400,U032,59
1111013400,U033,43
1111013400,U035,42
1111013400,U034,67
1111013400,U036,60
1111013400,U037,61
1111013400,U038,58
1111013400,U039,51
1111013400,U040,58
1111013400,U042,53
1111013400,U041,63
1111013400,U043,63
1111013400,U044,39
1111013400,U045,61
1111013400,V002,29
1111013400,U046,44
1111013400,U047,57
1111013500,B001,29
1111013400,V001,44
1111013500,C001,68
1111013500,C002,66
1111013500,C004,53
1111013500,C005,50
1111013500,C007,29
1111013500,C006,77
1111013500,C008,59
1111013500,C009,50
1111013500,E001,55
1111013500,C003,41
1111013500,M001,55
1111013500,P002,49
1111013500,P001,75
1111013500,U001,41
1111013500,U002,47
1111013500,U003,33
1111013500,U004,68
1111013500,U005,34
1111013500,U006,48
1111013500,U007,45
1111013500,U009,62
1111013500,U012,39
1111013500,U008,56
1111013500,U010,75
1111013500,U011,61
1111013500,U013,48
1111013500,U016,44
1111013500,U014,64
1111013500,U017,54
1111013500,U015,72
1111013500,U018,59
1111013500,U022,35
1111013500,U020,69
1111013500,U019,64
1111013500,U021,82
1111013500,U023,56
1111013500,U024,68
1111013500,U025,69
1111013500,U026,67
1111013500,U027,42
1111013500,U028,49
1111013500,U029,60
1111013500,U030,57
1111013500,U031,43
1111013500,U032,67
1111013500,U033,49
1111013500,U035,44
1111013500,U034,69
1111013500,U036,63
1111013500,U037,54
1111013500,U038,62
1111013500,U039,43
1111013500,U040,55
1111013500,U042,46
1111013500,U041,66
1111013500,U043,66
1111013500,U044,41
1111013500,U045,67
1111013500,U046,46
1111013500,V001,56
1111013500,U047,49
1111013600,B001,31
1111013600,C001,70
1111013600,C002,61
1111013600,C004,55
1111013600,C007,30
1111013600,C005,48
1111013600,C006,79
1111013500,V002,29
1111013600,C008,60
1111013600,C009,48
1111013600,C003,40
1111013600,E001,54
1111013600,M001,56
1111013600,P002,51
1111013600,U001,43
1111013600,P001,70
1111013600,U002,49
1111013600,U003,35
1111013600,U004,57
1111013600,U006,49
1111013600,U005,36
1111013600,U007,47
1111013600,U009,59
1111013600,U012,39
1111013600,U008,57
1111013600,U011,62
1111013600,U010,68
1111013600,U013,49
1111013600,U014,61
1111013600,U016,40
1111013600,U015,73
1111013600,U017,54
1111013600,U018,61
1111013600,U020,69
1111013600,U019,65
1111013600,U021,83
1111013600,U023,58
1111013600,U024,69
1111013600,U025,70
1111013600,U022,29
1111013600,U026,68
1111013600,U028,48
1111013600,U029,62
1111013600,U030,59
1111013600,U031,45
1111013600,U032,57
1111013600,U033,51
1111013600,U035,46
1111013600,U027,42
1111013600,U034,65
1111013600,U036,58
1111013600,U037,55
1111013600,U039,45
1111013600,U038,63
1111013600,U040,57
1111013600,U042,47
1111013600,U041,72
1111013600,U044,43
1111013600,U043,61
1111013600,U045,63
1111013600,U046,44
1111013600,U047,51
1111013600,V002,31
1111013700,B001,29
1111013600,V001,49
1111013700,C003,40
1111013700,C004,54
1111013700,C002,55
1111013700,C001,73
1111013700,C005,43
1111013700,C007,30
1111013700,C006,54
1111013700,C009,43
1111013700,C008,60
1111013700,E001,49
1111013700,M001,53
1111013700,P001,65
1111013700,P002,43
1111013700,U001,41
1111013700,U002,49
1111013700,U003,30
1111013700,U005,31
1111013700,U004,52
1111013700,U006,49
1111013700,U007,46
1111013700,U012,39
1111013700,U008,57
1111013700,U009,59
1111013700,U010,63
1111013700,U011,61
1111013700,U013,46
1111013700,U014,52
1111013700,U016,42
1111013700,U015,66
1111013700,U017,44
1111013700,U018,59
1111013700,U020,56
1111013700,U019,65
1111013700,U021,77
1111013700,U023,56
1111013700,U024,63
1111013700,U025,74
1111013700,U026,72
1111013700,U022,25
1111013700,U028,50
1111013700,U030,46
1111013700,U029,60
1111013700,U027,40
1111013700,U031,47
1111013700,U032,59
1111013700,U033,54
1111013700,U035,49
1111013700,U034,60
1111013700,U037,59
1111013700,U036,53
1111013700,U038,57
1111013700,U039,47
1111013700,U040,55
1111013700,U042,47
1111013700,U041,67
1111013700,U043,56
1111013700,U044,41
1111013700,U045,64
1111013700,U046,39
1111013700,V002,30
1111013800,B001,28
1111013700,U047,42
1111013700,V001,44
1111013800,C003,41
1111013800,C001,70
1111013800,C005,45
1111013800,C004,52
1111013800,C002,56
1111013800,C007,30
1111013800,C009,47
1111013800,C008,58
1111013800,E001,50
1111013800,C006,76
1111013800,M001,53
1111013800,P002,51
1111013800,U002,50
1111013800,U001,40
1111013800,P001,70
1111013800,U003,35
1111013800,U004,67
1111013800,U007,44
1111013800,U005,36
1111013800,U006,46
1111013800,U012,41
1111013800,U008,55
1111013800,U009,55
1111013800,U010,68
1111013800,U011,59
1111013800,U013,47
1111013800,U016,46
1111013800,U014,53
1111013800,U017,54
1111013800,U015,70
1111013800,U018,58
1111013800,U020,56
1111013800,U019,62
1111013800,U021,85
1111013800,U023,55
1111013800,U024,67
1111013800,U025,71
1111013800,U026,70
1111013800,U028,48
1111013800,U029,59
1111013800,U022,28
1111013800,U030,56
1111013800,U031,45
1111013800,U032,58
1111013800,U033,52
1111013800,U027,45
1111013800,U034,65
1111013800,U035,47
1111013800,U037,56
1111013800,U036,58
1111013800,U038,65
1111013800,U039,45
1111013800,U040,54
1111013800,U042,45
1111013800,U043,61
1111013800,U041,64
1111013800,U044,40
1111013800,U045,57
1111013800,V002,31
1111013800,V001,45
1111013800,U046,44
1111013800,U047,51
1111013900,B001,33
1111013900,C003,40
1111013900,C002,61
1111013900,C005,46
1111013900,C001,75
1111013900,C004,60
1111013900,C006,66
1111013900,C007,40
1111013900,E001,56
1111013900,C008,74
1111013900,C009,59
1111013900,M001,64
1111013900,P001,73
1111013900,P002,58
1111013900,U001,45
1111013900,U002,56
1111013900,U003,43
1111013900,U004,67
1111013900,U005,38
1111013900,U006,57
1111013900,U007,53
1111013900,U009,53
1111013900,U008,66
1111013900,U010,71
1111013900,U012,49
1111013900,U011,70
1111013900,U016,41
1111013900,U013,58
1111013900,U014,64
1111013900,U015,81
1111013900,U017,52
1111013900,U018,66
1111013900,U020,68
1111013900,U019,73
1111013900,U021,87
1111013900,U023,63
1111013900,U027,43
1111013900,U022,35
1111013900,U024,78
1111013900,U025,73
1111013900,U026,72
1111013900,U029,60
1111013900,U028,49
1111013900,U030,58
1111013900,U031,49
1111013900,U033,50
1111013900,U036,65
1111013900,U035,48
1111013900,U034,76
1111013900,U032,60
1111013900,U039,46
1111013900,U037,58
1111013900,U038,67
1111013900,U040,68
1111013900,U041,76
1111013900,U042,56
1111013900,U043,68
1111013900,U045,65
1111013900,U044,49
1111013900,U046,53
1111013900,V001,51
1111013900,U047,55
1111013900,V002,40
1111014000,B001,41
1111014000,C001,79
1111014000,C002,68
1111014000,C005,53
1111014000,C003,45
1111014000,C004,65
1111014000,C006,71
1111014000,C007,42
1111014000,C008,74
1111014000,E001,59
1111014000,C009,64
1111014000,P001,77
1111014000,M001,69
1111014000,P002,63
1111014000,U001,53
1111014000,U002,59
1111014000,U003,41
1111014000,U004,72
1111014000,U005,43
1111014000,U006,62
1111014000,U007,58
1111014000,U009,60
1111014000,U008,71
1111014000,U010,76
1111014000,U012,64
1111014000,U011,75
1111014000,U013,63
1111014000,U016,48
1111014000,U015,86
1111014000,U014,65
1111014000,U017,57
1111014000,U018,62
1111014000,U019,78
1111014000,U021,92
1111014000,U020,76
1111014000,U023,68
1111014000,U024,83
1111014000,U027,37
1111014000,U025,78
1111014000,U026,76
1111014000,U022,43
1111014000,U028,57
1111014000,U030,63
1111014000,U029,72
1111014000,U031,54
1111014000,U032,65
1111014000,U033,51
1111014000,U034,81
1111014000,U035,53
1111014000,U036,70
1111014000,U037,63
1111014000,U039,51
1111014000,U038,71
1111014000,U040,82
1111014000,U041,84
1111014000,U042,61
1111014000,U043,73
1111014000,U044,59
1111014000,U046,58
1111014000,U045,74
1111014000,U047,60
1111014000,V001,75
1111014000,V002,42
1111014100,C002,52
1111014100,C001,74
1111014100,B001,28
1111014100,C004,66
1111014100,C003,34
1111014100,C005,40
1111014100,C006,60
1111014100,C007,35
1111014100,C008,68
1111014100,C009,51
1111014100,E001,49
1111014100,M001,60
1111014100,P001,71
1111014100,P002,47
1111014100,U001,40
1111014100,U002,49
1111014100,U003,33
1111014100,U004,58
1111014100,U005,39
1111014100,U006,52
1111014100,U007,48
1111014100,U008,62
1111014100,U009,54
1111014100,U010,70
1111014100,U012,40
1111014100,U011,73
1111014100,U013,53
1111014100,U014,54
1111014100,U016,37
1111014100,U017,50
1111014100,U015,74
1111014100,U022,29
1111014100,U018,54
1111014100,U019,69
1111014100,U020,52
1111014100,U021,78
1111014100,U024,70
1111014100,U023,70
1111014100,U027,35
1111014100,U025,77
1111014100,U026,76
1111014100,U028,44
1111014100,U029,54
1111014100,U030,64
1111014100,U031,49
1111014100,U032,60
1111014100,U033,40
1111014100,U035,38
1111014100,U036,60
1111014100,U034,67
1111014100,U037,66
1111014100,U038,58
1111014100,U039,49
1111014100,U040,57
1111014100,U042,51
1111014100,U043,63
1111014100,U045,59
1111014100,U044,37
1111014100,U041,64
1111014100,U046,44
1111014100,V002,32
1111014100,V001,45
1111014100,U047,55
1111014200,C002,59
1111014200,C001,74
1111014200,C004,72
1111014200,B001,34
1111014200,C005,47
1111014200,C003,38
1111014200,C006,65
1111014200,C007,37
1111014200,C008,74
1111014200,E001,56
1111014200,C009,57
1111014200,M001,66
1111014200,P001,72
1111014200,P002,53
1111014200,U002,56
1111014200,U001,46
1111014200,U003,37
1111014200,U004,64
1111014200,U005,44
1111014200,U007,55
1111014200,U006,60
1111014200,U009,60
1111014200,U008,68
1111014200,U010,86
1111014200,U012,47
1111014200,U011,79
1111014200,U013,60
1111014200,U014,59
1111014200,U016,42
1111014200,U015,80
1111014200,U017,51
1111014200,U018,60
1111014200,U019,76
1111014200,U020,58
1111014200,U022,35
1111014200,U021,84
1111014200,U023,69
1111014200,U027,35
1111014200,U024,76
1111014200,U025,73
1111014200,U026,71
1111014200,U028,50
1111014200,U029,60
1111014200,U030,57
1111014200,U033,44
1111014200,U031,48
1111014200,U032,66
1111014200,U035,43
1111014200,U034,74
1111014200,U036,66
1111014200,U037,58
1111014200,U039,45
1111014200,U038,65
1111014200,U040,63
1111014200,U041,70
1111014200,U042,55
1111014200,U043,69
1111014200,U045,65
1111014200,U044,43
1111014200,U046,51
1111014200,U047,55
1111014200,V001,51
1111014200,V002,37
1111014300,C001,78
1111014300,C002,60
1111014300,C004,74
1111014300,B001,35
1111014300,C005,48
1111014300,C006,92
1111014300,C007,41
1111014300,C003,40
1111014300,C008,75
1111014300,C009,58
1111014300,E001,57
1111014300,M001,68
1111014300,P001,79
1111014300,P002,55
1111014300,U001,47
1111014300,U003,39
1111014300,U002,57
1111014300,U004,66
1111014300,U005,45
1111014300,U006,61
1111014300,U007,56
1111014300,U009,61
1111014300,U008,69
1111014300,U010,87
1111014300,U011,80
1111014300,U012,48
1111014300,U013,61
1111014300,U014,60
1111014300,U016,42
1111014300,U015,81
1111014300,U017,55
1111014300,U018,61
1111014300,U019,77
1111014300,U020,71
1111014300,U021,85
1111014300,U022,37
1111014300,U023,70
1111014300,U027,36
1111014300,U024,78
1111014300,U025,77
1111014300,U026,75
1111014300,U028,51
1111014300,U030,61
1111014300,U029,62
1111014300,U031,55
1111014300,U033,46
1111014300,U032,67
1111014300,U035,44
1111014300,U034,75
1111014300,U036,67
1111014300,U039,55
1111014300,U037,62
1111014300,U038,66
1111014300,U040,64
1111014300,U041,71
1111014300,U042,60
1111014300,U044,44
1111014300,U043,70
1111014300,U045,66
1111014300,U046,52
1111014300,U047,61
1111014300,V001,52
1111014300,V002,41
1111014400,B001,33
1111014400,C001,75
1111014400,C005,42
1111014400,C002,55
1111014400,C004,71
1111014400,C003,35
1111014400,C006,69
1111014400,C007,39
1111014400,C008,73
1111014400,C009,57
1111014400,E001,56
1111014400,M001,66
1111014400,P001,76
1111014400,P002,55
1111014400,U001,45
1111014400,U002,56
1111014400,U005,40
1111014400,U004,64
1111014400,U006,59
1111014400,U007,54
1111014400,U009,59
1111014400,U003,33
1111014400,U008,67
1111014400,U010,84
1111014400,U011,78
1111014400,U012,47
1111014400,U013,60
1111014400,U015,80
1111014400,U014,55
1111014400,U016,37
1111014400,U017,50
1111014400,U018,59
1111014400,U020,66
1111014400,U019,75
1111014400,U021,84
1111014400,U023,75
1111014400,U022,34
1111014400,U024,76
1111014400,U025,73
1111014400,U026,71
1111014400,U029,59
1111014400,U028,49
1111014400,U030,61
1111014400,U027,38
1111014400,U031,52
1111014400,U033,41
1111014400,U032,66
1111014400,U035,39
1111014400,U036,68
1111014400,U034,73
1111014400,U037,62
1111014400,U039,50
1111014400,U038,64
1111014400,U040,62
1111014400,U041,79
1111014400,U042,57
1111014400,U043,71
1111014400,U044,42
1111014400,U045,64
1111014400,V002,39
1111014400,U046,51
1111014400,V001,51
1111014400,U047,56
1111014500,C002,57
1111014500,C001,77
1111014500,C004,73
1111014500,C005,45
1111014500,C006,66
1111014500,C007,40
1111014500,B001,36
1111014500,C003,37
1111014500,C008,75
1111014500,C009,58
1111014500,E001,57
1111014500,M001,67
1111014500,P001,73
1111014500,P002,54
1111014500,U001,48
1111014500,U002,57
1111014500,U003,36
1111014500,U004,66
1111014500,U005,42
1111014500,U007,57
1111014500,U006,58
1111014500,U008,69
1111014500,U009,61
1111014500,U010,75
1111014500,U012,48
1111014500,U011,80
1111014500,U013,61
1111014500,U014,57
1111014500,U016,39
1111014500,U017,53
1111014500,U015,81
1111014500,U018,61
1111014500,U019,75
1111014500,U020,68
1111014500,U021,85
1111014500,U023,77
1111014500,U024,77
1111014500,U022,37
1111014500,U025,74
1111014500,U027,38
1111014500,U026,72
1111014500,U028,51
1111014500,U029,61
1111014500,U030,58
1111014500,U031,49
1111014500,U032,67
1111014500,U035,41
1111014500,U034,75
1111014500,U036,67
1111014500,U037,59
1111014500,U038,66
1111014500,U039,52
1111014500,U040,65
1111014500,U041,82
1111014500,U042,56
1111014500,U043,70
1111014500,U044,45
1111014500,U045,66
1111014500,U033,43
1111014500,U047,58
1111014500,U046,52
1111014500,V001,52
1111014500,V002,40
1111014600,C001,80
1111014600,B001,33
1111014600,C005,48
1111014600,C003,47
1111014600,C007,38
1111014600,C006,66
1111014600,C008,77
1111014600,C009,59
1111014600,E001,57
1111014600,M001,68
1111014600,P001,77
1111014600,P002,55
1111014600,U002,57
1111014600,C004,66
1111014600,C002,60
1111014600,U001,45
1111014600,U003,43
1111014600,U004,66
1111014600,U005,50
1111014600,U006,59
1111014600,U007,56
1111014600,U009,63
1111014600,U008,67
1111014600,U011,82
1111014600,U010,76
1111014600,U012,48
1111014600,U013,61
1111014600,U016,48
1111014600,U014,65
1111014600,U015,81
1111014600,U017,58
1111014600,U018,63
1111014600,U020,59
1111014600,U019,75
1111014600,U021,85
1111014600,U022,32
1111014600,U023,68
1111014600,U027,28
1111014600,U024,78
1111014600,U025,80
1111014600,U026,78
1111014600,U028,53
1111014600,U029,63
1111014600,U030,58
1111014600,U031,58
1111014600,U032,68
1111014600,U033,50
1111014600,U035,49
1111014600,U034,75
1111014600,U036,66
1111014600,U037,65
1111014600,U038,66
1111014600,U039,59
1111014600,U040,67
1111014600,U041,71
1111014600,U042,57
1111014600,U043,69
1111014600,U044,46
1111014600,U045,68
1111014600,U046,52
1111014600,U047,61
1111014600,V001,52
1111014600,V002,37
1111014700,B001,29
1111014700,C001,69
1111014700,C002,52
1111014700,C003,37
1111014700,C004,68
1111014700,C005,40
1111014700,C006,60
1111014700,C007,37
1111014700,C008,70
1111014700,C009,51
1111014700,E001,50
1111014700,M001,60
1111014700,P002,47
1111014700,P001,72
1111014700,U002,50
1111014700,U003,35
1111014700,U004,58
1111014700,U005,42
1111014700,U006,53
1111014700,U001,41
1111014700,U007,48
1111014700,U009,55
1111014700,U008,61
1111014700,U010,70
1111014700,U012,40
1111014700,U011,74
1111014700,U013,53
1111014700,U014,57
1111014700,U016,41
1111014700,U015,74
1111014700,U017,50
1111014700,U018,55
1111014700,U019,69
1111014700,U022,28
1111014700,U020,52
1111014700,U023,59
1111014700,U021,78
1111014700,U024,70
1111014700,U027,31
1111014700,U025,78
1111014700,U026,76
1111014700,U029,56
1111014700,U028,45
1111014700,U030,64
1111014700,U032,60
1111014700,U031,50
1111014700,U033,43
1111014700,U035,41
1111014700,U034,67
1111014700,U036,60
1111014700,U037,68
1111014700,U038,58
1111014700,U039,52
1111014700,U040,58
1111014700,U042,51
1111014700,U041,64
1111014700,U043,63
1111014700,U044,39
1111014700,U045,61
1111014700,U046,44
1111014700,U047,58
1111014700,V001,45
1111014700,V002,30
1111014800,C002,58
1111014800,C001,75
1111014800,C004,73
1111014800,B001,34
1111014800,C005,46
1111014800,C006,67
1111014800,C003,44
1111014800,C007,45
1111014800,C009,57
1111014800,C008,74
1111014800,E001,56
1111014800,M001,66
1111014800,P001,78
1111014800,P002,53
1111014800,U002,56
1111014800,U003,43
1111014800,U004,64
1111014800,U005,50
1111014800,U001,46
1111014800,U006,59
1111014800,U007,55
1111014800,U009,60
1111014800,U008,68
1111014800,U011,79
1111014800,U010,76
1111014800,U013,60
1111014800,U012,47
1111014800,U014,64
1111014800,U016,47
1111014800,U015,80
1111014800,U017,56
1111014800,U018,60
1111014800,U019,75
1111014800,U022,35
1111014800,U020,58
1111014800,U021,84
1111014800,U023,65
1111014800,U027,29
1111014800,U024,76
1111014800,U025,84
1111014800,U026,82
1111014800,U028,50
1111014800,U029,61
1111014800,U030,70
1111014800,U031,58
1111014800,U033,50
1111014800,U032,66
1111014800,U035,48
1111014800,U034,73
1111014800,U036,66
1111014800,U039,59
1111014800,U038,64
1111014800,U037,69
1111014800,U040,63
1111014800,U041,70
1111014800,U042,57
1111014800,U044,43
1111014800,U045,65
1111014800,U043,69
1111014800,U046,51
1111014900,B001,58
1111014800,V001,51
1111014800,V002,36
1111014800,U047,64
1111014900,C003,48
1111014900,C001,89
1111014900,C002,69
1111014900,C004,76
1111014900,C005,54
1111014900,C007,53
1111014900,C006,74
1111014900,C008,77
1111014900,E001,64
1111014900,C009,65
1111014900,U001,69
1111014900,M001,70
1111014900,P001,85
1111014900,P002,67
1111014900,U002,64
1111014900,U003,47
1111014900,U005,54
1111014900,U004,73
1111014900,U006,73
1111014900,U007,58
1111014900,U009,63
1111014900,U008,71
1111014900,U010,84
1111014900,U011,81
1111014900,U012,54
1111014900,U013,64
1111014900,U016,55
1111014900,U014,68
1111014900,U015,84
1111014900,U017,64
1111014900,U022,74
1111014900,U018,63
1111014900,U019,88
1111014900,U020,66
1111014900,U021,92
1111014900,U027,49
1111014900,U024,80
1111014900,U023,79
1111014900,U025,92
1111014900,U026,90
1111014900,U028,53
1111014900,U030,66
1111014900,U029,64
1111014900,U031,63
1111014900,U033,54
1111014900,U032,74
1111014900,U035,52
1111014900,U034,81
1111014900,U036,74
1111014900,U037,80
1111014900,U039,63
1111014900,U038,72
1111014900,U040,66
1111014900,U041,83
1111014900,U044,80
1111014900,U042,65
1111014900,U043,77
1111014900,U045,68
1111014900,U046,58
1111014900,U047,63
1111014900,V001,59
1111015000,B001,30
1111014900,V002,46
1111015000,C003,45
1111015000,C001,77
1111015000,C002,60
1111015000,C005,48
1111015000,C004,54
1111015000,C007,44
1111015000,C006,78
1111015000,C009,51
1111015000,E001,53
1111015000,C008,62
1111015000,M001,57
1111015000,P002,51
1111015000,P001,73
1111015000,U002,53
1111015000,U003,43
1111015000,U004,69
1111015000,U006,50
1111015000,U005,39
1111015000,U007,46
1111015000,U009,57
1111015000,U008,59
1111015000,U010,72
1111015000,U001,42
1111015000,U012,45
1111015000,U011,63
1111015000,U013,51
1111015000,U016,53
1111015000,U014,57
1111015000,U015,74
1111015000,U017,61
1111015000,U018,60
1111015000,U022,30
1111015000,U019,66
1111015000,U020,59
1111015000,U021,89
1111015000,U023,57
1111015000,U024,71
1111015000,U025,75
1111015000,U026,74
1111015000,U028,50
1111015000,U029,61
1111015000,U030,58
1111015000,U027,52
1111015000,U031,52
1111015000,U032,64
1111015000,U033,51
1111015000,U036,61
1111015000,U035,58
1111015000,U034,69
1111015000,U037,60
1111015000,U038,69
1111015000,U039,52
1111015000,U040,56
1111015000,U041,67
1111015000,U042,49
1111015000,U043,65
1111015000,U045,61
1111015000,U047,62
1111015000,U046,48
1111015000,V002,38
1111015000,V001,48
1111015100,B001,30
1111015100,C003,37
1111015100,C001,62
1111015000,U044,42
1111015100,C002,52
1111015100,C004,55
1111015100,C007,35
1111015100,C005,41
1111015100,C006,54
1111015100,C008,58
1111015100,C009,42
1111015100,E001,46
1111015100,M001,52
1111015100,P001,65
1111015100,U001,42
1111015100,P002,43
1111015100,U002,46
1111015100,U003,30
1111015100,U005,30
1111015100,U004,52
1111015100,U006,46
1111015100,U007,41
1111015100,U008,55
1111015100,U009,58
1111015100,U010,63
1111015100,U011,59
1111015100,U012,37
1111015100,U013,46
1111015100,U016,42
1111015100,U014,49
1111015100,U015,70
1111015100,U017,44
1111015100,U018,53
1111015100,U020,52
1111015100,U019,62
1111015100,U021,74
1111015100,U022,22
1111015100,U023,52
1111015100,U024,66
1111015100,U025,71
1111015100,U026,69
1111015100,U028,48
1111015100,U027,49
1111015100,U030,45
1111015100,U029,61
1111015100,U031,42
1111015100,U033,44
1111015100,U032,56
1111015100,U035,43
1111015100,U036,53
1111015100,U034,60
1111015100,U037,56
1111015100,U038,55
1111015100,U039,42
1111015100,U040,56
1111015100,U041,67
1111015100,U042,44
1111015100,U043,56
1111015100,U045,63
1111015100,V001,41
1111015100,U047,42
1111015100,U046,39
1111015100,V002,26
1111015100,U044,41
1111015200,B001,28
1111015200,C001,65
1111015200,C003,40
1111015200,C002,55
1111015200,C004,53
1111015200,C005,43
1111015200,C007,38
1111015200,C006,57
1111015200,C009,46
1111015200,C008,58
1111015200,E001,49
1111015200,M001,53
1111015200,U001,41
1111015200,P002,46
1111015200,P001,68
1111015200,U002,49
1111015200,U003,33
1111015200,U004,55
1111015200,U005,34
1111015200,U006,47
1111015200,U007,45
1111015200,U008,55
1111015200,U009,60
1111015200,U012,40
1111015200,U011,59
1111015200,U010,66
1111015200,U013,47
1111015200,U016,45
1111015200,U014,52
1111015200,U015,71
1111015200,U017,47
1111015200,U018,59
1111015200,U019,63
1111015200,U022,24
1111015200,U021,77
1111015200,U020,55
1111015200,U023,55
1111015200,U024,67
1111015200,U025,72
1111015200,U026,70
1111015200,U027,52
1111015200,U028,49
1111015200,U030,49
1111015200,U029,59
1111015200,U031,50
1111015200,U033,46
1111015200,U032,59
1111015200,U035,46
1111015200,U036,56
1111015200,U034,63
1111015200,U037,57
1111015200,U038,57
1111015200,U039,50
1111015200,U040,54
1111015200,U041,70
1111015200,U042,45
1111015200,U043,59
1111015200,U045,58
1111015200,U046,42
1111015200,V002,29
1111015200,U047,45
1111015300,B001,30
1111015200,V001,44
1111015200,U044,41
1111015300,C003,39
1111015300,C001,62
1111015300,C004,55
1111015300,C005,43
1111015300,C002,54
1111015300,C007,33
1111015300,C006,54
1111015300,C008,58
1111015300,C009,43
1111015300,E001,48
1111015300,M001,53
1111015300,U001,42
1111015300,P002,43
1111015300,U002,48
1111015300,P001,65
1111015300,U003,30
1111015300,U004,52
1111015300,U005,31
1111015300,U006,47
1111015300,U007,47
1111015300,U009,60
1111015300,U012,39
1111015300,U008,55
1111015300,U010,63
1111015300,U011,60
1111015300,U013,46
1111015300,U016,42
1111015300,U014,51
1111015300,U017,44
1111015300,U015,71
1111015300,U018,60
1111015300,U020,56
1111015300,U019,63
1111015300,U021,76
1111015300,U023,57
1111015300,U024,67
1111015300,U022,24
1111015300,U025,72
1111015300,U026,70
1111015300,U028,51
1111015300,U030,46
1111015300,U029,61
1111015300,U031,48
1111015300,U027,47
1111015300,U033,55
1111015300,U032,58
1111015300,U034,60
1111015300,U035,50
1111015300,U036,53
1111015300,U038,57
1111015300,U037,57
1111015300,U039,48
1111015300,U040,56
1111015300,U041,67
1111015300,U042,45
1111015300,U043,56
1111015300,U044,42
1111015300,U045,58
1111015300,U046,39
1111015300,U047,42
1111015300,V002,28
1111015300,V001,43
1111015400,B001,26
1111015400,C003,41
1111015400,C002,56
1111015400,C001,74
1111015400,C004,51
1111015400,C005,45
1111015400,C007,37
1111015400,C006,75
1111015400,C009,49
1111015400,C008,58
1111015400,E001,50
1111015400,M001,53
1111015400,P002,47
1111015400,P001,74
1111015400,U001,39
1111015400,U002,50
1111015400,U003,40
1111015400,U004,56
1111015400,U006,46
1111015400,U005,40
1111015400,U007,43
1111015400,U008,55
1111015400,U009,54
1111015400,U011,59
1111015400,U010,72
1111015400,U013,46
1111015400,U014,53
1111015400,U016,45
1111015400,U015,70
1111015400,U017,59
1111015400,U012,39
1111015400,U019,62
1111015400,U020,56
1111015400,U018,57
1111015400,U021,85
1111015400,U023,53
1111015400,U024,66
1111015400,U025,71
1111015400,U027,51
1111015400,U026,69
1111015400,U028,47
1111015400,U022,28
1111015400,U029,57
1111015400,U030,55
1111015400,U031,49
1111015400,U032,58
1111015400,U033,48
1111015400,U035,54
1111015400,U034,65
1111015400,U036,58
1111015400,U038,64
1111015400,U037,56
1111015400,U039,49
1111015400,U040,52
1111015400,U041,63
1111015400,U042,44
1111015400,U043,61
1111015400,U044,39
1111015400,U045,57
1111015400,U046,42
1111015500,B001,29
1111015400,V002,32
1111015400,V001,45
1111015400,U047,58
1111015500,C003,41
1111015500,C001,72
1111015500,C002,56
1111015500,C004,54
1111015500,C005,44
1111015500,C007,31
1111015500,C006,77
1111015500,E001,49
1111015500,C009,49
1111015500,C008,58
1111015500,M001,53
1111015500,P001,73
1111015500,P002,50
1111015500,U001,41
1111015500,U002,49
1111015500,U003,38
1111015500,U004,57
1111015500,U005,38
1111015500,U006,46
1111015500,U007,45
1111015500,U012,40
1111015500,U009,56
1111015500,U008,54
1111015500,U011,59
1111015500,U010,71
1111015500,U013,46
1111015500,U014,53
1111015500,U016,45
1111015500,U017,56
1111015500,U015,70
1111015500,U018,59
1111015500,U022,28
1111015500,U019,62
1111015500,U020,56
1111015500,U021,84
1111015500,U023,56
1111015500,U024,66
1111015500,U026,69
1111015500,U025,71
1111015500,U028,49
1111015500,U029,60
1111015500,U030,57
1111015500,U031,47
1111015500,U033,54
1111015500,U032,58
1111015500,U027,49
1111015500,U034,66
1111015500,U035,49
1111015500,U036,61
1111015500,U038,64
1111015500,U037,56
1111015500,U039,47
1111015500,U040,55
1111015500,U041,60
1111015500,U042,44
1111015500,U043,64
1111015500,U044,41
1111015500,U045,57
1111015500,V001,45
1111015500,U046,43
1111015500,U047,53
1111015500,V002,33
1111015600,B001,27
1111015600,C003,37
1111015600,C004,42
1111015600,C005,40
1111015600,C002,52
1111015600,C001,58
1111015600,C007,35
1111015600,C006,61
1111015600,C008,51
1111015600,C009,42
1111015600,E001,46
1111015600,M001,46
1111015600,P002,43
1111015600,P001,69
1111015600,U001,39
1111015600,U002,46
1111015600,U003,35
1111015600,U004,56
1111015600,U005,35
1111015600,U007,35
1111015600,U006,39
1111015600,U008,48
1111015600,U012,37
1111015600,U009,53
1111015600,U010,67
1111015600,U011,52
1111015600,U013,40
1111015600,U014,49
1111015600,U016,41
1111015600,U015,63
1111015600,U017,42
1111015600,U018,47
1111015600,U019,55
1111015600,U021,78
1111015600,U020,52
1111015600,U022,24
1111015600,U023,45
1111015600,U024,60
1111015600,U025,64
1111015600,U026,63
1111015600,U028,39
1111015600,U027,40
1111015600,U029,58
1111015600,U030,55
1111015600,U031,39
1111015600,U033,43
1111015600,U032,51
1111015600,U034,63
1111015600,U035,49
1111015600,U036,57
1111015600,U037,49
1111015600,U038,58
1111015600,U039,38
1111015600,U040,53
1111015600,U041,54
1111015600,U042,38
1111015600,U043,60
1111015600,U044,34
1111015600,U045,50
1111015600,V002,26
1111015600,U046,41
1111015600,U047,54
1111015700,B001,23
1111015600,V001,41
1111015700,C003,49
1111015700,C002,61
1111015700,C001,77
1111015700,C004,49
1111015700,C005,50
1111015700,C007,43
1111015700,C006,73
1111015700,C009,51
1111015700,C008,63
1111015700,E001,55
1111015700,M001,60
1111015700,U001,36
1111015700,P002,50
1111015700,P001,75
1111015700,U002,55
1111015700,U003,38
1111015700,U004,64
1111015700,U005,40
1111015700,U006,46
1111015700,U007,41
1111015700,U009,57
1111015700,U008,55
1111015700,U012,40
1111015700,U010,74
1111015700,U011,59
1111015700,U013,47
1111015700,U014,65
1111015700,U016,48
1111015700,U015,71
1111015700,U017,56
1111015700,U018,55
1111015700,U022,22
1111015700,U020,61
1111015700,U019,63
1111015700,U021,89
1111015700,U023,52
1111015700,U024,67
1111015700,U025,76
1111015700,U026,74
1111015700,U028,45
1111015700,U029,56
1111015700,U030,53
1111015700,U033,58
1111015700,U031,51
1111015700,U032,62
1111015700,U027,43
1111015700,U034,68
1111015700,U036,59
1111015700,U035,53
1111015700,U038,69
1111015700,U039,47
1111015700,U040,51
1111015700,U041,76
1111015700,U042,45
1111015700,U043,62
1111015700,U045,62
1111015700,U046,45
1111015700,U047,53
1111015700,V002,32
1111015700,V001,50
1111015700,U044,41
1111015800,C001,67
1111015700,U037,61
1111015800,C003,44
1111015800,C002,62
1111015800,B001,26
1111015800,C007,39
1111015800,C004,50
1111015800,C005,52
1111015800,C006,54
1111015800,C009,46
1111015800,E001,52
1111015800,C008,64
1111015800,M001,53
1111015800,P001,70
1111015800,U001,38
1111015800,P002,44
1111015800,U002,52
1111015800,U003,35
1111015800,U004,53
1111015800,U005,35
1111015800,U006,46
1111015800,U007,42
1111015800,U009,53
1111015800,U011,59
1111015800,U013,47
1111015800,U008,55
1111015800,U010,68
1111015800,U016,47
1111015800,U014,60
1111015800,U015,70
1111015800,U017,48
1111015800,U018,56
1111015800,U020,61
1111015800,U019,62
1111015800,U021,82
1111015800,U012,36
1111015800,U024,66
1111015800,U023,53
1111015800,U025,75
1111015800,U022,31
1111015800,U026,73
1111015800,U027,46
1111015800,U028,46
1111015800,U029,57
1111015800,U030,46
1111015800,U031,52
1111015800,U032,62
1111015800,U033,53
1111015800,U035,48
1111015800,U034,62
1111015800,U036,54
1111015800,U038,68
1111015800,U037,60
1111015800,U039,44
1111015800,U040,52
1111015800,U041,68
1111015800,U042,44
1111015800,U043,57
1111015800,U045,57
1111015800,U046,39
1111015800,V002,29
1111015900,B001,18
1111015800,V001,50
1111015800,U047,47
1111015900,C003,45
1111015900,C001,76
1111015800,U044,44
1111015900,C004,55
1111015900,C002,66
1111015900,C005,57
1111015900,C007,42
1111015900,C006,78
1111015900,C009,51
1111015900,C008,56
1111015900,E001,52
1111015900,M001,63
1111015900,P002,57
1111015900,P001,74
1111015900,U003,40
1111015900,U002,54
1111015900,U004,69
1111015900,U001,31
1111015900,U005,43
1111015900,U006,51
1111015900,U007,47
1111015900,U009,51
1111015900,U010,82
1111015900,U008,60
1111015900,U012,39
1111015900,U011,63
1111015900,U013,55
1111015900,U016,52
1111015900,U014,66
1111015900,U015,75
1111015900,U017,59
1111015900,U018,50
1111015900,U022,17
1111015900,U020,59
1111015900,U019,67
1111015900,U021,78
1111015900,U023,57
1111015900,U024,71
1111015900,U025,88
1111015900,U026,78
1111015900,U028,39
1111015900,U029,50
1111015900,U030,58
1111015900,U031,57
1111015900,U027,44
1111015900,U033,52
1111015900,U032,64
1111015900,U034,67
1111015900,U035,50
1111015900,U036,58
1111015900,U037,65
1111015900,U038,64
1111015900,U039,50
1111015900,U041,54
1111015900,U040,52
1111015900,U042,49
1111015900,U043,61
1111015900,U045,56
1111015900,U046,44
1111015900,U047,56
1111016000,B001,21
1111015900,V001,56
1111015900,V002,31
1111015900,U044,39
1111016000,C003,47
1111016000,C002,74
1111016000,C001,79
1111016000,C004,53
1111016000,C005,56
1111016000,C008,60
1111016000,C006,77
1111016000,C007,45
1111016000,C009,49
1111016000,E001,58
1111016000,P001,79
1111016000,P002,51
1111016000,M001,54
1111016000,U002,57
1111016000,U003,43
1111016000,U005,45
1111016000,U004,68
1111016000,U006,47
1111016000,U009,50
1111016000,U007,45
1111016000,U008,56
1111016000,U001,34
1111016000,U012,42
1111016000,U010,85
1111016000,U011,60
1111016000,U013,47
1111016000,U016,55
1111016000,U014,73
1111016000,U015,71
1111016000,U017,60
1111016000,U022,24
1111016000,U018,53
1111016000,U019,63
1111016000,U020,76
1111016000,U021,90
1111016000,U024,67
1111016000,U023,55
1111016000,U025,76
1111016000,U028,43
1111016000,U026,74
1111016000,U029,53
1111016000,U030,57
1111016000,U031,55
1111016000,U027,41
1111016000,U033,60
1111016000,U032,63
1111016000,U034,70
1111016000,U035,55
1111016000,U036,71
1111016000,U037,61
1111016000,U038,69
1111016000,U039,51
1111016000,U040,56
1111016000,U041,73
1111016000,U042,45
1111016000,U043,64
1111016000,U045,64
1111016000,V001,59
1111016000,U046,47
1111016000,U047,57
1111016000,U044,38
1111016000,V002,34
1111016100,C001,77
1111016100,B001,21
1111016100,C002,68
1111016100,C003,47
1111016100,C004,46
1111016100,C007,40
1111016100,C005,53
1111016100,C006,70
1111016100,C008,57
1111016100,C009,48
1111016100,M001,56
1111016100,E001,55
1111016100,U001,33
1111016100,P002,46
1111016100,P001,72
1111016100,U002,55
1111016100,U003,40
1111016100,U004,60
1111016100,U006,46
1111016100,U005,40
1111016100,U007,38
1111016100,U009,49
1111016100,U008,54
1111016100,U011,59
1111016100,U010,71
1111016100,U013,46
1111016100,U015,70
1111016100,U016,51
1111016100,U014,62
1111016100,U017,51
1111016100,U019,62
1111016100,U020,64
1111016100,U018,51
1111016100,U012,37
1111016100,U021,88
1111016100,U022,28
1111016100,U023,48
1111016100,U024,66
1111016100,U025,75
1111016100,U028,42
1111016100,U026,73
1111016100,U029,52
1111016100,U030,50
1111016100,U033,55
1111016100,U032,61
1111016100,U031,49
1111016100,U034,65
1111016100,U027,44
1111016100,U035,56
1111016100,U036,56
1111016100,U037,60
1111016100,U039,49
1111016100,U038,68
1111016100,U040,47
1111016100,U041,58
1111016100,U042,44
1111016100,U043,59
1111016100,U045,57
1111016100,U046,42
1111016100,U047,57
1111016100,V002,30
1111016100,V001,50
1111016200,B001,19
1111016100,U044,42
1111016200,C003,44
1111016200,C004,48
1111016200,C002,68
1111016200,C001,67
1111016200,C005,53
1111016200,C006,72
1111016200,C007,43
1111016200,C008,57
1111016200,C009,47
1111016200,E001,65
1111016200,M001,51
1111016200,P002,48
1111016200,P001,76
1111016200,U002,55
1111016200,U003,47
1111016200,U004,63
1111016200,U005,47
1111016200,U006,44
1111016200,U001,31
1111016200,U007,40
1111016200,U009,49
1111016200,U008,53
1111016200,U012,41
1111016200,U010,75
1111016200,U011,57
1111016200,U013,45
1111016200,U015,68
1111016200,U014,63
1111016200,U016,51
1111016200,U017,51
1111016200,U018,51
1111016200,U022,26
1111016200,U019,60
1111016200,U020,73
1111016200,U021,87
1111016200,U024,65
1111016200,U023,50
1111016200,U025,73
1111016200,U026,72
1111016200,U028,40
1111016200,U029,50
1111016200,U027,39
1111016200,U030,52
1111016200,U031,49
1111016200,U032,60
1111016200,U033,50
1111016200,U034,68
1111016200,U035,59
1111016200,U036,66
1111016200,U037,59
1111016200,U038,67
1111016200,U039,56
1111016200,U040,53
1111016200,U041,70
1111016200,U042,43
1111016200,U043,63
1111016200,U045,61
1111016200,U044,36
1111016200,U046,45
1111016200,U047,62
1111016200,V001,54
1111016200,V002,33
1111016300,B001,22
1111016300,C001,65
1111016300,C003,49
1111016300,C004,44
1111016300,C002,72
1111016300,C005,48
1111016300,C006,68
1111016300,C007,41
1111016300,C009,45
1111016300,C008,60
1111016300,E001,54
1111016300,U001,34
1111016300,M001,50
1111016300,P002,46
1111016300,P001,77
1111016300,U002,54
1111016300,U004,59
1111016300,U003,44
1111016300,U006,43
1111016300,U005,44
1111016300,U007,36
1111016300,U009,53
1111016300,U008,51
1111016300,U012,41
1111016300,U011,56
1111016300,U010,75
1111016300,U013,43
1111016300,U014,61
1111016300,U015,67
1111016300,U016,54
1111016300,U017,49
1111016300,U018,51
1111016300,U019,59
1111016300,U020,71
1111016300,U021,85
1111016300,U022,29
1111016300,U023,47
1111016300,U024,63
1111016300,U025,72
1111016300,U027,43
1111016300,U028,43
1111016300,U026,70
1111016300,U029,55
1111016300,U030,48
1111016300,U031,47
1111016300,U033,59
1111016300,U032,58
1111016300,U034,66
1111016300,U035,49
1111016300,U036,63
1111016300,U038,62
1111016300,U037,57
1111016300,U039,53
1111016300,U041,57
1111016300,U040,46
1111016300,U043,64
1111016300,U042,41
1111016300,U045,54
1111016300,U046,48
1111016300,U044,39
1111016300,V001,49
1111016300,U047,57
1111016400,B001,23
1111016300,V002,31
1111016400,C003,50
1111016400,C004,48
1111016400,C001,70
1111016400,C002,72
1111016400,C005,56
1111016400,C006,71
1111016400,C007,38
1111016400,C008,55
1111016400,C009,46
1111016400,E001,62
1111016400,M001,51
1111016400,P002,43
1111016400,P001,76
1111016400,U002,50
1111016400,U003,44
1111016400,U004,62
1111016400,U005,44
1111016400,U006,44
1111016400,U007,40
1111016400,U009,48
1111016400,U008,52
1111016400,U001,35
1111016400,U012,38
1111016400,U010,74
1111016400,U011,54
1111016400,U013,44
1111016400,U014,67
1111016400,U015,68
1111016400,U016,54
1111016400,U017,62
1111016400,U018,48
1111016400,U019,60
1111016400,U020,68
1111016400,U023,50
1111016400,U021,73
1111016400,U024,64
1111016400,U022,31
1111016400,U027,46
1111016400,U025,77
1111016400,U026,75
1111016400,U028,39
1111016400,U029,45
1111016400,U030,51
1111016400,U031,44
1111016400,U032,60
1111016400,U033,59
1111016400,U034,63
1111016400,U035,60
1111016400,U036,56
1111016400,U037,62
1111016400,U038,59
1111016400,U040,49
1111016400,U039,53
1111016400,U041,54
1111016400,U042,42
1111016400,U043,59
1111016400,U044,36
1111016400,U045,52
1111016500,B001,15
1111016400,U046,40
1111016400,V001,49
1111016400,V002,28
1111016400,U047,54
1111016500,C001,82
1111016500,C003,47
1111016500,C002,71
1111016500,C005,56
1111016500,C004,48
1111016500,C006,71
1111016500,C007,47
1111016500,C008,58
1111016500,E001,71
1111016500,C009,53
1111016500,U001,32
1111016500,M001,59
1111016500,P001,85
1111016500,P002,50
1111016500,U002,59
1111016500,U003,48
1111016500,U004,62
1111016500,U005,52
1111016500,U006,60
1111016500,U007,46
1111016500,U009,48
1111016500,U011,65
1111016500,U012,46
1111016500,U010,90
1111016500,U008,58
1111016500,U013,46
1111016500,U016,58
1111016500,U015,67
1111016500,U014,67
1111016500,U017,67
1111016500,U018,51
1111016500,U022,27
1111016500,U019,69
1111016500,U020,70
1111016500,U023,50
1111016500,U024,63
1111016500,U021,82
1111016500,U025,83
1111016500,U028,41
1111016500,U029,51
1111016500,U026,82
1111016500,U030,51
1111016500,U031,53
1111016500,U032,68
1111016500,U033,53
1111016500,U034,69
1111016500,U027,41
1111016500,U035,60
1111016500,U036,64
1111016500,U037,69
1111016500,U038,68
1111016500,U039,58
1111016500,U040,53
1111016500,U041,71
1111016500,U044,35
1111016500,U042,58
1111016500,U043,67
1111016500,U045,62
1111016600,B001,15
1111016500,U046,47
1111016500,V001,55
1111016500,U047,64
1111016500,V002,37
1111016600,C003,46
1111016600,C002,66
1111016600,C001,83
1111016600,C004,64
1111016600,C005,58
1111016600,C006,76
1111016600,C007,43
1111016600,C009,52
1111016600,C008,57
1111016600,U001,33
1111016600,M001,63
1111016600,E001,55
1111016600,P001,76
1111016600,P002,54
1111016600,U002,55
1111016600,U003,45
1111016600,U005,50
1111016600,U004,59
1111016600,U006,60
1111016600,U007,45
1111016600,U009,52
1111016600,U008,58
1111016600,U011,54
1111016600,U010,75
1111016600,U012,44
1111016600,U013,48
1111016600,U016,53
1111016600,U015,76
1111016600,U014,66
1111016600,U017,66
1111016600,U022,15
1111016600,U018,50
1111016600,U019,68
1111016600,U020,73
1111016600,U023,57
1111016600,U021,78
1111016600,U024,77
1111016600,U025,95
1111016600,U027,40
1111016600,U026,76
1111016600,U028,40
1111016600,U029,51
1111016600,U030,56
1111016600,U031,49
1111016600,U032,65
1111016600,U033,52
1111016600,U034,68
1111016600,U035,50
1111016600,U036,60
1111016600,U037,67
1111016600,U038,64
1111016600,U039,57
1111016600,U040,53
1111016600,U041,54
1111016600,U042,58
1111016600,U044,40
1111016600,U043,64
1111016600,U045,57
1111016700,B001,18
1111016600,V001,51
1111016600,U046,45
1111016600,V002,33
1111016600,U047,63
1111016700,C003,51
1111016700,C004,52
1111016700,C005,60
1111016700,C001,73
1111016700,C002,73
1111016700,C006,76
1111016700,C009,49
1111016700,C007,43
1111016700,C008,60
1111016700,E001,65
1111016700,M001,55
1111016700,P002,47
1111016700,P001,80
1111016700,U002,55
1111016700,U001,31
1111016700,U003,49
1111016700,U004,67
1111016700,U005,50
1111016700,U006,46
1111016700,U007,35
1111016700,U008,55
1111016700,U009,50
1111016700,U012,42
1111016700,U011,67
1111016700,U010,78
1111016700,U013,42
1111016700,U015,70
1111016700,U016,60
1111016700,U014,70
1111016700,U017,55
1111016700,U022,25
1111016700,U018,53
1111016700,U019,62
1111016700,U020,72
1111016700,U021,78
1111016700,U023,55
1111016700,U024,67
1111016700,U025,79
1111016700,U026,77
1111016700,U028,43
1111016700,U029,53
1111016700,U027,42
1111016700,U030,56
1111016700,U033,56
1111016700,U034,64
1111016700,U032,64
1111016700,U031,48
1111016700,U035,61
1111016700,U036,60
1111016700,U039,58
1111016700,U038,63
1111016700,U037,64
1111016700,U040,56
1111016700,U044,31
1111016700,U041,59
1111016700,U042,45
1111016700,U043,63
1111016700,U045,64
1111016700,U046,42
1111016800,B001,15
1111016700,V001,50
1111016700,U047,65
1111016700,V002,33
1111016800,C001,76
1111016800,C003,52
1111016800,C002,66
1111016800,C005,54
1111016800,C004,52
1111016800,C007,41
1111016800,C006,59
1111016800,C008,54
1111016800,C009,50
1111016800,E001,53
1111016800,U001,30
1111016800,M001,61
1111016800,P001,79
1111016800,P002,52
1111016800,U002,53
1111016800,U003,49
1111016800,U005,45
1111016800,U004,57
1111016800,U006,57
1111016800,U007,42
1111016800,U009,45
1111016800,U008,55
1111016800,U011,52
1111016800,U010,77
1111016800,U012,42
1111016800,U015,74
1111016800,U013,46
1111016800,U014,72
1111016800,U016,58
1111016800,U017,56
1111016800,U022,15
1111016800,U018,47
1111016800,U019,65
1111016800,U020,71
1111016800,U023,59
1111016800,U021,76
1111016800,U024,75
1111016800,U025,83
1111016800,U026,81
1111016800,U027,37
1111016800,U028,37
1111016800,U029,48
1111016800,U030,51
1111016800,U031,47
1111016800,U032,63
1111016800,U033,58
1111016800,U034,66
1111016800,U035,60
1111016800,U036,59
1111016800,U037,65
1111016800,U039,59
1111016800,U040,50
1111016800,U044,30
1111016800,U038,62
1111016800,U041,52
1111016800,U042,55
1111016800,U043,62
1111016800,U045,58
1111016800,U046,43
1111016800,V001,49
1111016800,U047,65
1111016900,B001,24
1111016800,V002,31
1111016900,C003,46
1111016900,C001,85
1111016900,C002,67
1111016900,C005,58
1111016900,C004,61
1111016900,C007,46
1111016900,C006,77
1111016900,C008,56
1111016900,C009,54
1111016900,E001,58
1111016900,U001,15
1111016900,P001,83
1111016900,M001,66
1111016900,P002,56
1111016900,U002,58
1111016900,U003,45
1111016900,U004,61
1111016900,U005,52
1111016900,U007,43
1111016900,U006,58
1111016900,U008,56
1111016900,U009,49
1111016900,U012,48
1111016900,U010,81
1111016900,U011,52
1111016900,U013,59
1111016900,U014,67
1111016900,U015,70
1111016900,U016,53
1111016900,U017,60
1111016900,U018,49
1111016900,U022,26
1111016900,U019,66
1111016900,U020,75
1111016900,U021,81
1111016900,U023,59
1111016900,U024,75
1111016900,U027,31
1111016900,U025,97
1111016900,U026,85
1111016900,U028,39
1111016900,U029,49
1111016900,U030,55
1111016900,U031,51
1111016900,U032,67
1111016900,U035,51
1111016900,U033,52
1111016900,U034,70
1111016900,U036,63
1111016900,U037,69
1111016900,U038,66
1111016900,U039,62
1111016900,U040,51
1111016900,U044,28
1111016900,U041,53
1111016900,U042,56
1111016900,U045,54
1111016900,U046,47
1111016900,U047,70
1111016900,U043,66
1111016900,V001,53
1111016900,V002,35
1111017000,C003,51
1111017000,C002,71
1111017000,B001,24
1111017000,C001,89
1111017000,C004,66
1111017000,C005,63
1111017000,C007,45
1111017000,C006,87
1111017000,C008,59
1111017000,C009,53
1111017000,E001,57
1111017000,U001,28
1111017000,M001,75
1111017000,P001,83
1111017000,P002,56
1111017000,U003,49
1111017000,U004,61
1111017000,U002,57
1111017000,U005,56
1111017000,U006,62
1111017000,U009,53
1111017000,U007,47
1111017000,U008,60
1111017000,U011,67
1111017000,U010,81
1111017000,U012,52
1111017000,U013,67
1111017000,U016,57
1111017000,U014,71
1111017000,U015,74
1111017000,U017,60
1111017000,U018,52
1111017000,U019,70
1111017000,U022,26
1111017000,U020,75
1111017000,U021,80
1111017000,U023,66
1111017000,U027,27
1111017000,U024,71
1111017000,U025,101
1111017000,U026,87
1111017000,U028,42
1111017000,U029,53
1111017000,U030,67
1111017000,U031,51
1111017000,U032,66
1111017000,U034,70
1111017000,U033,57
1111017000,U035,55
1111017000,U038,66
1111017000,U037,74
1111017000,U039,67
1111017000,U040,55
1111017000,U041,72
1111017000,U043,65
1111017000,U044,35
1111017000,U045,59
1111017000,U036,62
1111017000,U046,47
1111017000,U042,60
1111017100,B001,24
1111017000,U047,73
1111017000,V001,66
1111017000,V002,35
1111017100,C003,43
1111017100,C001,81
1111017100,C002,63
1111017100,C004,59
1111017100,C005,55
1111017100,C007,47
1111017100,C006,75
1111017100,C009,53
1111017100,C008,54
1111017100,E001,56
1111017100,U001,15
1111017100,M001,53
1111017100,P001,80
1111017100,P002,55
1111017100,U002,56
1111017100,U003,41
1111017100,U004,60
1111017100,U005,48
1111017100,U006,57
1111017100,U007,42
1111017100,U009,46
1111017100,U008,54
1111017100,U010,81
1111017100,U011,62
1111017100,U012,44
1111017100,U013,47
1111017100,U014,63
1111017100,U015,67
1111017100,U016,49
1111017100,U017,58
1111017100,U018,46
1111017100,U022,25
1111017100,U019,65
1111017100,U020,60
1111017100,U023,62
1111017100,U021,79
1111017100,U024,63
1111017100,U027,23
1111017100,U025,93
1111017100,U028,36
1111017100,U026,80
1111017100,U029,48
1111017100,U030,63
1111017100,U031,50
1111017100,U033,49
1111017100,U034,69
1111017100,U032,66
1111017100,U035,47
1111017100,U036,62
1111017100,U037,74
1111017100,U038,65
1111017100,U039,58
1111017100,U040,50
1111017100,U041,67
1111017100,U044,29
1111017100,U045,51
1111017100,U042,55
1111017100,U046,46
1111017100,U043,65
1111017200,B001,20
1111017100,U047,67
1111017100,V002,36
1111017100,V001,59
1111017200,C003,41
1111017200,C001,79
1111017200,C002,62
1111017200,C005,53
1111017200,C004,56
1111017200,C006,72
1111017200,C007,41
1111017200,C009,49
1111017200,C008,55
1111017200,E001,53
1111017200,U001,31
1111017200,M001,51
1111017200,P001,78
1111017200,P002,51
1111017200,U002,53
1111017200,U003,40
1111017200,U005,47
1111017200,U004,56
1111017200,U006,57
1111017200,U007,43
1111017200,U008,52
1111017200,U009,44
1111017200,U010,77
1111017200,U011,51
1111017200,U012,41
1111017200,U013,46
1111017200,U014,62
1111017200,U016,48
1111017200,U015,65
1111017200,U017,56
1111017200,U022,25
1111017200,U018,44
1111017200,U019,65
1111017200,U020,70
1111017200,U021,76
1111017200,U023,60
1111017200,U024,61
1111017200,U027,24
1111017200,U028,34
1111017200,U025,92
1111017200,U029,44
1111017200,U026,80
1111017200,U030,50
1111017200,U031,46
1111017200,U032,62
1111017200,U033,47
1111017200,U035,45
1111017200,U034,65
1111017200,U036,58
1111017200,U037,64
1111017200,U038,61
1111017200,U039,56
1111017200,U040,50
1111017200,U044,27
1111017200,U041,52
1111017200,U042,55
1111017200,U043,61
1111017200,U045,49
1111017200,U046,43
1111017300,B001,34
1111017200,U047,64
1111017200,V002,31
1111017200,V001,48
1111017300,C002,74
1111017300,C001,92
1111017300,C003,54
1111017300,C005,58
1111017300,C004,70
1111017300,C006,86
1111017300,C007,52
1111017300,C008,68
1111017300,C009,67
1111017300,E001,67
1111017300,U001,39
1111017300,P002,73
1111017300,M001,65
1111017300,P001,91
1111017300,U002,67
1111017300,U003,53
1111017300,U004,74
1111017300,U005,59
1111017300,U006,70
1111017300,U007,56
1111017300,U009,58
1111017300,U008,65
1111017300,U011,77
1111017300,U010,92
1111017300,U012,55
1111017300,U013,58
1111017300,U014,74
1111017300,U015,78
1111017300,U017,69
1111017300,U018,58
1111017300,U016,60
1111017300,U019,78
1111017300,U022,37
1111017300,U020,69
1111017300,U021,92
1111017300,U027,15
1111017300,U024,75
1111017300,U023,74
1111017300,U025,104
1111017300,U026,91
1111017300,U028,48
1111017300,U029,58
1111017300,U030,78
1111017300,U031,68
1111017300,U033,60
1111017300,U032,77
1111017300,U035,58
1111017300,U034,83
1111017300,U036,75
1111017300,U038,78
1111017300,U037,85
1111017300,U039,69
1111017300,U041,81
1111017300,U040,63
1111017300,U044,48
1111017300,U042,68
1111017300,U043,78
1111017300,U046,60
1111017300,U045,63
1111017300,U047,73
1111017400,B001,30
1111017300,V001,71
1111017300,V002,47
1111017400,C001,74
1111017400,C003,54
1111017400,C004,51
1111017400,C002,80
1111017400,C005,64
1111017400,C007,47
1111017400,C006,74
1111017400,C009,50
1111017400,C008,59
1111017400,E001,72
1111017400,M001,53
1111017400,P002,50
1111017400,U002,57
1111017400,P001,84
1111017400,U003,52
1111017400,U001,42
1111017400,U004,65
1111017400,U005,52
1111017400,U006,48
1111017400,U007,43
1111017400,U009,56
1111017400,U008,56
1111017400,U011,61
1111017400,U010,83
1111017400,U012,48
1111017400,U013,46
1111017400,U015,67
1111017400,U014,75
1111017400,U016,62
1111017400,U017,62
1111017400,U018,62
1111017400,U019,64
1111017400,U020,75
1111017400,U021,82
1111017400,U023,53
1111017400,U024,63
1111017400,U025,81
1111017400,U027,51
1111017400,U022,37
1111017400,U028,42
1111017400,U026,79
1111017400,U030,54
1111017400,U029,57
1111017400,U031,52
1111017400,U033,67
1111017400,U032,68
1111017400,U036,69
1111017400,U035,68
1111017400,U034,69
1111017400,U037,66
1111017400,U038,67
1111017400,U039,61
1111017400,U040,52
1111017400,U041,60
1111017400,U044,35
1111017400,U042,46
1111017400,U043,66
1111017400,U045,59
1111017400,U046,47
1111017400,U047,60
1111017400,V001,57
1111017400,V002,37
1111017500,C001,74
1111017500,B001,29
1111017500,C003,54
1111017500,C004,43
1111017500,C002,79
1111017500,C005,63
1111017500,C008,55
1111017500,C006,67
1111017500,C009,45
1111017500,C007,54
1111017500,E001,54
1111017500,M001,55
1111017500,P002,47
1111017500,P001,83
1111017500,U004,58
1111017500,U002,54
1111017500,U003,51
1111017500,U005,51
1111017500,U006,43
1111017500,U009,58
1111017500,U008,52
1111017500,U001,41
1111017500,U010,82
1111017500,U012,47
1111017500,U011,55
1111017500,U013,44
1111017500,U007,35
1111017500,U015,64
1111017500,U016,61
1111017500,U014,76
1111017500,U017,60
1111017500,U018,61
1111017500,U019,59
1111017500,U020,72
1111017500,U023,45
1111017500,U021,94
1111017500,U024,60
1111017500,U025,80
1111017500,U028,38
1111017500,U027,50
1111017500,U026,79
1111017500,U030,48
1111017500,U029,56
1111017500,U031,60
1111017500,U022,36
1111017500,U032,67
1111017500,U033,72
1111017500,U034,67
1111017500,U036,62
1111017500,U035,67
1111017500,U037,65
1111017500,U038,74
1111017500,U039,60
1111017500,U040,44
1111017500,U044,32
1111017500,U041,72
1111017500,U042,44
1111017500,U043,63
1111017500,U045,53
1111017500,U046,44
1111017500,U047,58
1111017500,V001,50
1111017500,V002,44
1111017600,B001,43
1111017600,C001,63
1111017600,C002,50
1111017600,C005,42
1111017600,C004,68
1111017600,C007,43
1111017600,C003,35
1111017600,C006,62
1111017600,C009,51
1111017600,C008,70
1111017600,P001,65
1111017600,E001,58
1111017600,M001,61
1111017600,U003,15
1111017600,P002,47
1111017600,U001,55
1111017600,U005,25
1111017600,U002,59
1111017600,U004,61
1111017600,U006,58
1111017600,U007,49
1111017600,U009,66
1111017600,U008,67
1111017600,U010,62
1111017600,U012,51
1111017600,U011,68
1111017600,U014,47
1111017600,U013,54
1111017600,U016,42
1111017600,U015,75
1111017600,U017,47
1111017600,U018,66
1111017600,U020,51
1111017600,U019,70
1111017600,U021,81
1111017600,U022,41
1111017600,U023,69
1111017600,U024,71
1111017600,U027,50
1111017600,U025,76
1111017600,U026,69
1111017600,U029,58
1111017600,U028,56
1111017600,U030,54
1111017600,U031,44
1111017600,U033,36
1111017600,U032,61
1111017600,U034,69
1111017600,U036,61
1111017600,U037,60
1111017600,U038,76
1111017600,U040,77
1111017600,U042,56
1111017600,U041,75
1111017600,U035,31
1111017600,U043,64
1111017600,U039,34
1111017600,U044,49
1111017600,U045,71
1111017600,U046,47
1111017600,U047,44
1111017600,V001,58
1111017600,V002,39
1111017700,B001,40
1111017700,C001,61
1111017700,C002,55
1111017700,C004,65
1111017700,C005,37
1111017700,C006,60
1111017700,C007,41
1111017700,C009,49
1111017700,C008,67
1111017700,C003,37
1111017700,E001,56
1111017700,M001,59
1111017700,U003,23
1111017700,P001,62
1111017700,P002,46
1111017700,U001,52
1111017700,U005,24
1111017700,U002,56
1111017700,U004,58
1111017700,U006,56
1111017700,U007,47
1111017700,U009,68
1111017700,U008,64
1111017700,U010,61
1111017700,U012,47
1111017700,U011,66
1111017700,U013,52
1111017700,U014,52
1111017700,U016,43
1111017700,U015,72
1111017700,U017,45
1111017700,U018,59
1111017700,U019,68
1111017700,U020,55
1111017700,U022,44
1111017700,U021,80
1111017700,U024,69
1111017700,U023,67
1111017700,U025,74
1111017700,U026,67
1111017700,U027,52
1111017700,U028,58
1111017700,U029,56
1111017700,U030,52
1111017700,U031,44
1111017700,U032,60
1111017700,U033,39
1111017700,U034,66
1111017700,U036,59
1111017700,U037,59
1111017700,U038,76
1111017700,U040,73
1111017700,U041,73
1111017700,U042,54
1111017700,U035,34
1111017700,U039,36
1111017700,U043,62
1111017700,U044,52
1111017700,U045,63
1111017700,U046,45
1111017700,U047,42
1111017700,V002,37
1111017800,B001,45
1111017700,V001,55
1111017800,C003,38
1111017800,C001,67
1111017800,C002,50
1111017800,C005,40
1111017800,C004,70
1111017800,C006,66
1111017800,C007,45
1111017800,C008,76
1111017800,C009,55
1111017800,E001,63
1111017800,P001,69
1111017800,M001,65
1111017800,P002,48
1111017800,U001,53
1111017800,U003,15
1111017800,U002,63
1111017800,U005,27
1111017800,U004,64
1111017800,U007,53
1111017800,U006,63
1111017800,U009,68
1111017800,U008,70
1111017800,U010,64
1111017800,U012,52
1111017800,U011,77
1111017800,U014,48
1111017800,U013,58
1111017800,U016,46
1111017800,U015,78
1111017800,U017,44
1111017800,U018,68
1111017800,U019,74
1111017800,U020,51
1111017800,U022,44
1111017800,U021,82
1111017800,U023,72
1111017800,U024,75
1111017800,U027,52
1111017800,U025,80
1111017800,U028,58
1111017800,U029,62
1111017800,U026,73
1111017800,U030,58
1111017800,U031,46
1111017800,U033,39
1111017800,U032,62
1111017800,U036,65
1111017800,U034,72
1111017800,U037,62
1111017800,U038,78
1111017800,U040,78
1111017800,U042,60
1111017800,U041,79
1111017800,U035,34
1111017800,U043,68
1111017800,U044,52
1111017800,U046,51
1111017800,U045,74
1111017800,U039,36
1111017800,U047,48
1111017800,V001,58
1111017900,B001,46
1111017800,V002,35
1111017900,C003,36
1111017900,C001,69
1111017900,C005,38
1111017900,C002,50
1111017900,C004,71
1111017900,C007,47
1111017900,C006,67
1111017900,C009,56
1111017900,C008,73
1111017900,E001,61
1111017900,M001,66
1111017900,P001,70
1111017900,P002,48
1111017900,U001,51
1111017900,U003,15
1111017900,U002,61
1111017900,U005,28
1111017900,U004,66
1111017900,U007,55
1111017900,U006,76
1111017900,U009,66
1111017900,U008,73
1111017900,U010,66
1111017900,U012,52
1111017900,U011,75
1111017900,U013,60
1111017900,U014,48
1111017900,U016,42
1111017900,U017,45
1111017900,U018,66
1111017900,U015,80
1111017900,U019,76
1111017900,U020,51
1111017900,U022,41
1111017900,U023,73
1111017900,U021,82
1111017900,U024,76
1111017900,U025,81
1111017900,U027,50
1111017900,U026,74
1111017900,U029,67
1111017900,U028,56
1111017900,U030,59
1111017900,U031,46
1111017900,U032,62
1111017900,U033,40
1111017900,U034,74
1111017900,U036,67
1111017900,U037,62
1111017900,U038,78
1111017900,U040,69
1111017900,U041,81
1111017900,U042,63
1111017900,U035,35
1111017900,U043,70
1111017900,U045,71
1111017900,U044,49
1111017900,U046,53
1111017900,U039,38
1111017900,U047,49
1111017900,V001,56
1111017900,V002,40
1111018000,B001,36
1111018000,C003,32
1111018000,C002,48
1111018000,C001,63
1111018000,C005,35
1111018000,C004,66
1111018000,C006,68
1111018000,C007,43
1111018000,C008,69
1111018000,C009,57
1111018000,E001,58
1111018000,M001,68
1111018000,P001,70
1111018000,P002,47
1111018000,U003,21
1111018000,U001,47
1111018000,U002,58
1111018000,U005,26
1111018000,U004,66
1111018000,U006,72
1111018000,U007,57
1111018000,U009,62
1111018000,U008,69
1111018000,U010,62
1111018000,U012,49
1111018000,U011,71
1111018000,U013,62
1111018000,U014,46
1111018000,U016,38
1111018000,U015,82
1111018000,U017,42
1111018000,U018,62
1111018000,U019,78
1111018000,U020,49
1111018000,U022,37
1111018000,U021,80
1111018000,U023,71
1111018000,U024,78
1111018000,U027,46
1111018000,U025,81
1111018000,U026,72
1111018000,U028,52
1111018000,U029,63
1111018000,U030,59
1111018000,U033,34
1111018000,U031,44
1111018000,U032,60
1111018000,U034,75
1111018000,U036,67
1111018000,U037,60
1111018000,U038,76
1111018000,U040,65
1111018000,U042,59
1111018000,U041,72
1111018000,U035,32
1111018000,U039,34
1111018000,U043,70
1111018000,U045,67
1111018000,U044,45
1111018000,U046,53
1111018000,V001,53
1111018000,U047,49
1111018000,V002,38
1111018100,B001,46
1111018100,C003,26
1111018100,C005,36
1111018100,C002,49
1111018100,C001,74
1111018100,C004,65
1111018100,C006,70
1111018100,C007,52
1111018100,C009,60
1111018100,C008,74
1111018100,E001,59
1111018100,M001,70
1111018100,P002,57
1111018100,P001,75
1111018100,U003,32
1111018100,U001,58
1111018100,U002,59
1111018100,U005,35
1111018100,U004,68
1111018100,U006,62
1111018100,U007,58
1111018100,U009,56
1111018100,U008,71
1111018100,U010,67
1111018100,U011,75
1111018100,U012,50
1111018100,U013,63
1111018100,U014,47
1111018100,U016,42
1111018100,U015,83
1111018100,U017,48
1111018100,U018,72
1111018100,U020,50
1111018100,U019,79
1111018100,U022,47
1111018100,U021,87
1111018100,U023,81
1111018100,U024,80
1111018100,U027,49
1111018100,U026,85
1111018100,U025,86
1111018100,U028,62
1111018100,U029,63
1111018100,U030,73
1111018100,U031,54
1111018100,U032,71
1111018100,U033,38
1111018100,U034,77
1111018100,U036,69
1111018100,U037,70
1111018100,U038,86
1111018100,U040,75
1111018100,U041,73
1111018100,U035,36
1111018100,U042,61
1111018100,U043,72
1111018100,U045,74
1111018100,U046,54
1111018100,U044,55
1111018100,U039,44
1111018100,V001,54
1111018100,U047,47
1111018100,V002,39
1111018200,B001,83
1111018200,C003,70
1111018200,C002,66
1111018200,C001,119
1111018200,C004,101
1111018200,C006,122
1111018200,C007,84
1111018200,C008,98
1111018200,C009,93
1111018200,C005,51
1111018200,E001,92
1111018200,M001,94
1111018200,P001,112
1111018200,U001,84
1111018200,U003,70
1111018200,U002,92
1111018200,P002,98
1111018200,U004,100
1111018200,U005,76
1111018200,U009,58
1111018200,U006,99
1111018200,U007,83
1111018200,U008,101
1111018200,U010,110
1111018200,U011,89
1111018200,U012,83
1111018200,U013,87
1111018200,U016,49
1111018200,U014,73
1111018200,U015,115
1111018200,U018,79
1111018200,U017,86
1111018200,U020,62
1111018200,U019,111
1111018200,U021,120
1111018200,U022,82
1111018200,U023,102
1111018200,U024,111
1111018200,U025,131
1111018200,U026,117
1111018200,U027,98
1111018200,U029,85
1111018200,U028,80
1111018200,U030,100
1111018200,U033,78
1111018200,U032,102
1111018200,U031,85
1111018200,U035,76
1111018200,U034,109
1111018200,U036,108
1111018200,U038,101
1111018200,U037,111
1111018200,U039,87
1111018200,U040,92
1111018200,U043,111
1111018200,U042,97
1111018200,U045,87
1111018200,U044,89
1111018200,U047,83
1111018200,U046,87
1111018200,V001,87
1111018200,U041,99
1111018300,B001,58
1111018300,C002,55
1111018300,C001,107
1111018300,C003,56
1111018300,C004,73
1111018300,C006,94
1111018300,C007,72
1111018300,C008,65
1111018300,M001,67
1111018200,V002,72
1111018300,E001,81
1111018300,C009,70
1111018300,U001,56
1111018300,C005,40
1111018300,P002,78
1111018300,P001,98
1111018300,U002,81
1111018300,U003,56
1111018300,U007,55
1111018300,U005,63
1111018300,U006,71
1111018300,U011,71
1111018300,U010,95
1111018300,U009,30
1111018300,U008,73
1111018300,U004,88
1111018300,U012,73
1111018300,U013,59
1111018300,U015,82
1111018300,U014,59
1111018300,U018,51
1111018300,U017,75
1111018300,U019,77
1111018300,U020,54
1111018300,U016,42
1111018300,U021,108
1111018300,U022,58
1111018300,U024,78
1111018300,U023,74
1111018300,U025,102
1111018300,U027,66
1111018300,U026,100
1111018300,U029,58
1111018300,U028,52
1111018300,U030,77
1111018300,U031,74
1111018300,U033,63
1111018300,U034,97
1111018300,U032,92
1111018300,U035,61
1111018300,U036,93
1111018300,U038,107
1111018300,U039,79
1111018300,U037,91
1111018300,U040,64
1111018300,U041,78
1111018300,U043,96
1111018300,U042,69
1111018300,U044,61
1111018300,U045,60
1111018300,U046,75
1111018300,V001,76
1111018300,U047,76
1111018300,V002,63
1111018400,B001,48
1111018400,C002,44
1111018400,C005,29
1111018400,C001,78
1111018400,C004,70
1111018400,C006,76
1111018400,C003,38
1111018400,C007,54
1111018400,C008,80
1111018400,C009,70
1111018400,E001,63
1111018400,M001,74
1111018400,P002,60
1111018400,P001,80
1111018400,U001,60
1111018400,U002,63
1111018400,U003,39
1111018400,U004,77
1111018400,U005,45
1111018400,U006,68
1111018400,U009,36
1111018400,U007,61
1111018400,U010,78
1111018400,U008,77
1111018400,U011,66
1111018400,U012,54
1111018400,U016,24
1111018400,U013,67
1111018400,U014,51
1111018400,U015,92
1111018400,U018,51
1111018400,U017,81
1111018400,U019,84
1111018400,U020,49
1111018400,U021,98
1111018400,U022,50
1111018400,U024,88
1111018400,U023,74
1111018400,U025,84
1111018400,U026,82
1111018400,U027,60
1111018400,U028,65
1111018400,U029,65
1111018400,U030,68
1111018400,U031,57
1111018400,U033,46
1111018400,U034,86
1111018400,U032,74
1111018400,U035,44
1111018400,U036,76
1111018400,U037,74
1111018400,U038,90
1111018400,U039,55
1111018400,U040,81
1111018400,U042,66
1111018400,U043,79
1111018400,U041,77
1111018400,U044,67
1111018400,U045,64
1111018400,V001,59
1111018400,U046,64
1111018400,U047,67
1111018400,V002,49
1111018500,B001,55
1111018500,C005,28
1111018500,C003,44
1111018500,C002,48
1111018500,C004,76
1111018500,C001,95
1111018500,C006,82
1111018500,C007,60
1111018500,C008,75
1111018500,C009,75
1111018500,E001,69
1111018500,P001,86
1111018500,M001,88
1111018500,P002,66
1111018500,U002,69
1111018500,U001,66
1111018500,U003,45
1111018500,U004,82
1111018500,U005,51
1111018500,U007,63
1111018500,U006,74
1111018500,U009,40
1111018500,U011,81
1111018500,U008,83
1111018500,U012,60
1111018500,U010,84
1111018500,U016,15
1111018500,U013,73
1111018500,U014,51
1111018500,U017,66
1111018500,U015,98
1111018500,U018,61
1111018500,U019,90
1111018500,U021,101
1111018500,U022,56
1111018500,U020,53
1111018500,U023,80
1111018500,U024,94
1111018500,U027,69
1111018500,U025,90
1111018500,U026,88
1111018500,U028,62
1111018500,U029,68
1111018500,U030,74
1111018500,U031,62
1111018500,U032,80
1111018500,U033,52
1111018500,U034,91
1111018500,U035,50
1111018500,U036,82
1111018500,U037,79
1111018500,U038,95
1111018500,U039,71
1111018500,U040,81
1111018500,U041,88
1111018500,U042,72
1111018500,U043,85
1111018500,U044,71
1111018500,U045,68
1111018500,U047,67
1111018500,U046,69
1111018500,V001,64
1111018500,V002,55
1111018600,B001,51
1111018600,C002,46
1111018600,C003,41
1111018600,C001,93
1111018600,C005,25
1111018600,C004,71
1111018600,C006,92
1111018600,C007,59
1111018600,C008,63
1111018600,E001,66
1111018600,C009,73
1111018600,M001,67
1111018600,P001,83
1111018600,P002,64
1111018600,U001,54
1111018600,U002,66
1111018600,U003,42
1111018600,U004,81
1111018600,U005,49
1111018600,U006,71
1111018600,U007,56
1111018600,U009,28
1111018600,U008,72
1111018600,U010,81
1111018600,U011,70
1111018600,U012,57
1111018600,U016,26
1111018600,U013,61
1111018600,U014,45
1111018600,U015,80
1111018600,U018,50
1111018600,U017,60
1111018600,U019,76
1111018600,U020,41
1111018600,U021,101
1111018600,U022,53
1111018600,U024,76
1111018600,U023,75
1111018600,U025,87
1111018600,U026,85
1111018600,U027,64
1111018600,U029,57
1111018600,U028,51
1111018600,U030,71
1111018600,U031,60
1111018600,U032,77
1111018600,U033,49
1111018600,U034,90
1111018600,U035,47
1111018600,U036,79
1111018600,U037,77
1111018600,U038,93
1111018600,U039,65
1111018600,U040,64
1111018600,U041,76
1111018600,U042,69
1111018600,U043,82
1111018600,U044,59
1111018600,U045,56
1111018600,U046,67
1111018600,U047,61
1111018600,V001,62
1111018600,V002,53
1111018700,B001,41
1111018700,C003,40
1111018700,C002,48
1111018700,C001,73
1111018700,C004,62
1111018700,C005,35
1111018700,C006,68
1111018700,C007,50
1111018700,C008,72
1111018700,C009,58
1111018700,E001,57
1111018700,P001,79
1111018700,M001,67
1111018700,P002,54
1111018700,U001,52
1111018700,U003,30
1111018700,U002,57
1111018700,U004,66
1111018700,U007,56
1111018700,U006,60
1111018700,U008,69
1111018700,U009,54
1111018700,U010,71
1111018700,U011,72
1111018700,U012,48
1111018700,U013,61
1111018700,U005,36
1111018700,U014,45
1111018700,U016,44
1111018700,U015,81
1111018700,U017,52
1111018700,U018,65
1111018700,U019,77
1111018700,U020,49
1111018700,U021,85
1111018700,U022,40
1111018700,U023,78
1111018700,U024,77
1111018700,U025,86
1111018700,U027,47
1111018700,U026,83
1111018700,U028,56
1111018700,U029,61
1111018700,U030,71
1111018700,U031,51
1111018700,U032,67
1111018700,U034,75
1111018700,U036,67
1111018700,U035,36
1111018700,U038,83
1111018700,U037,67
1111018700,U033,37
1111018700,U040,65
1111018700,U041,71
1111018700,U042,58
1111018700,U043,70
1111018700,U045,72
1111018700,U044,52
1111018700,U046,52
1111018700,U039,52
1111018700,U047,46
1111018700,V001,52
1111018700,V002,37
1114010100,B001,34
1114010100,C001,70
1114010100,C002,62
1114010100,C004,62
1114010100,C005,46
1114010100,C007,49
1114010100,C006,86
1114010100,C008,65
1114010100,C009,51
1114010100,E001,54
1114010100,C003,35
1114010100,M001,60
1114010100,P001,71
1114010100,U001,47
1114010100,P002,61
1114010100,U003,36
1114010100,U002,51
1114010100,U005,33
1114010100,U004,58
1114010100,U006,53
1114010100,U007,51
1114010100,U009,50
1114010100,U008,62
1114010100,U010,70
1114010100,U011,66
1114010100,U012,48
1114010100,U013,54
1114010100,U014,59
1114010100,U016,38
1114010100,U017,47
1114010100,U015,77
1114010100,U018,68
1114010100,U019,70
1114010100,U020,66
1114010100,U022,41
1114010100,U021,80
1114010100,U023,64
1114010100,U024,73
1114010100,U025,69
1114010100,U027,51
1114010100,U026,68
1114010100,U028,55
1114010100,U029,65
1114010100,U030,53
1114010100,U031,45
1114010100,U033,46
1114010100,U032,64
1114010100,U035,47
1114010100,U036,64
1114010100,U034,67
1114010100,U037,54
1114010100,U038,63
1114010100,U039,40
1114010100,U040,63
1114010100,U042,52
1114010100,U041,65
1114010100,U043,67
1114010100,U044,47
1114010100,U045,71
1114010100,U046,44
1114010100,U047,46
1114010100,V001,68
1114010200,B001,33
1114010200,C001,71
1114010200,C002,61
1114010200,C004,61
1114010200,C005,46
1114010200,C006,61
1114010100,V002,29
1114010200,C008,62
1114010200,C003,38
1114010200,C009,47
1114010200,E001,50
1114010200,M001,57
1114010200,P001,70
1114010200,P002,46
1114010200,U003,37
1114010200,U001,45
1114010200,U002,47
1114010200,U005,37
1114010200,U004,54
1114010200,C007,37
1114010200,U006,50
1114010200,U007,52
1114010200,U009,54
1114010200,U012,43
1114010200,U008,58
1114010200,U010,71
1114010200,U011,63
1114010200,U013,50
1114010200,U014,61
1114010200,U016,41
1114010200,U017,43
1114010200,U015,74
1114010200,U018,64
1114010200,U022,37
1114010200,U019,66
1114010200,U020,62
1114010200,U021,77
1114010200,U023,56
1114010200,U024,70
1114010200,U025,71
1114010200,U026,69
1114010200,U027,47
1114010200,U028,52
1114010200,U029,52
1114010200,U030,49
1114010200,U031,42
1114010200,U032,60
1114010200,U033,52
1114010200,U035,47
1114010200,U036,58
1114010200,U037,59
1114010200,U038,65
1114010200,U034,63
1114010200,U039,39
1114010200,U040,60
1114010200,U042,48
1114010200,U043,61
1114010200,U041,61
1114010200,U044,46
1114010200,U045,67
1114010200,U046,40
1114010200,U047,49
1114010200,V001,46
1114010300,B001,33
1114010300,C002,59
1114010300,C001,60
1114010200,V002,25
1114010300,C004,53
1114010300,C005,40
1114010300,C006,72
1114010300,C007,48
1114010300,C008,62
1114010300,C003,33
1114010300,C009,52
1114010300,E001,57
1114010300,M001,57
1114010300,P002,44
1114010300,P001,70
1114010300,U001,45
1114010300,U003,28
1114010300,U005,30
1114010300,U002,51
1114010300,U004,60
1114010300,U006,50
1114010300,U009,48
1114010300,U007,49
1114010300,U008,59
1114010300,U010,68
1114010300,U011,63
1114010300,U012,47
1114010300,U013,51
1114010300,U014,56
1114010300,U016,36
1114010300,U017,45
1114010300,U015,74
1114010300,U018,58
1114010300,U019,66
1114010300,U020,69
1114010300,U022,40
1114010300,U021,80
1114010300,U023,56
1114010300,U024,71
1114010300,U027,47
1114010300,U025,66
1114010300,U028,53
1114010300,U026,65
1114010300,U029,64
1114010300,U030,54
1114010300,U031,40
1114010300,U033,50
1114010300,U032,62
1114010300,U035,45
1114010300,U036,63
1114010300,U034,69
1114010300,U037,51
1114010300,U038,60
1114010300,U039,37
1114010300,U040,56
1114010300,U042,49
1114010300,U041,65
1114010300,U043,66
1114010300,U044,45
1114010300,U045,61
1114010300,U047,43
1114010300,U046,46
1114010300,V002,28
1114010300,V001,65
1114010400,B001,35
1114010400,C004,55
1114010400,C002,61
1114010400,C001,62
1114010400,C005,51
1114010400,C006,59
1114010400,C008,64
1114010400,C009,45
1114010400,E001,48
1114010400,C003,40
1114010400,M001,56
1114010400,P001,68
1114010400,P002,52
1114010400,U001,40
1114010400,U002,44
1114010400,U003,38
1114010400,C007,36
1114010400,U005,37
1114010400,U004,52
1114010400,U007,44
1114010400,U006,53
1114010400,U009,56
1114010400,U008,61
1114010400,U012,41
1114010400,U010,69
1114010400,U011,66
1114010400,U014,58
1114010400,U013,49
1114010400,U016,43
1114010400,U017,41
1114010400,U015,70
1114010400,U018,53
1114010400,U019,69
1114010400,U020,64
1114010400,U022,37
1114010400,U021,75
1114010400,U023,59
1114010400,U024,66
1114010400,U025,69
1114010400,U027,47
1114010400,U026,67
1114010400,U028,44
1114010400,U029,49
1114010400,U030,47
1114010400,U031,43
1114010400,U032,61
1114010400,U033,58
1114010400,U035,41
1114010400,U036,56
1114010400,U037,60
1114010400,U034,61
1114010400,U038,62
1114010400,U039,37
1114010400,U042,51
1114010400,U040,61
1114010400,U043,59
1114010400,U041,59
1114010400,U044,48
1114010400,U045,69
1114010400,U047,44
1114010400,V002,26
1114010400,V001,44
1114010400,U046,38
1114010500,B001,33
1114010500,C003,46
1114010500,C004,56
1114010500,C002,62
1114010500,C001,64
1114010500,C005,49
1114010500,C006,61
1114010500,C008,76
1114010500,C009,47
1114010500,E001,52
1114010500,M001,67
1114010500,C007,29
1114010500,P002,44
1114010500,P001,70
1114010500,U001,45
1114010500,U002,52
1114010500,U003,38
1114010500,U005,43
1114010500,U004,54
1114010500,U007,47
1114010500,U006,66
1114010500,U008,79
1114010500,U009,63
1114010500,U012,41
1114010500,U010,71
1114010500,U011,68
1114010500,U013,51
1114010500,U016,51
1114010500,U014,59
1114010500,U017,43
1114010500,U018,55
1114010500,U015,94
1114010500,U019,67
1114010500,U020,67
1114010500,U022,39
1114010500,U021,77
1114010500,U023,60
1114010500,U024,91
1114010500,U025,70
1114010500,U027,50
1114010500,U026,69
1114010500,U029,52
1114010500,U028,54
1114010500,U030,49
1114010500,U031,46
1114010500,U032,62
1114010500,U033,59
1114010500,U035,43
1114010500,U034,63
1114010500,U036,58
1114010500,U039,39
1114010500,U038,68
1114010500,U037,62
1114010500,U040,62
1114010500,U041,61
1114010500,U042,56
1114010500,U043,61
1114010500,U044,43
1114010500,U045,69
1114010500,V002,29
1114010500,U047,46
1114010500,U046,40
1114010500,V001,50
1114010600,B001,28
1114010600,C001,72
1114010600,C002,65
1114010600,C004,60
1114010600,C005,49
1114010600,C006,59
1114010600,C008,62
1114010600,C009,45
1114010600,E001,49
1114010600,M001,56
1114010600,C003,39
1114010600,P001,68
1114010600,P002,48
1114010600,U001,40
1114010600,U003,37
1114010600,U002,46
1114010600,U005,38
1114010600,C007,35
1114010600,U004,53
1114010600,U006,50
1114010600,U007,50
1114010600,U009,59
1114010600,U010,70
1114010600,U012,41
1114010600,U008,58
1114010600,U011,63
1114010600,U016,46
1114010600,U013,50
1114010600,U014,63
1114010600,U017,41
1114010600,U015,74
1114010600,U018,59
1114010600,U020,64
1114010600,U019,66
1114010600,U022,32
1114010600,U021,75
1114010600,U024,70
1114010600,U025,71
1114010600,U023,56
1114010600,U027,45
1114010600,U026,69
1114010600,U028,47
1114010600,U030,47
1114010600,U029,57
1114010600,U031,44
1114010600,U032,62
1114010600,U033,43
1114010600,U035,41
1114010600,U036,56
1114010600,U037,56
1114010600,U034,62
1114010600,U039,38
1114010600,U038,64
1114010600,U040,55
1114010600,U041,60
1114010600,U042,48
1114010600,U043,59
1114010600,U044,41
1114010600,U045,62
1114010600,U046,39
1114010600,U047,44
1114010600,V001,44
1114010700,B001,32
1114010600,V002,28
1114010700,C001,64
1114010700,C002,64
1114010700,C005,52
1114010700,C004,60
1114010700,C006,61
1114010700,C009,47
1114010700,C008,75
1114010700,E001,50
1114010700,C003,43
1114010700,P001,70
1114010700,M001,58
1114010700,P002,50
1114010700,U001,44
1114010700,U003,40
1114010700,U002,47
1114010700,C007,34
1114010700,U005,41
1114010700,U004,54
1114010700,U006,53
1114010700,U009,56
1114010700,U007,54
1114010700,U008,62
1114010700,U010,71
1114010700,U012,42
1114010700,U011,79
1114010700,U013,51
1114010700,U016,43
1114010700,U014,61
1114010700,U017,43
1114010700,U015,71
1114010700,U018,63
1114010700,U019,69
1114010700,U022,36
1114010700,U020,57
1114010700,U023,63
1114010700,U021,77
1114010700,U024,68
1114010700,U025,70
1114010700,U026,69
1114010700,U027,49
1114010700,U028,50
1114010700,U029,61
1114010700,U030,49
1114010700,U031,46
1114010700,U033,47
1114010700,U032,64
1114010700,U035,43
1114010700,U034,63
1114010700,U036,58
1114010700,U037,64
1114010700,U038,63
1114010700,U039,39
1114010700,U040,58
1114010700,U042,52
1114010700,U041,61
1114010700,U043,61
1114010700,U044,45
1114010700,U045,66
1114010700,U046,40
1114010700,V001,46
1114010700,U047,46
1114010700,V002,30
1114010800,B001,33
1114010800,C003,44
1114010800,C002,64
1114010800,C001,73
1114010800,C005,53
1114010800,C004,59
1114010800,C006,62
1114010800,C009,48
1114010800,C008,64
1114010800,E001,52
1114010800,M001,71
1114010800,P002,50
1114010800,U001,45
1114010800,P001,71
1114010800,U002,48
1114010800,U003,39
1114010800,U004,55
1114010800,U005,39
1114010800,C007,32
1114010800,U006,53
1114010800,U007,51
1114010800,U012,45
1114010800,U009,57
1114010800,U010,73
1114010800,U011,50
1114010800,U013,53
1114010800,U014,61
1114010800,U016,45
1114010800,U015,77
1114010800,U017,44
1114010800,U018,64
1114010800,U019,69
1114010800,U022,37
1114010800,U020,68
1114010800,U021,78
1114010800,U023,61
1114010800,U008,61
1114010800,U024,73
1114010800,U025,74
1114010800,U027,48
1114010800,U028,52
1114010800,U026,72
1114010800,U029,62
1114010800,U030,50
1114010800,U031,47
1114010800,U033,55
1114010800,U032,64
1114010800,U035,50
1114010800,U034,64
1114010800,U036,59
1114010800,U037,63
1114010800,U038,69
1114010800,U039,41
1114010800,U040,60
1114010800,U041,63
1114010800,U042,51
1114010800,U043,62
1114010800,U044,46
1114010800,U045,67
1114010800,U046,42
1114010800,U047,54
1114010800,V001,47
1114010800,V002,31
1114010900,B001,34
1114010900,C003,47
1114010900,C001,74
1114010900,C002,65
1114010900,C004,59
1114010900,C005,54
1114010900,C006,83
1114010900,C008,65
1114010900,C009,49
1114010900,E001,53
1114010900,M001,71
1114010900,P002,51
1114010900,U001,46
1114010900,P001,78
1114010900,U002,53
1114010900,U003,39
1114010900,U004,57
1114010900,U005,40
1114010900,C007,29
1114010900,U007,50
1114010900,U006,54
1114010900,U009,64
1114010900,U008,62
1114010900,U012,39
1114010900,U010,85
1114010900,U011,51
1114010900,U013,65
1114010900,U014,62
1114010900,U016,52
1114010900,U017,49
1114010900,U015,78
1114010900,U018,65
1114010900,U022,40
1114010900,U019,70
1114010900,U020,70
1114010900,U023,62
1114010900,U021,85
1114010900,U024,74
1114010900,U025,75
1114010900,U027,49
1114010900,U028,55
1114010900,U026,73
1114010900,U029,65
1114010900,U030,51
1114010900,U031,48
1114010900,U032,65
1114010900,U033,55
1114010900,U035,50
1114010900,U034,66
1114010900,U036,60
1114010900,U038,70
1114010900,U037,64
1114010900,U039,45
1114010900,U040,61
1114010900,U041,74
1114010900,U042,52
1114010900,U043,63
1114010900,U044,47
1114010900,U045,70
1114010900,U046,43
1114010900,U047,55
1114010900,V001,48
1114011000,B001,34
1114010900,V002,29
1114011000,C003,42
1114011000,C004,58
1114011000,C002,66
1114011000,C005,45
1114011000,C001,64
1114011000,C006,58
1114011000,C009,44
1114011000,C008,64
1114011000,E001,48
1114011000,M001,68
1114011000,P001,70
1114011000,P002,45
1114011000,U001,40
1114011000,U002,48
1114011000,U003,41
1114011000,U004,51
1114011000,U005,39
1114011000,C007,31
1114011000,U006,52
1114011000,U007,48
1114011000,U009,53
1114011000,U008,61
1114011000,U010,72
1114011000,U011,60
1114011000,U014,63
1114011000,U016,46
1114011000,U013,49
1114011000,U015,69
1114011000,U017,43
1114011000,U018,52
1114011000,U019,64
1114011000,U012,38
1114011000,U020,58
1114011000,U022,35
1114011000,U021,77
1114011000,U023,61
1114011000,U024,65
1114011000,U025,70
1114011000,U026,69
1114011000,U027,51
1114011000,U028,44
1114011000,U029,49
1114011000,U030,46
1114011000,U031,50
1114011000,U033,58
1114011000,U032,58
1114011000,U035,43
1114011000,U034,60
1114011000,U036,55
1114011000,U038,56
1114011000,U037,66
1114011000,U039,40
1114011000,U040,60
1114011000,U041,59
1114011000,U042,57
1114011000,U043,58
1114011000,U044,44
1114011000,U045,56
1114011000,U046,38
1114011000,V001,43
1114011000,U047,46
1114011100,B001,36
1114011000,V002,28
1114011100,C003,42
1114011100,C001,61
1114011100,C002,60
1114011100,C005,46
1114011100,C004,54
1114011100,C006,63
1114011100,C008,63
1114011100,C009,49
1114011100,E001,53
1114011100,P001,70
1114011100,M001,58
1114011100,C007,36
1114011100,P002,47
1114011100,U001,48
1114011100,U003,35
1114011100,U005,37
1114011100,U002,43
1114011100,U004,56
1114011100,U006,51
1114011100,U007,47
1114011100,U009,57
1114011100,U008,60
1114011100,U010,71
1114011100,U012,42
1114011100,U011,64
1114011100,U013,52
1114011100,U014,58
1114011100,U016,44
1114011100,U017,43
1114011100,U015,75
1114011100,U018,67
1114011100,U020,63
1114011100,U019,67
1114011100,U021,76
1114011100,U022,38
1114011100,U023,57
1114011100,U024,72
1114011100,U027,48
1114011100,U025,67
1114011100,U026,66
1114011100,U028,53
1114011100,U029,65
1114011100,U030,51
1114011100,U031,42
1114011100,U033,48
1114011100,U032,61
1114011100,U035,42
1114011100,U034,65
1114011100,U036,60
1114011100,U037,52
1114011100,U038,61
1114011100,U039,39
1114011100,U040,63
1114011100,U042,50
1114011100,U041,63
1114011100,U043,63
1114011100,U044,49
1114011100,V002,26
1114011100,U046,42
1114011100,U045,70
1114011100,U047,52
1114011100,V001,57
1114011200,B001,33
1114011200,C003,43
1114011200,C001,61
1114011200,C002,58
1114011200,C004,58
1114011200,C005,40
1114011200,C007,30
1114011200,C006,57
1114011200,C008,64
1114011200,C009,48
1114011200,E001,46
1114011200,P002,44
1114011200,P001,77
1114011200,U001,39
1114011200,M001,64
1114011200,U003,29
1114011200,U005,32
1114011200,U002,46
1114011200,U004,55
1114011200,U006,56
1114011200,U007,53
1114011200,U009,59
1114011200,U012,37
1114011200,U008,65
1114011200,U010,89
1114011200,U011,58
1114011200,U013,52
1114011200,U014,56
1114011200,U016,47
1114011200,U017,49
1114011200,U018,52
1114011200,U015,80
1114011200,U020,60
1114011200,U019,72
1114011200,U021,64
1114011200,U022,35
1114011200,U023,62
1114011200,U024,76
1114011200,U026,65
1114011200,U025,67
1114011200,U027,49
1114011200,U028,43
1114011200,U031,34
1114011200,U029,49
1114011200,U030,49
1114011200,U033,44
1114011200,U032,50
1114011200,U035,39
1114011200,U036,57
1114011200,U037,57
1114011200,U038,49
1114011200,U034,64
1114011200,U039,41
1114011200,U040,67
1114011200,U042,55
1114011200,U041,58
1114011200,U043,60
1114011200,U044,39
1114011200,U045,56
1114011200,V002,19
1114011200,U046,41
1114011200,U047,44
1114011200,V001,42
1114011300,B001,39
1114011300,C003,39
1114011300,C002,58
1114011300,C001,72
1114011300,C004,54
1114011300,C005,45
1114011300,C006,64
1114011300,C009,50
1114011300,C008,64
1114011300,E001,54
1114011300,M001,59
1114011300,P002,45
1114011300,C007,36
1114011300,P001,69
1114011300,U001,51
1114011300,U003,34
1114011300,U005,36
1114011300,U002,44
1114011300,U004,57
1114011300,U007,47
1114011300,U006,52
1114011300,U009,54
1114011300,U008,61
1114011300,U012,46
1114011300,U010,71
1114011300,U011,65
1114011300,U013,52
1114011300,U014,56
1114011300,U016,42
1114011300,U017,42
1114011300,U015,76
1114011300,U018,58
1114011300,U020,61
1114011300,U019,68
1114011300,U021,76
1114011300,U023,58
1114011300,U022,42
1114011300,U024,72
1114011300,U025,68
1114011300,U027,51
1114011300,U026,66
1114011300,U028,57
1114011300,U029,55
1114011300,U030,52
1114011300,U031,41
1114011300,U033,46
1114011300,U032,59
1114011300,U035,41
1114011300,U036,61
1114011300,U037,58
1114011300,U034,66
1114011300,U038,64
1114011300,U039,38
1114011300,U040,67
1114011300,U042,50
1114011300,U043,64
1114011300,U041,65
1114011300,U044,47
1114011300,U045,74
1114011300,U046,43
1114011300,U047,49
1114011300,V002,25
1114011300,V001,57
1114011400,B001,36
1114011400,C001,70
1114011400,C004,52
1114011400,C002,59
1114011400,C005,43
1114011400,C006,62
1114011400,C008,62
1114011400,C009,48
1114011400,C003,37
1114011400,E001,51
1114011400,M001,57
1114011400,P001,67
1114011400,P002,45
1114011400,U003,32
1114011400,U001,49
1114011400,U002,45
1114011400,C007,32
1114011400,U005,34
1114011400,U004,55
1114011400,U006,50
1114011400,U007,45
1114011400,U008,59
1114011400,U009,52
1114011400,U010,68
1114011400,U012,45
1114011400,U011,63
1114011400,U014,56
1114011400,U013,50
1114011400,U016,40
1114011400,U017,40
1114011400,U015,74
1114011400,U018,56
1114011400,U020,62
1114011400,U021,74
1114011400,U019,66
1114011400,U022,40
1114011400,U023,56
1114011400,U024,70
1114011400,U025,66
1114011400,U027,49
1114011400,U026,64
1114011400,U028,55
1114011400,U029,52
1114011400,U030,50
1114011400,U031,39
1114011400,U033,43
1114011400,U032,59
1114011400,U035,39
1114011400,U036,59
1114011400,U038,59
1114011400,U037,51
1114011400,U034,64
1114011400,U039,36
1114011400,U040,56
1114011400,U042,48
1114011400,U041,62
1114011400,U043,62
1114011400,U044,45
1114011400,U045,61
1114011400,U046,41
1114011400,U047,47
1114011400,V001,58
1114011400,V002,26
1114011500,B001,35
1114011500,C003,45
1114011500,C001,63
1114011500,C002,57
1114011500,C004,62
1114011500,C005,46
1114011500,C006,60
1114011500,C008,67
1114011500,C007,33
1114011500,C009,46
1114011500,E001,49
1114011500,P002,50
1114011500,M001,57
1114011500,U001,47
1114011500,P001,69
1114011500,U002,40
1114011500,U003,35
1114011500,U005,38
1114011500,U004,53
1114011500,U006,55
1114011500,U007,45
1114011500,U009,60
1114011500,U008,63
1114011500,U010,70
1114011500,U012,40
1114011500,U011,65
1114011500,U013,50
1114011500,U016,48
1114011500,U014,54
1114011500,U017,42
1114011500,U015,70
1114011500,U018,54
1114011500,U020,60
1114011500,U019,66
1114011500,U021,75
1114011500,U022,38
1114011500,U023,66
1114011500,U024,67
1114011500,U025,69
1114011500,U027,47
1114011500,U026,69
1114011500,U028,45
1114011500,U030,48
1114011500,U029,50
1114011500,U031,38
1114011500,U032,57
1114011500,U033,54
1114011500,U035,41
1114011500,U036,57
1114011500,U034,62
1114011500,U037,57
1114011500,U038,63
1114011500,U039,38
1114011500,U040,61
1114011500,U043,60
1114011500,U044,47
1114011500,U042,53
1114011500,U041,60
1114011500,V002,23
1114011500,U045,68
1114011500,V001,57
1114011500,U047,45
1114011500,U046,39
1114011600,B001,36
1114011600,C003,41
1114011600,C004,63
1114011600,C001,74
1114011600,C002,56
1114011600,C005,45
1114011600,C007,30
1114011600,C006,66
1114011600,C008,68
1114011600,C009,52
1114011600,E001,48
1114011600,M001,74
1114011600,P002,43
1114011600,U001,48
1114011600,P001,74
1114011600,U003,34
1114011600,U002,39
1114011600,U005,37
1114011600,U004,59
1114011600,U007,58
1114011600,U006,56
1114011600,U008,65
1114011600,U009,56
1114011600,U012,39
1114011600,U010,74
1114011600,U011,64
1114011600,U013,56
1114011600,U014,53
1114011600,U016,44
1114011600,U017,49
1114011600,U018,58
1114011600,U015,80
1114011600,U020,59
1114011600,U019,72
1114011600,U021,77
1114011600,U022,40
1114011600,U023,67
1114011600,U024,77
1114011600,U025,72
1114011600,U027,48
1114011600,U026,71
1114011600,U028,49
1114011600,U029,54
1114011600,U030,54
1114011600,U031,37
1114011600,U032,56
1114011600,U033,53
1114011600,U035,47
1114011600,U036,62
1114011600,U034,68
1114011600,U037,56
1114011600,U038,55
1114011600,U039,39
1114011600,U040,62
1114011600,U042,55
1114011600,U043,65
1114011600,U044,49
1114011600,U041,64
1114011600,V002,21
1114011600,U045,70
1114011600,U046,45
1114011600,U047,51
1114011600,V001,53
1114011700,B001,40
1114011700,C003,40
1114011700,C001,64
1114011700,C002,55
1114011700,C004,59
1114011700,C005,42
1114011700,C006,65
1114011700,C008,69
1114011700,C009,51
1114011700,E001,55
1114011700,P002,43
1114011700,P001,70
1114011700,M001,62
1114011700,U001,52
1114011700,U003,31
1114011700,U002,45
1114011700,U004,59
1114011700,C007,37
1114011700,U006,57
1114011700,U007,59
1114011700,U009,56
1114011700,U008,65
1114011700,U010,72
1114011700,U011,70
1114011700,U012,43
1114011700,U013,56
1114011700,U005,33
1114011700,U014,52
1114011700,U016,43
1114011700,U017,47
1114011700,U015,81
1114011700,U018,60
1114011700,U020,59
1114011700,U019,73
1114011700,U022,44
1114011700,U023,63
1114011700,U021,78
1114011700,U024,77
1114011700,U025,77
1114011700,U026,68
1114011700,U027,52
1114011700,U028,59
1114011700,U029,56
1114011700,U031,37
1114011700,U030,53
1114011700,U033,42
1114011700,U032,57
1114011700,U035,37
1114011700,U039,34
1114011700,U036,62
1114011700,U034,68
1114011700,U038,62
1114011700,U037,56
1114011700,U040,69
1114011700,U042,55
1114011700,U043,65
1114011700,U044,52
1114011700,U041,66
1114011700,U045,77
1114011700,U047,51
1114011700,U046,45
1114011700,V001,59
1114011800,C003,43
1114011800,B001,37
1114011700,V002,25
1114011800,C002,59
1114011800,C001,57
1114011800,C005,43
1114011800,C004,55
1114011800,C008,64
1114011800,C006,74
1114011800,E001,51
1114011800,C009,52
1114011800,M001,60
1114011800,P001,68
1114011800,P002,43
1114011800,U001,44
1114011800,U003,32
1114011800,U002,45
1114011800,U005,35
1114011800,C007,34
1114011800,U004,59
1114011800,U006,53
1114011800,U007,48
1114011800,U009,59
1114011800,U008,61
1114011800,U010,66
1114011800,U012,40
1114011800,U011,62
1114011800,U013,53
1114011800,U014,56
1114011800,U016,47
1114011800,U017,54
1114011800,U018,57
1114011800,U015,77
1114011800,U020,57
1114011800,U019,69
1114011800,U021,68
1114011800,U022,39
1114011800,U023,59
1114011800,U024,73
1114011800,U025,64
1114011800,U027,52
1114011800,U026,62
1114011800,U028,48
1114011800,U031,37
1114011800,U029,53
1114011800,U030,53
1114011800,U033,44
1114011800,U032,56
1114011800,U035,38
1114011800,U036,61
1114011800,U037,49
1114011800,U034,68
1114011800,U038,53
1114011800,U039,39
1114011800,U040,59
1114011800,U042,51
1114011800,U043,64
1114011800,U041,63
1114011800,U044,43
1114011800,U046,46
1114011800,U045,61
1114011800,V001,59
1114011800,U047,53
1114011800,V002,23
1114011900,B001,46
1114011900,C001,65
1114011900,C002,54
1114011900,C003,43
1114011900,C004,58
1114011900,C005,41
1114011900,C006,77
1114011900,C008,67
1114011900,C009,58
1114011900,E001,56
1114011900,P001,71
1114011900,P002,42
1114011900,M001,62
1114011900,U001,58
1114011900,U003,30
1114011900,U002,44
1114011900,U004,65
1114011900,C007,35
1114011900,U006,56
1114011900,U007,51
1114011900,U009,62
1114011900,U008,64
1114011900,U010,81
1114011900,U012,41
1114011900,U011,68
1114011900,U013,56
1114011900,U016,49
1114011900,U005,32
1114011900,U014,51
1114011900,U017,47
1114011900,U015,80
1114011900,U020,58
1114011900,U018,65
1114011900,U019,72
1114011900,U022,46
1114011900,U021,77
1114011900,U024,76
1114011900,U023,62
1114011900,U027,55
1114011900,U025,67
1114011900,U031,36
1114011900,U028,61
1114011900,U029,61
1114011900,U032,56
1114011900,U033,41
1114011900,U030,60
1114011900,U026,65
1114011900,U035,36
1114011900,U034,74
1114011900,U039,33
1114011900,U036,67
1114011900,U037,55
1114011900,U038,61
1114011900,U040,70
1114011900,U042,54
1114011900,U043,70
1114011900,U041,71
1114011900,U044,51
1114011900,U045,67
1114011900,U046,51
1114011900,V001,58
1114011900,U047,53
1114012000,B001,41
1114012000,C003,45
1114011900,V002,24
1114012000,C002,58
1114012000,C001,56
1114012000,C004,54
1114012000,C007,38
1114012000,C005,43
1114012000,C006,73
1114012000,C008,63
1114012000,C009,53
1114012000,E001,55
1114012000,M001,58
1114012000,P002,42
1114012000,P001,67
1114012000,U003,32
1114012000,U002,47
1114012000,U001,48
1114012000,U004,60
1114012000,U007,47
1114012000,U006,51
1114012000,U008,60
1114012000,U009,62
1114012000,U012,44
1114012000,U010,65
1114012000,U011,64
1114012000,U013,52
1114012000,U016,49
1114012000,U014,56
1114012000,U005,35
1114012000,U017,44
1114012000,U015,75
1114012000,U018,61
1114012000,U020,46
1114012000,U019,67
1114012000,U021,76
1114012000,U022,43
1114012000,U023,57
1114012000,U024,72
1114012000,U025,62
1114012000,U026,61
1114012000,U027,50
1114012000,U028,52
1114012000,U031,30
1114012000,U029,57
1114012000,U030,55
1114012000,U032,56
1114012000,U033,43
1114012000,U035,38
1114012000,U039,35
1114012000,U034,69
1114012000,U036,65
1114012000,U037,47
1114012000,U038,56
1114012000,U042,50
1114012000,U040,58
1114012000,U043,65
1114012000,U041,67
1114012000,U044,46
1114012000,V002,27
1114012000,U045,62
1114012000,U046,46
1114012000,U047,48
1114012000,V001,60
1114012100,B001,36
1114012100,C003,49
1114012100,C001,65
1114012100,C002,64
1114012100,C004,57
1114012100,C007,32
1114012100,C005,44
1114012100,C006,61
1114012100,C009,51
1114012100,C008,67
1114012100,E001,50
1114012100,M001,68
1114012100,P002,47
1114012100,U001,43
1114012100,P001,80
1114012100,U003,33
1114012100,U002,41
1114012100,U005,36
1114012100,U004,58
1114012100,U006,54
1114012100,U007,56
1114012100,U008,63
1114012100,U009,56
1114012100,U012,38
1114012100,U010,93
1114012100,U011,62
1114012100,U014,61
1114012100,U013,56
1114012100,U016,52
1114012100,U017,53
1114012100,U015,78
1114012100,U018,56
1114012100,U020,65
1114012100,U019,70
1114012100,U022,38
1114012100,U021,67
1114012100,U023,60
1114012100,U024,75
1114012100,U025,72
1114012100,U027,53
1114012100,U026,70
1114012100,U028,47
1114012100,U031,38
1114012100,U029,52
1114012100,U030,53
1114012100,U033,52
1114012100,U032,53
1114012100,U035,45
1114012100,U036,60
1114012100,U037,63
1114012100,U034,67
1114012100,U038,52
1114012100,U039,40
1114012100,U042,53
1114012100,U040,64
1114012100,U041,62
1114012100,U043,63
1114012100,U044,42
1114012100,V002,21
1114012100,U046,45
1114012100,U045,60
1114012100,U047,47
1114012100,V001,55
1114012200,B001,36
1114012200,C003,45
1114012200,C002,64
1114012200,C004,67
1114012200,C001,74
1114012200,C007,15
1114012200,C005,46
1114012200,C006,61
1114012200,C008,67
1114012200,C009,51
1114012200,E001,46
1114012200,M001,77
1114012200,P002,39
1114012200,U001,43
1114012200,U002,36
1114012200,P001,80
1114012200,U003,35
1114012200,U005,38
1114012200,U004,58
1114012200,U007,61
1114012200,U006,54
1114012200,U009,56
1114012200,U008,63
1114012200,U010,74
1114012200,U011,62
1114012200,U013,56
1114012200,U014,61
1114012200,U016,51
1114012200,U017,56
1114012200,U018,56
1114012200,U015,78
1114012200,U012,36
1114012200,U019,70
1114012200,U020,66
1114012200,U021,69
1114012200,U022,43
1114012200,U023,63
1114012200,U024,75
1114012200,U027,49
1114012200,U025,77
1114012200,U026,75
1114012200,U028,47
1114012200,U029,52
1114012200,U030,58
1114012200,U031,41
1114012200,U032,64
1114012200,U033,51
1114012200,U035,54
1114012200,U036,60
1114012200,U034,67
1114012200,U037,63
1114012200,U038,55
1114012200,U039,47
1114012200,U042,53
1114012200,U040,66
1114012200,U041,62
1114012200,U043,63
1114012200,U044,43
1114012200,V002,15
1114012200,U045,60
1114012200,V001,50
1114012200,U046,45
1114012200,U047,50
1114012300,B001,33
1114012300,C003,44
1114012300,C002,66
1114012300,C001,73
1114012300,C004,53
1114012300,C007,15
1114012300,C005,47
1114012300,C006,57
1114012300,C009,47
1114012300,C008,63
1114012300,E001,46
1114012300,M001,59
1114012300,P002,48
1114012300,P001,77
1114012300,U001,39
1114012300,U002,41
1114012300,U003,37
1114012300,U004,55
1114012300,U005,42
1114012300,U007,47
1114012300,U006,50
1114012300,U009,52
1114012300,U008,59
1114012300,U011,58
1114012300,U010,75
1114012300,U013,52
1114012300,U016,49
1114012300,U014,63
1114012300,U012,32
1114012300,U017,55
1114012300,U015,74
1114012300,U018,52
1114012300,U019,66
1114012300,U020,61
1114012300,U022,34
1114012300,U023,56
1114012300,U021,66
1114012300,U024,71
1114012300,U025,73
1114012300,U026,71
1114012300,U027,49
1114012300,U028,43
1114012300,U029,48
1114012300,U030,49
1114012300,U031,37
1114012300,U032,52
1114012300,U033,48
1114012300,U034,64
1114012300,U035,43
1114012300,U036,56
1114012300,U037,55
1114012300,U038,51
1114012300,U039,54
1114012300,U040,60
1114012300,U041,58
1114012300,U042,49
1114012300,U043,59
1114012300,U044,39
1114012300,U045,56
1114012300,V002,15
1114012300,U046,41
1114012300,V001,55
1114012300,U047,46
1114012400,B001,36
1114012400,C003,45
1114012400,C001,71
1114012400,C002,60
1114012400,C004,64
1114012400,C007,15
1114012400,C005,43
1114012400,C006,66
1114012400,C009,52
1114012400,E001,48
1114012400,C008,65
1114012400,M001,74
1114012400,P002,47
1114012400,U001,41
1114012400,P001,78
1114012400,U002,39
1114012400,U003,32
1114012400,U005,35
1114012400,U004,59
1114012400,U006,52
1114012400,U007,58
1114012400,U008,61
1114012400,U009,61
1114012400,U012,34
1114012400,U010,76
1114012400,U011,59
1114012400,U013,54
1114012400,U014,58
1114012400,U016,48
1114012400,U017,53
1114012400,U015,76
1114012400,U018,54
1114012400,U019,68
1114012400,U020,63
1114012400,U021,68
1114012400,U022,36
1114012400,U023,67
1114012400,U024,72
1114012400,U025,75
1114012400,U027,48
1114012400,U028,45
1114012400,U026,73
1114012400,U030,54
1114012400,U029,50
1114012400,U031,38
1114012400,U032,61
1114012400,U033,57
1114012400,U035,51
1114012400,U036,58
1114012400,U038,53
1114012400,U037,60
1114012400,U034,68
1114012400,U039,44
1114012400,U040,63
1114012400,U042,50
1114012400,U041,60
1114012400,U043,61
1114012400,U044,40
1114012400,U045,57
1114012400,V002,15
1114012400,U047,48
1114012400,U046,45
1114012400,V001,54
1114012500,B001,33
1114012500,C003,43
1114012500,C004,53
1114012500,C002,67
1114012500,C001,73
1114012500,C007,15
1114012500,C005,47
1114012500,C006,57
1114012500,C009,47
1114012500,C008,63
1114012500,E001,46
1114012500,M001,67
1114012500,P002,50
1114012500,P001,76
1114012500,U001,39
1114012500,U002,46
1114012500,U003,41
1114012500,U004,54
1114012500,U005,45
1114012500,U007,55
1114012500,U006,50
1114012500,U009,52
1114012500,U008,59
1114012500,U011,58
1114012500,U010,75
1114012500,U013,52
1114012500,U014,64
1114012500,U016,51
1114012500,U017,55
1114012500,U012,35
1114012500,U015,74
1114012500,U018,52
1114012500,U019,66
1114012500,U020,60
1114012500,U021,66
1114012500,U023,56
1114012500,U022,34
1114012500,U024,71
1114012500,U027,49
1114012500,U025,73
1114012500,U028,43
1114012500,U026,71
1114012500,U029,48
1114012500,U030,49
1114012500,U031,37
1114012500,U033,57
1114012500,U032,52
1114012500,U034,63
1114012500,U035,52
1114012500,U036,56
1114012500,U037,55
1114012500,U038,51
1114012500,U039,46
1114012500,U040,60
1114012500,U042,49
1114012500,U041,58
1114012500,U043,59
1114012500,U045,56
1114012500,U044,39
1114012500,V001,41
1114012500,U047,46
1114012500,V002,15
1114012500,U046,41
1114012600,B001,32
1114012600,C003,47
1114012600,C002,62
1114012600,C004,60
1114012600,C001,64
1114012600,C005,49
1114012600,C007,29
1114012600,C006,61
1114012600,C009,47
1114012600,C008,79
1114012600,E001,50
1114012600,M001,70
1114012600,P002,52
1114012600,P001,70
1114012600,U001,43
1114012600,U002,45
1114012600,U003,40
1114012600,U004,55
1114012600,U005,43
1114012600,U006,69
1114012600,U007,47
1114012600,U009,56
1114012600,U012,39
1114012600,U008,63
1114012600,U010,72
1114012600,U011,61
1114012600,U013,52
1114012600,U016,51
1114012600,U014,59
1114012600,U017,43
1114012600,U015,72
1114012600,U018,56
1114012600,U019,68
1114012600,U020,65
1114012600,U021,77
1114012600,U022,39
1114012600,U023,64
1114012600,U024,68
1114012600,U025,70
1114012600,U027,48
1114012600,U026,70
1114012600,U028,47
1114012600,U029,52
1114012600,U030,49
1114012600,U031,43
1114012600,U033,56
1114012600,U032,62
1114012600,U035,43
1114012600,U034,64
1114012600,U036,58
1114012600,U037,62
1114012600,U038,55
1114012600,U039,40
1114012600,U040,62
1114012600,U041,62
1114012600,U042,59
1114012600,U043,61
1114012600,U044,46
1114012600,U045,69
1114012600,V002,15
1114012600,U046,41
1114012600,V001,49
1114012600,U047,46
1114012700,B001,33
1114012700,C001,67
1114012700,C003,49
1114012700,C002,63
1114012700,C007,29
1114012700,C004,62
1114012700,C005,50
1114012700,C006,64
1114012700,E001,47
1114012700,C008,64
1114012700,C009,50
1114012700,M001,73
1114012700,P002,50
1114012700,P001,73
1114012700,U001,40
1114012700,U002,45
1114012700,U003,41
1114012700,U004,57
1114012700,U005,43
1114012700,U007,49
1114012700,U006,51
1114012700,U008,60
1114012700,U009,53
1114012700,U010,74
1114012700,U011,59
1114012700,U013,53
1114012700,U014,61
1114012700,U016,54
1114012700,U017,46
1114012700,U015,75
1114012700,U018,53
1114012700,U019,67
1114012700,U012,36
1114012700,U020,66
1114012700,U022,35
1114012700,U021,67
1114012700,U024,72
1114012700,U023,66
1114012700,U025,73
1114012700,U027,50
1114012700,U026,72
1114012700,U028,44
1114012700,U029,49
1114012700,U030,52
1114012700,U031,38
1114012700,U032,53
1114012700,U033,56
1114012700,U034,66
1114012700,U035,51
1114012700,U036,57
1114012700,U037,63
1114012700,U038,52
1114012700,U039,42
1114012700,U040,64
1114012700,U042,50
1114012700,U041,59
1114012700,U043,60
1114012700,U044,40
1114012700,U045,57
1114012700,V002,15
1114012700,U046,43
1114012700,V001,42
1114012700,U047,47
1114012800,B001,34
1114012800,C003,45
1114012800,C001,74
1114012800,C002,67
1114012800,C004,54
1114012800,C007,15
1114012800,C005,48
1114012800,C006,58
1114012800,C009,49
1114012800,C008,64
1114012800,E001,47
1114012800,M001,61
1114012800,P002,50
1114012800,U001,40
1114012800,U002,40
1114012800,P001,78
1114012800,U003,39
1114012800,U004,56
1114012800,U005,44
1114012800,U007,50
1114012800,U006,52
1114012800,U008,60
1114012800,U009,53
1114012800,U010,76
1114012800,U011,59
1114012800,U013,53
1114012800,U014,65
1114012800,U016,52
1114012800,U017,56
1114012800,U015,76
1114012800,U012,34
1114012800,U018,53
1114012800,U019,68
1114012800,U022,36
1114012800,U020,62
1114012800,U023,58
1114012800,U021,67
1114012800,U024,72
1114012800,U027,50
1114012800,U025,74
1114012800,U028,44
1114012800,U026,73
1114012800,U029,50
1114012800,U030,50
1114012800,U031,38
1114012800,U033,54
1114012800,U032,54
1114012800,U035,46
1114012800,U034,65
1114012800,U037,56
1114012800,U036,58
1114012800,U038,53
1114012800,U039,55
1114012800,U040,62
1114012800,U042,50
1114012800,U043,61
1114012800,U041,59
1114012800,U044,40
1114012800,U045,57
1114012800,U046,42
1114012800,V001,54
1114012800,V002,15
1114012800,U047,48
1114012900,B001,35
1114012900,C003,46
1114012900,C002,65
1114012900,C004,55
1114012900,C001,75
1114012900,C007,15
1114012900,C005,49
1114012900,C006,59
1114012900,C009,50
1114012900,C008,66
1114012900,E001,48
1114012900,M001,62
1114012900,P002,51
1114012900,U002,43
1114012900,P001,79
1114012900,U001,41
1114012900,U003,42
1114012900,U004,57
1114012900,U007,51
1114012900,U006,53
1114012900,U005,45
1114012900,U008,61
1114012900,U009,54
1114012900,U011,60
1114012900,U010,77
1114012900,U013,55
1114012900,U012,35
1114012900,U016,53
1114012900,U014,62
1114012900,U017,57
1114012900,U015,77
1114012900,U018,54
1114012900,U020,63
1114012900,U019,69
1114012900,U022,37
1114012900,U023,59
1114012900,U024,73
1114012900,U021,69
1114012900,U025,75
1114012900,U027,51
1114012900,U029,51
1114012900,U028,46
1114012900,U026,74
1114012900,U030,51
1114012900,U031,39
1114012900,U033,57
1114012900,U032,55
1114012900,U035,47
1114012900,U034,66
1114012900,U036,59
1114012900,U037,57
1114012900,U038,54
1114012900,U039,56
1114012900,U040,63
1114012900,U043,62
1114012900,U042,51
1114012900,U041,61
1114012900,U044,41
1114012900,V002,15
1114012900,U045,58
1114012900,U047,49
1114012900,U046,43
1114012900,V001,57
1114013000,B001,34
1114013000,C003,45
1114013000,C001,74
1114013000,C002,64
1114013000,C004,54
1114013000,C007,15
1114013000,C005,48
1114013000,C006,58
1114013000,C009,49
1114013000,C008,65
1114013000,E001,48
1114013000,M001,62
1114013000,P002,51
1114013000,P001,78
1114013000,U001,40
1114013000,U002,48
1114013000,U003,41
1114013000,U004,56
1114013000,U005,44
1114013000,U007,50
1114013000,U006,52
1114013000,U009,53
1114013000,U008,60
1114013000,U010,76
1114013000,U011,59
1114013000,U012,33
1114013000,U013,54
1114013000,U014,62
1114013000,U016,52
1114013000,U017,56
1114013000,U018,53
1114013000,U015,76
1114013000,U019,68
1114013000,U020,62
1114013000,U021,68
1114013000,U022,36
1114013000,U023,58
1114013000,U025,74
1114013000,U024,72
1114013000,U027,50
1114013000,U026,73
1114013000,U028,45
1114013000,U029,50
1114013000,U030,50
1114013000,U031,38
1114013000,U032,54
1114013000,U033,61
1114013000,U035,57
1114013000,U034,65
1114013000,U036,58
1114013000,U038,53
1114013000,U037,56
1114013000,U039,55
1114013000,U041,60
1114013000,U040,62
1114013000,U042,50
1114013000,U043,61
1114013000,U044,40
1114013000,V002,15
1114013000,U045,57
1114013000,U046,42
1114013000,V001,43
1114013000,U047,48
1114013100,B001,26
1114013100,C003,46
1114013100,C001,68
1114013100,C002,65
1114013100,C004,59
1114013100,C005,46
1114013100,C007,25
1114013100,C006,62
1114013100,C009,48
1114013100,C008,64
1114013100,E001,51
1114013100,M001,69
1114013100,P002,38
1114013100,P001,72
1114013100,U001,39
1114013100,U002,51
1114013100,U003,33
1114013100,U004,55
1114013100,U007,43
1114013100,U005,37
1114013100,U006,68
1114013100,U008,59
1114013100,U009,57
1114013100,U011,65
1114013100,U010,75
1114013100,U013,52
1114013100,U014,62
1114013100,U016,44
1114013100,U017,47
1114013100,U015,73
1114013100,U018,60
1114013100,U012,40
1114013100,U022,33
1114013100,U020,60
1114013100,U021,81
1114013100,U023,62
1114013100,U024,69
1114013100,U025,81
1114013100,U027,41
1114013100,U026,70
1114013100,U019,68
1114013100,U029,57
1114013100,U030,50
1114013100,U032,65
1114013100,U033,49
1114013100,U035,45
1114013100,U036,59
1114013100,U037,65
1114013100,U038,59
1114013100,U039,46
1114013100,U040,52
1114013100,U041,64
1114013100,U031,49
1114013100,U042,58
1114013100,U034,64
1114013100,U028,47
1114013100,U043,62
1114013100,U045,62
1114013100,U044,40
1114013100,U047,49
1114013100,U046,41
1114013100,V002,25
1114013200,B001,29
1114013100,V001,46
1114013200,C002,56
1114013200,C003,41
1114013200,C001,66
1114013200,C004,59
1114013200,C005,44
1114013200,C007,31
1114013200,C006,54
1114013200,C008,60
1114013200,C009,44
1114013200,E001,43
1114013200,M001,54
1114013200,P002,51
1114013200,U001,36
1114013200,P001,71
1114013200,U002,43
1114013200,U003,37
1114013200,U004,51
1114013200,U005,37
1114013200,U007,42
1114013200,U006,47
1114013200,U012,29
1114013200,U009,49
1114013200,U011,54
1114013200,U008,56
1114013200,U010,70
1114013200,U013,47
1114013200,U014,53
1114013200,U016,44
1114013200,U017,58
1114013200,U015,67
1114013200,U018,49
1114013200,U019,63
1114013200,U022,31
1114013200,U020,55
1114013200,U021,66
1114013200,U023,63
1114013200,U024,64
1114013200,U027,43
1114013200,U025,73
1114013200,U026,71
1114013200,U028,40
1114013200,U029,45
1114013200,U030,50
1114013200,U031,36
1114013200,U032,52
1114013200,U033,47
1114013200,U035,45
1114013200,U034,60
1114013200,U036,53
1114013200,U037,54
1114013200,U038,51
1114013200,U039,47
1114013200,U040,57
1114013200,U041,55
1114013200,U042,45
1114013200,U043,56
1114013200,U044,35
1114013200,U045,52
1114013200,U046,37
1114013200,V002,21
1114013200,V001,38
1114013300,B001,31
1114013200,U047,46
1114013300,C001,76
1114013300,C003,45
1114013300,C004,59
1114013300,C005,48
1114013300,C002,65
1114013300,C006,58
1114013300,C009,47
1114013300,E001,48
1114013300,C008,70
1114013300,C007,33
1114013300,P002,52
1114013300,M001,54
1114013300,U001,40
1114013300,P001,75
1114013300,U002,48
1114013300,U004,54
1114013300,U003,40
1114013300,U005,40
1114013300,U007,42
1114013300,U006,68
1114013300,U012,15
1114013300,U009,53
1114013300,U008,60
1114013300,U011,59
1114013300,U010,73
1114013300,U013,47
1114013300,U016,54
1114013300,U014,63
1114013300,U017,49
1114013300,U015,67
1114013300,U018,53
1114013300,U022,38
1114013300,U019,63
1114013300,U021,70
1114013300,U020,60
1114013300,U023,63
1114013300,U024,64
1114013300,U027,48
1114013300,U025,76
1114013300,U028,44
1114013300,U026,75
1114013300,U030,49
1114013300,U029,49
1114013300,U031,41
1114013300,U032,56
1114013300,U033,51
1114013300,U035,49
1114013300,U034,63
1114013300,U036,57
1114013300,U037,65
1114013300,U038,56
1114013300,U039,46
1114013300,U040,58
1114013300,U041,59
1114013300,U042,58
1114013300,U043,60
1114013300,U044,40
1114013300,U045,57
1114013300,U046,41
1114013300,V002,21
1114013300,U047,51
1114013300,V001,43
1114013400,B001,33
1114013400,C003,44
1114013400,C001,68
1114013400,C004,56
1114013400,C005,47
1114013400,C002,61
1114013400,C006,57
1114013400,C009,45
1114013400,C008,75
1114013400,E001,47
1114013400,C007,35
1114013400,P002,54
1114013400,M001,66
1114013400,P001,73
1114013400,U001,40
1114013400,U004,52
1114013400,U003,38
1114013400,U002,47
1114013400,U005,38
1114013400,U006,65
1114013400,U009,53
1114013400,U007,44
1114013400,U012,15
1114013400,U008,60
1114013400,U010,71
1114013400,U011,58
1114013400,U013,49
1114013400,U014,59
1114013400,U016,48
1114013400,U017,47
1114013400,U015,69
1114013400,U018,52
1114013400,U022,35
1114013400,U019,65
1114013400,U020,58
1114013400,U021,70
1114013400,U023,59
1114013400,U024,66
1114013400,U025,74
1114013400,U027,47
1114013400,U026,73
1114013400,U028,44
1114013400,U029,49
1114013400,U030,47
1114013400,U031,40
1114013400,U032,56
1114013400,U033,50
1114013400,U035,47
1114013400,U034,61
1114013400,U036,56
1114013400,U037,58
1114013400,U038,55
1114013400,U039,43
1114013400,U040,56
1114013400,U041,59
1114013400,U042,55
1114013400,U043,60
1114013400,U045,56
1114013400,U044,42
1114013400,V002,23
1114013500,B001,33
1114013400,U046,38
1114013400,V001,42
1114013400,U047,50
1114013500,C003,46
1114013500,C004,56
1114013500,C005,50
1114013500,C001,67
1114013500,C002,60
1114013500,C009,44
1114013500,C006,56
1114013500,E001,49
1114013500,C008,70
1114013500,C007,35
1114013500,M001,67
1114013500,P002,55
1114013500,U001,41
1114013500,P001,71
1114013500,U002,49
1114013500,U003,37
1114013500,U004,51
1114013500,U005,37
1114013500,U006,65
1114013500,U007,43
1114013500,U012,15
1114013500,U009,54
1114013500,U008,61
1114013500,U010,70
1114013500,U011,60
1114013500,U013,48
1114013500,U016,48
1114013500,U014,57
1114013500,U017,46
1114013500,U015,68
1114013500,U018,54
1114013500,U022,37
1114013500,U019,64
1114013500,U020,60
1114013500,U021,79
1114013500,U023,60
1114013500,U024,65
1114013500,U027,49
1114013500,U025,73
1114013500,U026,72
1114013500,U028,45
1114013500,U029,51
1114013500,U030,46
1114013500,U031,42
1114013500,U033,52
1114013500,U032,58
1114013500,U034,60
1114013500,U035,45
1114013500,U036,55
1114013500,U038,57
1114013500,U037,59
1114013500,U039,42
1114013500,U040,56
1114013500,U041,60
1114013500,U042,56
1114013500,U043,58
1114013500,U045,58
1114013500,U044,42
1114013500,U046,37
1114013600,B001,31
1114013500,V002,24
1114013500,V001,44
1114013500,U047,48
1114013600,C003,49
1114013600,C002,69
1114013600,C001,80
1114013600,C004,56
1114013600,C005,52
1114013600,C006,60
1114013600,C009,49
1114013600,C008,71
1114013600,E001,48
1114013600,M001,54
1114013600,P002,56
1114013600,C007,36
1114013600,P001,79
1114013600,U001,43
1114013600,U002,48
1114013600,U003,45
1114013600,U004,58
1114013600,U005,45
1114013600,U006,51
1114013600,U007,42
1114013600,U012,15
1114013600,U009,57
1114013600,U008,60
1114013600,U010,78
1114013600,U011,62
1114013600,U013,47
1114013600,U014,66
1114013600,U016,57
1114013600,U015,67
1114013600,U017,63
1114013600,U018,56
1114013600,U022,38
1114013600,U019,63
1114013600,U020,63
1114013600,U021,74
1114013600,U023,55
1114013600,U024,64
1114013600,U025,80
1114013600,U027,51
1114013600,U026,79
1114013600,U028,51
1114013600,U029,53
1114013600,U030,52
1114013600,U031,44
1114013600,U032,59
1114013600,U033,55
1114013600,U034,67
1114013600,U035,53
1114013600,U036,59
1114013600,U038,59
1114013600,U037,69
1114013600,U039,50
1114013600,U040,58
1114013600,U041,63
1114013600,U042,50
1114013600,U043,62
1114013600,U044,45
1114013600,U045,72
1114013600,V002,25
1114013600,U046,45
1114013600,U047,54
1114013600,V001,60
1114013700,B001,33
1114013700,C002,55
1114013700,C003,40
1114013700,C001,72
1114013700,C007,15
1114013700,C004,51
1114013700,C005,43
1114013700,C006,68
1114013700,C009,46
1114013700,E001,42
1114013700,C008,62
1114013700,M001,53
1114013700,P002,47
1114013700,P001,70
1114013700,U001,37
1114013700,U002,42
1114013700,U003,36
1114013700,U004,53
1114013700,U005,36
1114013700,U007,41
1114013700,U006,49
1114013700,U012,28
1114013700,U009,50
1114013700,U008,57
1114013700,U010,69
1114013700,U011,56
1114013700,U013,46
1114013700,U014,52
1114013700,U016,44
1114013700,U017,54
1114013700,U015,66
1114013700,U018,50
1114013700,U019,62
1114013700,U020,54
1114013700,U021,67
1114013700,U022,33
1114013700,U023,57
1114013700,U024,63
1114013700,U025,74
1114013700,U027,43
1114013700,U026,73
1114013700,U028,41
1114013700,U029,47
1114013700,U030,56
1114013700,U033,46
1114013700,U032,53
1114013700,U031,38
1114013700,U034,62
1114013700,U035,44
1114013700,U038,53
1114013700,U037,56
1114013700,U036,55
1114013700,U039,42
1114013700,U040,50
1114013700,U042,47
1114013700,U043,58
1114013700,U041,56
1114013700,U044,37
1114013700,U045,54
1114013700,U046,39
1114013700,V001,37
1114013700,V002,17
1114013700,U047,48
1114013800,B001,39
1114013800,C003,47
1114013800,C001,80
1114013800,C002,62
1114013800,C004,64
1114013800,C007,15
1114013800,C005,50
1114013800,C006,72
1114013800,C009,54
1114013800,C008,69
1114013800,E001,50
1114013800,M001,60
1114013800,P002,56
1114013800,P001,78
1114013800,U001,45
1114013800,U002,50
1114013800,U003,43
1114013800,U004,61
1114013800,U005,43
1114013800,U007,48
1114013800,U006,56
1114013800,U008,65
1114013800,U012,34
1114013800,U009,58
1114013800,U010,76
1114013800,U011,63
1114013800,U013,53
1114013800,U014,59
1114013800,U016,51
1114013800,U017,62
1114013800,U015,74
1114013800,U018,58
1114013800,U019,69
1114013800,U021,75
1114013800,U020,62
1114013800,U022,40
1114013800,U023,63
1114013800,U024,70
1114013800,U025,84
1114013800,U027,50
1114013800,U026,82
1114013800,U028,49
1114013800,U029,54
1114013800,U030,60
1114013800,U031,45
1114013800,U032,60
1114013800,U033,53
1114013800,U034,70
1114013800,U035,51
1114013800,U036,62
1114013800,U037,63
1114013800,U038,60
1114013800,U039,49
1114013800,U041,64
1114013800,U040,57
1114013800,U042,54
1114013800,U043,65
1114013800,U044,44
1114013800,U045,61
1114013800,V002,25
1114013800,U046,47
1114013800,V001,45
1114013800,U047,55
1114013900,B001,34
1114013900,C003,46
1114013900,C002,61
1114013900,C001,71
1114013900,C004,55
1114013900,C007,53
1114013900,C005,49
1114013900,C006,59
1114013900,C009,49
1114013900,C008,65
1114013900,E001,48
1114013900,M001,59
1114013900,P002,58
1114013900,P001,76
1114013900,U001,41
1114013900,U002,48
1114013900,U003,42
1114013900,U004,56
1114013900,U005,42
1114013900,U007,47
1114013900,U006,52
1114013900,U012,15
1114013900,U008,61
1114013900,U009,54
1114013900,U011,60
1114013900,U010,75
1114013900,U013,52
1114013900,U014,58
1114013900,U016,50
1114013900,U017,64
1114013900,U015,73
1114013900,U018,54
1114013900,U019,68
1114013900,U020,61
1114013900,U022,36
1114013900,U021,71
1114013900,U023,58
1114013900,U024,69
1114013900,U027,49
1114013900,U025,78
1114013900,U026,76
1114013900,U028,45
1114013900,U029,50
1114013900,U030,51
1114013900,U031,42
1114013900,U033,52
1114013900,U032,57
1114013900,U034,65
1114013900,U035,50
1114013900,U038,56
1114013900,U037,60
1114013900,U036,58
1114013900,U039,48
1114013900,U040,62
1114013900,U043,61
1114013900,U042,51
1114013900,U041,60
1114013900,U045,58
1114013900,U044,41
1114013900,V002,26
1114013900,V001,44
1114013900,U047,51
1114014000,B001,34
1114013900,U046,43
1114014000,C003,43
1114014000,C001,75
1114014000,C002,57
1114014000,C007,15
1114014000,C005,46
1114014000,C004,59
1114014000,C006,71
1114014000,C009,48
1114014000,C008,64
1114014000,E001,45
1114014000,M001,56
1114014000,P001,73
1114014000,P002,51
1114014000,U001,40
1114014000,U002,45
1114014000,U003,44
1114014000,U004,56
1114014000,U005,39
1114014000,U007,44
1114014000,U006,52
1114014000,U012,29
1114014000,U009,53
1114014000,U008,60
1114014000,U011,59
1114014000,U010,72
1114014000,U013,49
1114014000,U014,55
1114014000,U016,46
1114014000,U017,57
1114014000,U015,69
1114014000,U018,53
1114014000,U019,65
1114014000,U020,57
1114014000,U021,70
1114014000,U022,35
1114014000,U024,66
1114014000,U023,58
1114014000,U027,45
1114014000,U025,79
1114014000,U026,77
1114014000,U028,44
1114014000,U029,49
1114014000,U030,59
1114014000,U031,41
1114014000,U032,56
1114014000,U034,65
1114014000,U033,49
1114014000,U035,55
1114014000,U036,57
1114014000,U037,59
1114014000,U039,45
1114014000,U038,56
1114014000,U040,53
1114014000,U041,59
1114014000,U042,50
1114014000,U043,61
1114014000,U044,40
1114014000,U045,57
1114014000,U046,42
1114014000,V002,20
1114014000,V001,40
1114014000,U047,51
1114014100,B001,35
1114014100,C002,59
1114014100,C001,76
1114014100,C003,44
1114014100,C007,15
1114014100,C005,48
1114014100,C004,65
1114014100,C006,60
1114014100,C008,66
1114014100,C009,50
1114014100,E001,47
1114014100,M001,57
1114014100,P002,52
1114014100,U001,42
1114014100,U002,47
1114014100,P001,75
1114014100,U003,42
1114014100,U004,57
1114014100,U005,41
1114014100,U006,53
1114014100,U007,46
1114014100,U008,62
1114014100,U009,55
1114014100,U012,31
1114014100,U011,61
1114014100,U010,73
1114014100,U013,51
1114014100,U014,56
1114014100,U016,48
1114014100,U017,58
1114014100,U018,55
1114014100,U015,71
1114014100,U020,59
1114014100,U019,67
1114014100,U022,37
1114014100,U021,69
1114014100,U023,60
1114014100,U024,67
1114014100,U025,76
1114014100,U027,47
1114014100,U026,74
1114014100,U029,51
1114014100,U028,46
1114014100,U030,61
1114014100,U031,40
1114014100,U033,58
1114014100,U032,55
1114014100,U035,53
1114014100,U034,66
1114014100,U036,59
1114014100,U038,54
1114014100,U037,58
1114014100,U040,55
1114014100,U039,49
1114014100,U041,61
1114014100,U043,62
1114014100,U042,52
1114014100,U045,59
1114014100,U046,44
1114014100,U044,41
1114014100,V002,21
1114014100,V001,42
1114014100,U047,49
1114014200,B001,50
1114014200,C001,91
1114014200,C003,59
1114014200,C002,82
1114014200,C007,15
1114014200,C004,76
1114014200,C005,63
1114014200,C006,79
1114014200,C008,81
1114014200,C009,65
1114014200,E001,62
1114014200,M001,72
1114014200,P002,53
1114014200,U001,57
1114014200,U002,54
1114014200,P001,90
1114014200,U003,53
1114014200,U004,74
1114014200,U005,56
1114014200,U006,68
1114014200,U007,61
1114014200,U012,44
1114014200,U009,73
1114014200,U008,77
1114014200,U011,76
1114014200,U010,88
1114014200,U013,66
1114014200,U014,79
1114014200,U016,60
1114014200,U017,74
1114014200,U018,70
1114014200,U015,86
1114014200,U020,74
1114014200,U019,86
1114014200,U022,52
1114014200,U021,84
1114014200,U023,78
1114014200,U027,62
1114014200,U024,82
1114014200,U025,91
1114014200,U026,89
1114014200,U028,61
1114014200,U030,67
1114014200,U029,66
1114014200,U031,55
1114014200,U032,71
1114014200,U033,64
1114014200,U035,58
1114014200,U034,82
1114014200,U036,74
1114014200,U037,82
1114014200,U038,70
1114014200,U039,60
1114014200,U040,84
1114014200,U042,67
1114014200,U043,77
1114014200,U041,78
1114014200,U044,57
1114014200,U045,74
1114014200,V002,15
1114014200,V001,60
1114014200,U046,59
1114014200,U047,64
1114014300,B001,31
1114014300,C003,47
1114014300,C002,62
1114014300,C005,50
1114014300,C004,52
1114014300,C001,75
1114014300,C007,46
1114014300,C006,57
1114014300,C009,48
1114014300,C008,75
1114014300,E001,46
1114014300,M001,55
1114014300,P002,36
1114014300,P001,77
1114014300,U002,46
1114014300,U001,40
1114014300,U003,43
1114014300,U004,55
1114014300,U007,44
1114014300,U005,43
1114014300,U006,57
1114014300,U012,15
1114014300,U008,60
1114014300,U009,53
1114014300,U011,58
1114014300,U010,75
1114014300,U013,49
1114014300,U014,59
1114014300,U015,69
1114014300,U016,51
1114014300,U017,54
1114014300,U018,53
1114014300,U019,65
1114014300,U020,62
1114014300,U022,38
1114014300,U021,74
1114014300,U023,54
1114014300,U024,65
1114014300,U027,52
1114014300,U025,81
1114014300,U026,82
1114014300,U028,44
1114014300,U029,49
1114014300,U030,50
1114014300,U031,46
1114014300,U032,56
1114014300,U033,53
1114014300,U034,64
1114014300,U035,54
1114014300,U036,57
1114014300,U038,60
1114014300,U037,63
1114014300,U039,51
1114014300,U040,50
1114014300,U041,59
1114014300,U042,53
1114014300,U043,60
1114014300,U044,39
1114014300,U045,57
1114014300,U046,41
1114014300,V001,46
1114014300,U047,57
1114014300,V002,30
1114014400,B001,43
1114014400,C003,51
1114014400,C002,66
1114014400,C001,79
1114014400,C004,59
1114014400,C007,48
1114014400,C005,54
1114014400,C006,76
1114014400,C008,74
1114014400,C009,58
1114014400,E001,50
1114014400,M001,60
1114014400,P002,47
1114014400,P001,82
1114014400,U001,49
1114014400,U002,50
1114014400,U003,47
1114014400,U004,65
1114014400,U005,47
1114014400,U007,49
1114014400,U006,58
1114014400,U012,15
1114014400,U008,63
1114014400,U009,67
1114014400,U010,80
1114014400,U011,69
1114014400,U013,54
1114014400,U014,63
1114014400,U015,74
1114014400,U016,55
1114014400,U017,57
1114014400,U018,62
1114014400,U019,69
1114014400,U020,66
1114014400,U021,78
1114014400,U022,44
1114014400,U023,67
1114014400,U024,70
1114014400,U027,54
1114014400,U025,88
1114014400,U026,86
1114014400,U028,53
1114014400,U030,64
1114014400,U029,58
1114014400,U032,60
1114014400,U033,57
1114014400,U035,56
1114014400,U036,70
1114014400,U037,65
1114014400,U038,58
1114014400,U040,58
1114014400,U041,68
1114014400,U031,49
1114014400,U042,61
1114014400,U043,71
1114014400,U044,52
1114014400,U045,66
1114014400,U034,74
1114014400,U046,52
1114014400,U047,58
1114014400,V001,45
1114014400,V002,34
1114014400,U039,54
1114014500,B001,29
1114014500,C003,46
1114014500,C002,64
1114014500,C004,50
1114014500,C001,69
1114014500,C005,54
1114014500,C007,37
1114014500,C006,52
1114014500,C009,43
1114014500,C008,67
1114014500,E001,57
1114014500,M001,61
1114014500,P002,38
1114014500,P001,72
1114014500,U001,37
1114014500,U002,49
1114014500,U003,37
1114014500,U004,51
1114014500,U005,37
1114014500,U006,59
1114014500,U007,43
1114014500,U009,50
1114014500,U008,73
1114014500,U012,33
1114014500,U010,70
1114014500,U011,56
1114014500,U013,44
1114014500,U016,49
1114014500,U017,50
1114014500,U015,65
1114014500,U014,62
1114014500,U018,50
1114014500,U022,33
1114014500,U019,60
1114014500,U020,63
1114014500,U021,72
1114014500,U023,54
1114014500,U024,61
1114014500,U027,52
1114014500,U025,77
1114014500,U026,76
1114014500,U028,41
1114014500,U029,47
1114014500,U030,44
1114014500,U031,43
1114014500,U032,59
1114014500,U033,55
1114014500,U034,60
1114014500,U035,50
1114014500,U036,51
1114014500,U039,46
1114014500,U038,58
1114014500,U037,61
1114014500,U040,49
1114014500,U041,56
1114014500,U043,55
1114014500,U042,50
1114014500,U045,54
1114014500,U044,36
1114014500,U046,37
1114014500,V001,45
1114014500,U047,49
1114014500,V002,27
1114014600,B001,29
1114014600,C003,46
1114014600,C001,71
1114014600,C005,49
1114014600,C004,57
1114014600,C002,64
1114014600,C007,36
1114014600,C006,54
1114014600,C009,43
1114014600,C008,71
1114014600,E001,58
1114014600,P002,39
1114014600,M001,53
1114014600,P001,73
1114014600,U001,36
1114014600,U002,50
1114014600,U003,39
1114014600,U004,51
1114014600,U005,39
1114014600,U006,48
1114014600,U007,42
1114014600,U009,49
1114014600,U008,56
1114014600,U011,55
1114014600,U010,72
1114014600,U012,34
1114014600,U013,46
1114014600,U014,62
1114014600,U015,67
1114014600,U016,50
1114014600,U017,50
1114014600,U018,49
1114014600,U019,62
1114014600,U022,31
1114014600,U021,71
1114014600,U020,64
1114014600,U023,52
1114014600,U024,63
1114014600,U027,51
1114014600,U025,77
1114014600,U026,76
1114014600,U028,40
1114014600,U029,45
1114014600,U030,46
1114014600,U031,42
1114014600,U033,57
1114014600,U032,57
1114014600,U034,60
1114014600,U035,50
1114014600,U036,53
1114014600,U038,57
1114014600,U037,60
1114014600,U039,46
1114014600,U040,48
1114014600,U041,55
1114014600,U042,54
1114014600,U043,56
1114014600,U044,38
1114014600,U045,53
1114014600,U046,37
1114014600,V001,55
1114014600,U047,52
1114014700,B001,28
1114014600,V002,26
1114014700,C003,46
1114014700,C001,70
1114014700,C002,65
1114014700,C004,54
1114014700,C005,49
1114014700,C007,36
1114014700,C006,53
1114014700,C008,66
1114014700,C009,44
1114014700,E001,48
1114014700,M001,64
1114014700,P002,55
1114014700,P001,72
1114014700,U001,36
1114014700,U002,48
1114014700,U003,38
1114014700,U004,51
1114014700,U005,38
1114014700,U006,47
1114014700,U007,43
1114014700,U012,29
1114014700,U009,49
1114014700,U008,56
1114014700,U011,55
1114014700,U010,71
1114014700,U013,45
1114014700,U015,65
1114014700,U016,49
1114014700,U014,62
1114014700,U017,51
1114014700,U018,49
1114014700,U022,31
1114014700,U021,71
1114014700,U020,64
1114014700,U019,61
1114014700,U023,54
1114014700,U024,62
1114014700,U027,46
1114014700,U025,78
1114014700,U026,77
1114014700,U029,45
1114014700,U028,40
1114014700,U030,45
1114014700,U031,42
1114014700,U033,56
1114014700,U032,57
1114014700,U034,60
1114014700,U035,50
1114014700,U036,52
1114014700,U037,60
1114014700,U038,57
1114014700,U039,47
1114014700,U040,50
1114014700,U041,55
1114014700,U042,53
1114014700,U043,55
1114014700,U044,36
1114014700,U045,53
1114014700,V002,25
1114014700,U046,37
1114014700,V001,57
1114014800,B001,28
1114014700,U047,50
1114014800,C003,48
1114014800,C002,64
1114014800,C001,71
1114014800,C005,52
1114014800,C004,51
1114014800,C007,39
1114014800,C006,57
1114014800,C008,68
1114014800,C009,43
1114014800,E001,58
1114014800,M001,61
1114014800,U001,39
1114014800,P002,40
1114014800,P001,78
1114014800,U002,51
1114014800,U003,43
1114014800,U004,50
1114014800,U006,60
1114014800,U005,43
1114014800,U007,42
1114014800,U009,52
1114014800,U008,59
1114014800,U011,57
1114014800,U010,76
1114014800,U013,48
1114014800,U016,59
1114014800,U015,68
1114014800,U014,62
1114014800,U012,35
1114014800,U017,50
1114014800,U018,52
1114014800,U019,66
1114014800,U020,64
1114014800,U022,34
1114014800,U024,64
1114014800,U023,52
1114014800,U021,74
1114014800,U025,77
1114014800,U026,76
1114014800,U027,50
1114014800,U028,43
1114014800,U029,48
1114014800,U030,45
1114014800,U031,44
1114014800,U033,56
1114014800,U032,60
1114014800,U035,50
1114014800,U034,59
1114014800,U036,57
1114014800,U037,62
1114014800,U038,59
1114014800,U040,48
1114014800,U039,46
1114014800,U041,58
1114014800,U042,50
1114014800,U043,60
1114014800,U045,55
1114014800,U046,37
1114014800,V001,47
1114014800,U044,37
1114014800,U047,53
1114014900,B001,29
1114014800,V002,29
1114014900,C003,57
1114014900,C004,51
1114014900,C001,73
1114014900,C002,67
1114014900,C005,54
1114014900,C006,70
1114014900,C007,42
1114014900,C009,46
1114014900,C008,60
1114014900,E001,63
1114014900,M001,62
1114014900,P001,81
1114014900,U001,42
1114014900,P002,49
1114014900,U002,54
1114014900,U003,46
1114014900,U005,46
1114014900,U006,49
1114014900,U004,53
1114014900,U007,42
1114014900,U008,57
1114014900,U009,54
1114014900,U011,60
1114014900,U010,79
1114014900,U013,48
1114014900,U014,64
1114014900,U016,58
1114014900,U015,68
1114014900,U017,52
1114014900,U018,54
1114014900,U019,65
1114014900,U022,36
1114014900,U020,67
1114014900,U012,40
1114014900,U023,52
1114014900,U021,77
1114014900,U024,65
1114014900,U025,82
1114014900,U027,50
1114014900,U026,80
1114014900,U028,49
1114014900,U029,50
1114014900,U030,48
1114014900,U031,47
1114014900,U033,58
1114014900,U034,62
1114014900,U032,63
1114014900,U035,52
1114014900,U036,57
1114014900,U037,67
1114014900,U038,62
1114014900,U039,49
1114014900,U040,48
1114014900,U041,60
1114014900,U042,51
1114014900,U043,60
1114014900,U045,70
1114014900,U046,39
1114014900,U047,55
1114014900,V001,55
1114014900,V002,32
1114015000,B001,31
1114014900,U044,37
1114015000,C001,62
1114015000,C002,56
1114015000,C003,42
1114015000,C004,52
1114015000,C005,46
1114015000,C008,71
1114015000,C006,52
1114015000,C009,39
1114015000,E001,48
1114015000,P002,41
1114015000,M001,62
1114015000,U001,35
1114015000,P001,67
1114015000,C007,36
1114015000,U002,48
1114015000,U003,33
1114015000,U004,46
1114015000,U005,33
1114015000,U006,61
1114015000,U007,39
1114015000,U009,48
1114015000,U008,74
1114015000,U010,65
1114015000,U011,55
1114015000,U012,33
1114015000,U013,44
1114015000,U014,53
1114015000,U016,44
1114015000,U015,64
1114015000,U017,41
1114015000,U018,47
1114015000,U019,60
1114015000,U022,30
1114015000,U020,56
1114015000,U021,75
1114015000,U024,60
1114015000,U023,55
1114015000,U027,52
1114015000,U025,68
1114015000,U026,67
1114015000,U028,39
1114015000,U029,44
1114015000,U030,41
1114015000,U031,40
1114015000,U033,47
1114015000,U035,41
1114015000,U034,55
1114015000,U032,58
1114015000,U036,51
1114015000,U038,55
1114015000,U039,38
1114015000,U037,55
1114015000,U040,52
1114015000,U041,54
1114015000,U042,51
1114015000,U043,54
1114015000,U044,38
1114015000,U045,71
1114015000,U046,33
1114015100,B001,26
1114015000,V002,25
1114015000,V001,43
1114015000,U047,44
1114015100,C001,69
1114015100,C003,46
1114015100,C004,51
1114015100,C005,54
1114015100,C002,62
1114015100,C007,42
1114015100,C006,56
1114015100,C008,64
1114015100,C009,45
1114015100,E001,52
1114015100,M001,61
1114015100,P002,45
1114015100,U001,38
1114015100,P001,72
1114015100,U002,52
1114015100,U003,38
1114015100,U004,52
1114015100,U005,38
1114015100,U007,42
1114015100,U006,60
1114015100,U008,57
1114015100,U009,57
1114015100,U011,61
1114015100,U010,70
1114015100,U012,36
1114015100,U013,48
1114015100,U014,59
1114015100,U016,49
1114015100,U015,89
1114015100,U017,47
1114015100,U018,58
1114015100,U022,33
1114015100,U019,64
1114015100,U020,62
1114015100,U023,55
1114015100,U021,81
1114015100,U024,85
1114015100,U025,77
1114015100,U027,49
1114015100,U028,47
1114015100,U026,76
1114015100,U030,47
1114015100,U029,50
1114015100,U031,54
1114015100,U033,53
1114015100,U032,64
1114015100,U034,61
1114015100,U035,47
1114015100,U036,55
1114015100,U037,63
1114015100,U038,64
1114015100,U039,44
1114015100,U040,51
1114015100,U041,79
1114015100,U042,50
1114015100,U043,58
1114015100,U045,70
1114015100,V002,31
1114015100,U046,39
1114015100,V001,50
1114015100,U047,50
1114015200,C003,41
1114015100,U044,37
1114015200,C001,64
1114015200,C002,60
1114015200,B001,28
1114015200,C007,41
1114015200,C004,54
1114015200,C005,49
1114015200,C006,51
1114015200,C009,44
1114015200,C008,66
1114015200,E001,53
1114015200,M001,50
1114015200,U001,41
1114015200,P001,67
1114015200,P002,41
1114015200,U002,53
1114015200,U003,32
1114015200,U004,51
1114015200,U005,33
1114015200,U007,44
1114015200,U006,48
1114015200,U008,57
1114015200,U010,65
1114015200,U009,56
1114015200,U011,61
1114015200,U013,44
1114015200,U014,57
1114015200,U015,64
1114015200,U016,44
1114015200,U017,46
1114015200,U018,51
1114015200,U019,60
1114015200,U012,38
1114015200,U020,58
1114015200,U021,79
1114015200,U023,56
1114015200,U022,34
1114015200,U024,60
1114015200,U025,72
1114015200,U026,76
1114015200,U027,49
1114015200,U028,49
1114015200,U029,47
1114015200,U030,43
1114015200,U031,44
1114015200,U033,50
1114015200,U035,45
1114015200,U034,60
1114015200,U032,63
1114015200,U036,51
1114015200,U039,42
1114015200,U037,62
1114015200,U040,55
1114015200,U038,59
1114015200,U041,65
1114015200,U042,47
1114015200,U043,54
1114015200,U045,74
1114015200,U046,37
1114015200,V002,30
1114015200,V001,47
1114015200,U047,44
1114015200,U044,46
1114015300,C003,53
1114015300,C001,68
1114015300,C002,65
1114015300,B001,24
1114015300,C007,39
1114015300,C004,52
1114015300,C005,56
1114015300,C006,75
1114015300,C008,62
1114015300,C009,49
1114015300,E001,55
1114015300,M001,66
1114015300,P001,73
1114015300,U001,36
1114015300,P002,47
1114015300,U002,55
1114015300,U003,39
1114015300,U004,56
1114015300,U005,39
1114015300,U006,46
1114015300,U007,44
1114015300,U009,54
1114015300,U008,55
1114015300,U010,72
1114015300,U011,59
1114015300,U013,46
1114015300,U015,70
1114015300,U016,50
1114015300,U014,62
1114015300,U017,51
1114015300,U018,56
1114015300,U019,62
1114015300,U020,65
1114015300,U012,39
1114015300,U021,89
1114015300,U023,54
1114015300,U024,66
1114015300,U025,75
1114015300,U027,47
1114015300,U026,73
1114015300,U028,45
1114015300,U022,31
1114015300,U029,60
1114015300,U030,56
1114015300,U031,50
1114015300,U033,57
1114015300,U032,62
1114015300,U034,65
1114015300,U035,50
1114015300,U036,57
1114015300,U037,60
1114015300,U038,68
1114015300,U039,47
1114015300,U040,53
1114015300,U041,71
1114015300,U042,44
1114015300,U043,60
1114015300,U045,65
1114015300,U046,42
1114015300,V001,54
1114015300,U047,51
1114015300,V002,35
1114015400,B001,29
1114015300,U044,43
1114015400,C003,50
1114015400,C001,71
1114015400,C002,63
1114015400,C004,55
1114015400,C006,55
1114015400,C005,53
1114015400,C009,47
1114015400,C008,67
1114015400,E001,53
1114015400,M001,65
1114015400,P002,56
1114015400,P001,73
1114015400,U001,41
1114015400,U002,53
1114015400,U003,39
1114015400,C007,37
1114015400,U004,54
1114015400,U005,39
1114015400,U006,64
1114015400,U007,42
1114015400,U009,60
1114015400,U012,15
1114015400,U008,77
1114015400,U011,61
1114015400,U010,72
1114015400,U013,47
1114015400,U014,61
1114015400,U015,67
1114015400,U016,50
1114015400,U017,49
1114015400,U018,55
1114015400,U022,36
1114015400,U020,63
1114015400,U021,83
1114015400,U019,63
1114015400,U024,63
1114015400,U023,59
1114015400,U025,76
1114015400,U027,50
1114015400,U028,50
1114015400,U026,75
1114015400,U029,51
1114015400,U030,46
1114015400,U031,46
1114015400,U033,55
1114015400,U034,63
1114015400,U032,61
1114015400,U035,49
1114015400,U036,54
1114015400,U038,61
1114015400,U037,63
1114015400,U039,45
1114015400,U040,55
1114015400,U041,61
1114015400,U042,54
1114015400,U043,57
1114015400,U044,41
1114015400,V002,26
1114015400,U046,40
1114015400,V001,62
1114015400,U047,52
1114015400,U045,74
1114015500,B001,37
1114015500,C003,37
1114015500,C002,52
1114015500,C005,40
1114015500,C001,63
1114015500,C004,56
1114015500,C006,57
1114015500,E001,42
1114015500,C009,43
1114015500,C008,62
1114015500,P002,40
1114015500,M001,53
1114015500,P001,67
1114015500,U001,37
1114015500,U002,42
1114015500,U003,33
1114015500,U004,50
1114015500,C007,33
1114015500,U005,33
1114015500,U006,51
1114015500,U007,41
1114015500,U009,53
1114015500,U010,66
1114015500,U008,59
1114015500,U011,58
1114015500,U013,46
1114015500,U014,49
1114015500,U016,41
1114015500,U015,66
1114015500,U017,42
1114015500,U012,33
1114015500,U018,50
1114015500,U022,32
1114015500,U019,62
1114015500,U020,51
1114015500,U021,76
1114015500,U023,59
1114015500,U024,63
1114015500,U025,69
1114015500,U027,40
1114015500,U026,68
1114015500,U028,41
1114015500,U029,47
1114015500,U030,45
1114015500,U031,38
1114015500,U032,53
1114015500,U033,43
1114015500,U035,42
1114015500,U034,59
1114015500,U036,54
1114015500,U037,56
1114015500,U038,51
1114015500,U039,38
1114015500,U040,55
1114015500,U041,56
1114015500,U042,55
1114015500,U043,57
1114015500,U044,42
1114015500,U046,36
1114015500,U045,54
1114015500,V002,22
1114015500,U047,45
1114015500,V001,38
1114015600,B001,33
1114015600,C003,38
1114015600,C001,67
1114015600,C002,53
1114015600,C004,57
1114015600,C005,41
1114015600,C006,59
1114015600,C009,45
1114015600,C008,60
1114015600,E001,44
1114015600,M001,54
1114015600,U001,39
1114015600,P002,41
1114015600,P001,69
1114015600,U002,44
1114015600,C007,35
1114015600,U004,52
1114015600,U003,34
1114015600,U005,34
1114015600,U006,48
1114015600,U009,55
1114015600,U007,45
1114015600,U010,72
1114015600,U008,57
1114015600,U011,61
1114015600,U013,48
1114015600,U014,50
1114015600,U016,42
1114015600,U015,72
1114015600,U017,44
1114015600,U018,52
1114015600,U012,35
1114015600,U019,64
1114015600,U020,53
1114015600,U022,30
1114015600,U021,72
1114015600,U023,54
1114015600,U024,69
1114015600,U027,41
1114015600,U025,73
1114015600,U028,43
1114015600,U029,48
1114015600,U026,72
1114015600,U030,47
1114015600,U031,40
1114015600,U033,44
1114015600,U032,54
1114015600,U035,44
1114015600,U036,59
1114015600,U034,61
1114015600,U038,52
1114015600,U037,58
1114015600,U039,40
1114015600,U041,58
1114015600,U043,62
1114015600,U042,47
1114015600,U044,44
1114015600,U040,51
1114015600,U046,38
1114015600,U047,47
1114015600,V002,24
1114015700,B001,30
1114015600,V001,39
1114015600,U045,59
1114015700,C001,78
1114015700,C003,42
1114015700,C005,45
1114015700,C004,55
1114015700,C002,59
1114015700,C007,40
1114015700,C006,55
1114015700,C009,43
1114015700,C008,63
1114015700,E001,48
1114015700,M001,66
1114015700,P001,70
1114015700,P002,44
1114015700,U001,42
1114015700,U002,48
1114015700,U003,36
1114015700,U005,36
1114015700,U004,50
1114015700,U007,45
1114015700,U006,52
1114015700,U008,60
1114015700,U009,51
1114015700,U010,69
1114015700,U011,59
1114015700,U013,47
1114015700,U016,46
1114015700,U012,37
1114015700,U018,51
1114015700,U019,63
1114015700,U020,57
1114015700,U021,79
1114015700,U022,31
1114015700,U023,57
1114015700,U024,64
1114015700,U017,45
1114015700,U014,57
1114015700,U015,68
1114015700,U025,72
1114015700,U027,52
1114015700,U028,51
1114015700,U029,48
1114015700,U026,71
1114015700,U030,45
1114015700,U031,50
1114015700,U032,58
1114015700,U033,48
1114015700,U035,45
1114015700,U036,54
1114015700,U034,59
1114015700,U038,56
1114015700,U037,62
1114015700,U039,41
1114015700,U040,56
1114015700,U041,57
1114015700,U042,56
1114015700,U043,57
1114015700,U044,42
1114015700,U045,75
1114015700,U046,36
1114015700,V002,30
1114015700,V001,43
1114015700,U047,48
1114015800,B001,36
1114015800,C002,58
1114015800,C004,62
1114015800,C003,43
1114015800,C001,73
1114015800,C007,15
1114015800,C005,46
1114015800,C006,65
1114015800,C009,51
1114015800,E001,46
1114015800,C008,65
1114015800,M001,56
1114015800,P002,49
1114015800,P001,73
1114015800,U002,46
1114015800,U003,43
1114015800,U001,41
1114015800,U004,58
1114015800,U005,39
1114015800,U007,44
1114015800,U006,52
1114015800,U009,54
1114015800,U008,61
1114015800,U012,32
1114015800,U011,59
1114015800,U010,72
1114015800,U013,49
1114015800,U014,60
1114015800,U016,47
1114015800,U015,70
1114015800,U017,55
1114015800,U018,53
1114015800,U022,36
1114015800,U019,65
1114015800,U020,58
1114015800,U021,71
1114015800,U024,66
1114015800,U023,66
1114015800,U025,77
1114015800,U027,46
1114015800,U026,78
1114015800,U028,45
1114015800,U029,50
1114015800,U030,53
1114015800,U031,41
1114015800,U032,56
1114015800,U033,49
1114015800,U035,54
1114015800,U034,67
1114015800,U036,58
1114015800,U037,62
1114015800,U038,56
1114015800,U039,46
1114015800,U040,53
1114015800,U041,60
1114015800,U042,50
1114015800,U043,61
1114015800,U044,40
1114015800,U045,57
1114015800,V002,18
1114015800,U046,44
1114015800,V001,41
1114015800,U047,60
1114015900,B001,35
1114015900,C003,40
1114015900,C001,65
1114015900,C004,56
1114015900,C005,43
1114015900,C002,54
1114015900,C006,59
1114015900,C007,31
1114015900,C009,45
1114015900,C008,76
1114015900,E001,45
1114015900,M001,67
1114015900,P002,55
1114015900,U001,40
1114015900,P001,70
1114015900,U002,45
1114015900,U004,53
1114015900,U003,42
1114015900,U005,36
1114015900,U006,65
1114015900,U007,44
1114015900,U009,56
1114015900,U010,73
1114015900,U008,60
1114015900,U011,63
1114015900,U012,36
1114015900,U016,43
1114015900,U013,49
1114015900,U014,56
1114015900,U017,44
1114015900,U015,69
1114015900,U018,53
1114015900,U019,65
1114015900,U020,54
1114015900,U022,31
1114015900,U021,78
1114015900,U024,66
1114015900,U023,60
1114015900,U025,71
1114015900,U026,71
1114015900,U029,49
1114015900,U028,44
1114015900,U027,42
1114015900,U030,47
1114015900,U031,41
1114015900,U033,46
1114015900,U032,56
1114015900,U035,44
1114015900,U034,62
1114015900,U036,56
1114015900,U037,58
1114015900,U038,54
1114015900,U039,41
1114015900,U040,56
1114015900,U041,59
1114015900,U042,56
1114015900,U043,59
1114015900,U044,42
1114015900,U045,75
1114015900,U046,39
1114015900,V002,24
1114015900,V001,40
1114016000,B001,38
1114015900,U047,47
1114016000,C001,67
1114016000,C003,40
1114016000,C005,44
1114016000,C002,55
1114016000,C004,57
1114016000,C006,58
1114016000,C009,45
1114016000,E001,46
1114016000,C008,76
1114016000,C007,34
1114016000,M001,67
1114016000,U001,42
1114016000,P001,73
1114016000,P002,43
1114016000,U002,46
1114016000,U003,39
1114016000,U004,53
1114016000,U005,39
1114016000,U006,66
1114016000,U007,45
1114016000,U012,36
1114016000,U009,55
1114016000,U008,61
1114016000,U010,72
1114016000,U011,60
1114016000,U013,50
1114016000,U016,44
1114016000,U017,46
1114016000,U014,52
1114016000,U015,70
1114016000,U022,37
1114016000,U018,55
1114016000,U019,66
1114016000,U020,55
1114016000,U021,74
1114016000,U024,66
1114016000,U023,60
1114016000,U025,73
1114016000,U027,43
1114016000,U026,72
1114016000,U028,46
1114016000,U030,47
1114016000,U029,51
1114016000,U031,43
1114016000,U032,56
1114016000,U033,47
1114016000,U035,46
1114016000,U036,57
1114016000,U034,62
1114016000,U037,60
1114016000,U038,57
1114016000,U039,42
1114016000,U040,56
1114016000,U041,61
1114016000,U043,60
1114016000,U042,56
1114016000,U044,43
1114016000,U045,59
1114016000,U046,39
1114016000,V001,41
1114016000,U047,49
1114016000,V002,26
1114016100,B001,31
1114016100,C001,66
1114016100,C002,68
1114016100,C003,44
1114016100,C004,58
1114016100,C005,48
1114016100,C007,28
1114016100,C006,60
1114016100,C008,78
1114016100,E001,50
1114016100,C009,46
1114016100,M001,68
1114016100,P001,72
1114016100,P002,55
1114016100,U001,43
1114016100,U002,50
1114016100,U003,38
1114016100,U004,54
1114016100,U005,41
1114016100,U007,46
1114016100,U006,67
1114016100,U008,81
1114016100,U009,61
1114016100,U010,74
1114016100,U011,65
1114016100,U013,51
1114016100,U014,65
1114016100,U016,48
1114016100,U017,46
1114016100,U015,71
1114016100,U018,55
1114016100,U012,38
1114016100,U019,67
1114016100,U022,37
1114016100,U020,60
1114016100,U021,79
1114016100,U023,62
1114016100,U024,67
1114016100,U025,73
1114016100,U026,72
1114016100,U027,47
1114016100,U028,51
1114016100,U029,62
1114016100,U030,48
1114016100,U031,52
1114016100,U032,60
1114016100,U033,54
1114016100,U035,49
1114016100,U034,63
1114016100,U036,57
1114016100,U037,68
1114016100,U038,60
1114016100,U039,42
1114016100,U040,58
1114016100,U041,66
1114016100,U042,58
1114016100,U043,60
1114016100,U044,44
1114016100,U045,77
1114016100,V002,24
1114016100,U046,40
1114016100,U047,48
1114016100,V001,45
1114016200,B001,38
1114016200,C003,47
1114016200,C002,62
1114016200,C001,73
1114016200,C004,51
1114016200,C005,51
1114016200,C006,52
1114016200,C007,43
1114016200,C009,41
1114016200,C008,59
1114016200,E001,43
1114016200,M001,50
1114016200,P002,39
1114016200,P001,75
1114016200,U001,43
1114016200,U002,43
1114016200,U003,41
1114016200,U004,51
1114016200,U006,48
1114016200,U007,39
1114016200,U005,41
1114016200,U009,63
1114016200,U008,53
1114016200,U011,58
1114016200,U010,74
1114016200,U013,44
1114016200,U015,64
1114016200,U016,51
1114016200,U014,59
1114016200,U012,36
1114016200,U017,52
1114016200,U018,52
1114016200,U019,60
1114016200,U020,64
1114016200,U021,71
1114016200,U022,45
1114016200,U024,60
1114016200,U023,55
1114016200,U025,81
1114016200,U026,83
1114016200,U027,50
1114016200,U028,50
1114016200,U029,64
1114016200,U030,44
1114016200,U031,46
1114016200,U032,53
1114016200,U034,59
1114016200,U033,54
1114016200,U035,54
1114016200,U036,51
1114016200,U037,61
1114016200,U038,52
1114016200,U039,50
1114016200,U040,48
1114016200,U041,57
1114016200,U042,57
1114016200,U043,54
1114016200,U045,56
1114016200,U044,42
1114016200,U046,40
1114016200,U047,50
1114016200,V001,39
1114016200,V002,30
1114016300,C001,72
1114016300,C003,50
1114016300,B001,36
1114016300,C002,65
1114016300,C004,54
1114016300,C005,53
1114016300,C007,48
1114016300,C006,53
1114016300,C009,40
1114016300,C008,53
1114016300,M001,44
1114016300,E001,45
1114016300,P002,38
1114016300,U001,41
1114016300,P001,74
1114016300,U002,45
1114016300,U003,41
1114016300,U004,48
1114016300,U006,42
1114016300,U005,41
1114016300,U009,54
1114016300,U007,33
1114016300,U008,47
1114016300,U011,51
1114016300,U012,40
1114016300,U010,73
1114016300,U013,38
1114016300,U015,58
1114016300,U014,63
1114016300,U016,52
1114016300,U017,51
1114016300,U018,46
1114016300,U019,53
1114016300,U022,36
1114016300,U020,63
1114016300,U021,87
1114016300,U024,54
1114016300,U023,46
1114016300,U027,50
1114016300,U025,79
1114016300,U026,77
1114016300,U028,41
1114016300,U029,55
1114016300,U030,42
1114016300,U031,44
1114016300,U033,58
1114016300,U032,61
1114016300,U034,57
1114016300,U035,51
1114016300,U036,51
1114016300,U038,58
1114016300,U039,48
1114016300,U037,60
1114016300,U040,42
1114016300,U041,51
1114016300,U044,34
1114016300,U043,54
1114016300,U042,40
1114016300,U045,49
1114016300,U046,34
1114016300,V001,48
1114016400,B001,29
1114016300,V002,36
1114016300,U047,49
1114016400,C001,73
1114016400,C004,52
1114016400,C003,51
1114016400,C002,66
1114016400,C005,54
1114016400,C006,54
1114016400,C007,44
1114016400,E001,46
1114016400,C009,42
1114016400,C008,54
1114016400,P002,39
1114016400,M001,45
1114016400,U001,44
1114016400,P001,77
1114016400,U002,46
1114016400,U004,49
1114016400,U003,42
1114016400,U007,34
1114016400,U005,42
1114016400,U006,43
1114016400,U009,47
1114016400,U008,48
1114016400,U011,52
1114016400,U010,75
1114016400,U013,39
1114016400,U015,59
1114016400,U014,65
1114016400,U016,54
1114016400,U017,52
1114016400,U018,47
1114016400,U019,54
1114016400,U020,64
1114016400,U012,37
1114016400,U022,39
1114016400,U021,88
1114016400,U024,55
1114016400,U023,55
1114016400,U025,80
1114016400,U027,53
1114016400,U029,61
1114016400,U026,78
1114016400,U028,40
1114016400,U030,44
1114016400,U031,45
1114016400,U034,58
1114016400,U033,59
1114016400,U035,53
1114016400,U032,62
1114016400,U036,53
1114016400,U039,49
1114016400,U037,61
1114016400,U038,59
1114016400,U040,43
1114016400,U042,41
1114016400,U043,56
1114016400,U041,52
1114016400,U045,50
1114016400,U044,35
1114016400,U046,35
1114016400,V001,41
1114016400,U047,50
1114016400,V002,33
1114016500,C003,52
1114016500,C001,74
1114016500,C004,50
1114016500,C002,67
1114016500,B001,35
1114016500,C006,56
1114016500,C007,42
1114016500,C005,55
1114016500,C008,71
1114016500,C009,42
1114016500,E001,52
1114016500,P002,44
1114016500,M001,50
1114016500,P001,79
1114016500,U001,42
1114016500,U004,55
1114016500,U003,45
1114016500,U002,52
1114016500,U005,45
1114016500,U006,47
1114016500,U009,58
1114016500,U007,37
1114016500,U008,56
1114016500,U010,78
1114016500,U012,43
1114016500,U011,58
1114016500,U013,44
1114016500,U014,65
1114016500,U016,63
1114016500,U015,64
1114016500,U017,53
1114016500,U018,60
1114016500,U019,60
1114016500,U022,37
1114016500,U020,69
1114016500,U023,52
1114016500,U021,88
1114016500,U024,61
1114016500,U025,80
1114016500,U027,52
1114016500,U026,79
1114016500,U028,38
1114016500,U029,59
1114016500,U030,44
1114016500,U031,51
1114016500,U032,68
1114016500,U033,59
1114016500,U034,58
1114016500,U035,53
1114016500,U036,53
1114016500,U037,69
1114016500,U039,49
1114016500,U038,62
1114016500,U040,43
1114016500,U041,57
1114016500,U042,46
1114016500,U043,56
1114016500,U045,56
1114016500,U046,35
1114016500,U044,38
1114016500,V001,49
1114016500,U047,55
1114016500,V002,32
1114016600,B001,41
1114016600,C001,65
1114016600,C002,58
1114016600,C004,55
1114016600,C005,41
1114016600,C007,42
1114016600,C006,61
1114016600,C008,64
1114016600,C009,47
1114016600,E001,51
1114016600,M001,58
1114016600,C003,40
1114016600,P002,49
1114016600,P001,66
1114016600,U001,42
1114016600,U002,51
1114016600,U004,54
1114016600,U006,53
1114016600,U007,56
1114016600,U005,32
1114016600,U008,61
1114016600,U009,57
1114016600,U003,29
1114016600,U010,68
1114016600,U012,48
1114016600,U011,66
1114016600,U014,51
1114016600,U013,51
1114016600,U016,44
1114016600,U017,39
1114016600,U018,55
1114016600,U015,77
1114016600,U019,69
1114016600,U020,53
1114016600,U021,73
1114016600,U023,59
1114016600,U022,38
1114016600,U024,73
1114016600,U025,69
1114016600,U027,52
1114016600,U026,67
1114016600,U028,47
1114016600,U030,49
1114016600,U029,52
1114016600,U031,40
1114016600,U033,45
1114016600,U032,59
1114016600,U035,40
1114016600,U037,59
1114016600,U036,58
1114016600,U039,35
1114016600,U034,63
1114016600,U038,75
1114016600,U040,62
1114016600,U042,51
1114016600,U043,61
1114016600,U041,62
1114016600,U044,42
1114016600,U045,64
1114016600,U046,40
1114016600,U047,42
1114016600,V001,46
1114016700,B001,43
1114016700,C001,70
1114016700,C002,64
1114016700,C004,57
1114016700,C005,47
1114016700,C007,38
1114016700,C006,67
1114016600,V002,31
1114016700,C003,46
1114016700,C008,66
1114016700,C009,53
1114016700,E001,56
1114016700,M001,61
1114016700,P001,72
1114016700,P002,55
1114016700,U001,48
1114016700,U002,56
1114016700,U004,60
1114016700,U003,34
1114016700,U007,50
1114016700,U006,55
1114016700,U005,36
1114016700,U009,62
1114016700,U008,63
1114016700,U010,73
1114016700,U012,50
1114016700,U011,67
1114016700,U013,55
1114016700,U016,49
1114016700,U014,57
1114016700,U017,45
1114016700,U015,79
1114016700,U018,61
1114016700,U020,59
1114016700,U021,78
1114016700,U019,71
1114016700,U022,46
1114016700,U023,61
1114016700,U024,75
1114016700,U025,71
1114016700,U027,53
1114016700,U028,52
1114016700,U026,69
1114016700,U029,57
1114016700,U030,55
1114016700,U031,45
1114016700,U033,50
1114016700,U032,64
1114016700,U035,45
1114016700,U034,69
1114016700,U039,41
1114016700,U037,56
1114016700,U036,64
1114016700,U038,64
1114016700,U040,61
1114016700,U042,53
1114016700,U043,67
1114016700,U041,67
1114016700,U044,50
1114016700,U045,66
1114016700,V002,36
1114016700,U047,51
1114016700,U046,46
1114016700,V001,68
1114016800,B001,45
1114016800,C002,54
1114016800,C004,58
1114016800,C001,60
1114016800,C007,38
1114016800,C005,37
1114016800,C006,64
1114016800,C008,68
1114016800,C009,50
1114016800,E001,54
1114016800,C003,45
1114016800,M001,61
1114016800,P001,68
1114016800,P002,41
1114016800,U001,46
1114016800,U002,52
1114016800,U005,27
1114016800,U004,57
1114016800,U003,24
1114016800,U006,56
1114016800,U007,50
1114016800,U009,62
1114016800,U008,64
1114016800,U010,66
1114016800,U012,44
1114016800,U011,69
1114016800,U013,55
1114016800,U016,49
1114016800,U014,51
1114016800,U017,44
1114016800,U015,80
1114016800,U018,59
1114016800,U020,55
1114016800,U019,72
1114016800,U021,74
1114016800,U022,41
1114016800,U023,62
1114016800,U024,76
1114016800,U026,70
1114016800,U025,79
1114016800,U027,60
1114016800,U028,50
1114016800,U029,55
1114016800,U030,52
1114016800,U031,38
1114016800,U032,54
1114016800,U033,40
1114016800,U035,35
1114016800,U036,64
1114016800,U037,54
1114016800,U039,33
1114016800,U034,67
1114016800,U038,70
1114016800,U040,79
1114016800,U042,54
1114016800,U043,67
1114016800,U044,45
1114016800,U041,65
1114016800,U045,67
1114016800,U046,44
1114016800,U047,47
1114016800,V002,32
1114016800,V001,49
1114016900,B001,41
1114016900,C002,49
1114016900,C001,61
1114016900,C004,66
1114016900,C005,35
1114016900,C007,41
1114016900,C006,60
1114016900,C008,68
1114016900,C009,49
1114016900,E001,57
1114016900,C003,40
1114016900,M001,59
1114016900,P002,43
1114016900,U003,22
1114016900,P001,63
1114016900,U001,53
1114016900,U005,23
1114016900,U002,54
1114016900,U004,59
1114016900,U006,56
1114016900,U007,47
1114016900,U009,56
1114016900,U008,65
1114016900,U010,61
1114016900,U012,47
1114016900,U011,66
1114016900,U013,52
1114016900,U014,46
1114016900,U016,44
1114016900,U015,73
1114016900,U017,45
1114016900,U018,60
1114016900,U019,68
1114016900,U020,50
1114016900,U022,48
1114016900,U021,77
1114016900,U024,69
1114016900,U023,67
1114016900,U025,74
1114016900,U027,55
1114016900,U026,67
1114016900,U029,56
1114016900,U028,51
1114016900,U030,52
1114016900,U031,41
1114016900,U032,57
1114016900,U033,38
1114016900,U036,59
1114016900,U034,67
1114016900,U037,56
1114016900,U038,72
1114016900,U040,74
1114016900,U041,74
1114016900,U042,54
1114016900,U035,33
1114016900,U043,62
1114016900,U039,32
1114016900,U044,53
1114016900,U045,64
1114016900,U046,46
1114016900,V002,35
1114016900,U047,42
1114016900,V001,56
1114017000,B001,39
1114017000,C001,61
1114017000,C002,53
1114017000,C004,64
1114017000,C005,39
1114017000,C006,60
1114017000,C009,49
1114017000,C008,67
1114017000,C003,39
1114017000,E001,56
1114017000,P001,62
1114017000,M001,58
1114017000,C007,36
1114017000,P002,44
1114017000,U003,25
1114017000,U001,52
1114017000,U005,23
1114017000,U002,56
1114017000,U004,58
1114017000,U007,47
1114017000,U006,54
1114017000,U009,55
1114017000,U008,64
1114017000,U010,61
1114017000,U011,66
1114017000,U012,51
1114017000,U013,52
1114017000,U014,51
1114017000,U015,72
1114017000,U016,42
1114017000,U017,45
1114017000,U018,59
1114017000,U019,68
1114017000,U020,54
1114017000,U022,46
1114017000,U021,82
1114017000,U023,62
1114017000,U024,69
1114017000,U025,74
1114017000,U026,67
1114017000,U027,50
1114017000,U029,56
1114017000,U030,51
1114017000,U028,60
1114017000,U031,45
1114017000,U032,62
1114017000,U033,41
1114017000,U036,59
1114017000,U037,61
1114017000,U034,66
1114017000,U038,77
1114017000,U040,73
1114017000,U041,73
1114017000,U042,54
1114017000,U035,36
1114017000,U039,35
1114017000,U043,62
1114017000,U044,47
1114017000,U045,63
1114017000,U046,45
1114017000,V002,32
1114017000,U047,42
1114017000,V001,55
1114017100,B001,47
1114017100,C003,44
1114017100,C001,63
1114017100,C002,55
1114017100,C004,72
1114017100,C007,42
1114017100,C005,49
1114017100,C006,65
1114017100,C009,52
1114017100,C008,71
1114017100,E001,56
1114017100,M001,63
1114017100,P002,50
1114017100,P001,65
1114017100,U001,48
1114017100,U005,28
1114017100,U002,56
1114017100,U004,59
1114017100,U003,30
1114017100,U006,59
1114017100,U007,52
1114017100,U008,68
1114017100,U010,64
1114017100,U009,62
1114017100,U012,48
1114017100,U011,72
1114017100,U013,57
1114017100,U014,52
1114017100,U016,49
1114017100,U017,40
1114017100,U015,77
1114017100,U018,61
1114017100,U020,55
1114017100,U019,75
1114017100,U022,43
1114017100,U021,74
1114017100,U023,65
1114017100,U024,73
1114017100,U025,75
1114017100,U027,53
1114017100,U026,68
1114017100,U031,33
1114017100,U028,52
1114017100,U030,54
1114017100,U029,57
1114017100,U032,65
1114017100,U035,43
1114017100,U033,49
1114017100,U036,65
1114017100,U034,68
1114017100,U037,55
1114017100,U038,63
1114017100,U039,30
1114017100,U040,80
1114017100,U043,68
1114017100,U042,57
1114017100,U041,67
1114017100,U044,47
1114017100,U046,46
1114017100,U047,43
1114017100,U045,65
1114017100,V002,31
1114017100,V001,51
1114017200,B001,48
1114017200,C003,49
1114017200,C001,65
1114017200,C002,57
1114017200,C004,61
1114017200,C007,41
1114017200,C005,42
1114017200,C006,68
1114017200,C009,57
1114017200,C008,70
1114017200,E001,60
1114017200,M001,65
1114017200,P002,48
1114017200,U001,60
1114017200,P001,71
1114017200,U002,55
1114017200,U005,32
1114017200,U004,64
1114017200,U006,58
1114017200,U007,64
1114017200,U003,29
1114017200,U009,58
1114017200,U008,67
1114017200,U010,69
1114017200,U012,49
1114017200,U013,59
1114017200,U011,71
1114017200,U014,55
1114017200,U016,46
1114017200,U017,47
1114017200,U018,65
1114017200,U015,82
1114017200,U020,58
1114017200,U019,74
1114017200,U021,78
1114017200,U022,53
1114017200,U023,64
1114017200,U024,79
1114017200,U025,69
1114017200,U027,54
1114017200,U026,67
1114017200,U028,68
1114017200,U029,61
1114017200,U031,34
1114017200,U030,59
1114017200,U033,45
1114017200,U032,58
1114017200,U035,40
1114017200,U034,73
1114017200,U039,31
1114017200,U036,67
1114017200,U037,57
1114017200,U038,73
1114017200,U040,65
1114017200,U042,57
1114017200,U043,70
1114017200,U044,53
1114017200,U041,71
1114017200,V002,30
1114017200,U045,69
1114017200,U047,42
1114017200,U046,50
1114017200,V001,64
1114017300,B001,45
1114017300,C003,52
1114017300,C002,65
1114017300,C004,60
1114017300,C001,59
1114017300,C007,39
1114017300,C005,50
1114017300,C009,57
1114017300,C006,71
1114017300,C008,70
1114017300,E001,59
1114017300,P002,47
1114017300,M001,65
1114017300,P001,70
1114017300,U001,52
1114017300,U002,53
1114017300,U003,35
1114017300,U004,64
1114017300,U006,58
1114017300,U007,54
1114017300,U008,67
1114017300,U009,68
1114017300,U010,81
1114017300,U012,45
1114017300,U011,71
1114017300,U005,33
1114017300,U013,58
1114017300,U014,62
1114017300,U016,56
1114017300,U017,41
1114017300,U018,64
1114017300,U015,82
1114017300,U020,50
1114017300,U019,74
1114017300,U021,79
1114017300,U023,64
1114017300,U022,47
1114017300,U024,78
1114017300,U025,71
1114017300,U026,67
1114017300,U027,57
1114017300,U028,56
1114017300,U029,61
1114017300,U030,59
1114017300,U032,61
1114017300,U033,51
1114017300,U035,45
1114017300,U034,73
1114017300,U037,54
1114017300,U038,57
1114017300,U036,70
1114017300,U031,28
1114017300,U040,64
1114017300,U042,56
1114017300,U041,71
1114017300,U043,73
1114017300,U044,53
1114017300,U045,69
1114017300,U046,51
1114017300,V002,28
1114017300,U039,35
1114017300,U047,48
1114017300,V001,67
1114017400,B001,54
1114017400,C003,47
1114017400,C001,60
1114017400,C002,67
1114017400,C004,74
1114017400,C005,56
1114017400,C007,43
1114017400,C006,73
1114017400,C008,75
1114017400,C009,62
1114017400,E001,64
1114017400,M001,89
1114017400,P001,84
1114017400,P002,48
1114017400,U001,56
1114017400,U002,59
1114017400,U004,70
1114017400,U007,73
1114017400,U006,64
1114017400,U005,36
1114017400,U003,36
1114017400,U008,72
1114017400,U009,69
1114017400,U010,82
1114017400,U012,49
1114017400,U011,75
1114017400,U013,67
1114017400,U014,65
1114017400,U016,57
1114017400,U017,42
1114017400,U015,88
1114017400,U018,69
1114017400,U019,81
1114017400,U020,60
1114017400,U021,76
1114017400,U022,52
1114017400,U023,78
1114017400,U024,83
1114017400,U026,82
1114017400,U025,72
1114017400,U027,64
1114017400,U028,60
1114017400,U029,65
1114017400,U030,65
1114017400,U032,62
1114017400,U031,29
1114017400,U033,55
1114017400,U034,79
1114017400,U037,62
1114017400,U036,73
1114017400,U038,62
1114017400,U035,52
1114017400,U040,78
1114017400,U041,75
1114017400,U042,78
1114017400,U043,76
1114017400,U039,35
1114017400,U044,65
1114017400,U046,56
1114017400,U045,73
1114017400,V002,32
1114017400,U047,51
1114017400,V001,82
1117010100,B001,46
1117010100,C001,65
1117010100,C002,67
1117010100,C003,48
1117010100,C007,29
1117010100,C005,56
1117010100,C004,87
1117010100,C006,73
1117010100,C008,76
1117010100,C009,61
1117010100,E001,55
1117010100,M001,67
1117010100,P002,39
1117010100,P001,81
1117010100,U001,51
1117010100,U002,62
1117010100,U003,45
1117010100,U004,68
1117010100,U005,46
1117010100,U007,56
1117010100,U006,64
1117010100,U008,73
1117010100,U009,62
1117010100,U010,79
1117010100,U011,69
1117010100,U013,61
1117010100,U014,64
1117010100,U016,50
1117010100,U012,43
1117010100,U015,81
1117010100,U018,64
1117010100,U017,56
1117010100,U020,69
1117010100,U019,80
1117010100,U021,82
1117010100,U022,46
1117010100,U023,70
1117010100,U024,77
1117010100,U025,72
1117010100,U027,65
1117010100,U026,70
1117010100,U028,55
1117010100,U029,60
1117010100,U030,61
1117010100,U032,56
1117010100,U033,54
1117010100,U035,56
1117010100,U034,77
1117010100,U037,55
1117010100,U036,73
1117010100,U031,34
1117010100,U039,49
1117010100,U038,71
1117010100,U042,62
1117010100,U040,78
1117010100,U041,73
1117010100,U043,76
1117010100,U044,50
1117010100,U045,68
1117010100,U046,54
1117010100,V002,31
1117010100,U047,57
1117010100,V001,54
1117010200,B001,50
1117010200,C003,54
1117010200,C001,65
1117010200,C002,65
1117010200,C004,75
1117010200,C005,64
1117010200,C006,72
1117010200,C008,78
1117010200,C009,66
1117010200,E001,48
1117010200,M001,64
1117010200,P002,41
1117010200,C007,41
1117010200,P001,74
1117010200,U001,62
1117010200,U002,39
1117010200,U003,43
1117010200,U004,67
1117010200,U005,48
1117010200,U006,67
1117010200,U007,53
1117010200,U009,70
1117010200,U008,75
1117010200,U010,72
1117010200,U012,54
1117010200,U011,71
1117010200,U013,58
1117010200,U016,57
1117010200,U014,71
1117010200,U017,55
1117010200,U015,78
1117010200,U018,81
1117010200,U019,74
1117010200,U020,62
1117010200,U022,57
1117010200,U021,71
1117010200,U023,73
1117010200,U024,74
1117010200,U027,63
1117010200,U026,70
1117010200,U025,72
1117010200,U028,59
1117010200,U030,60
1117010200,U029,64
1117010200,U032,56
1117010200,U033,59
1117010200,U034,82
1117010200,U035,54
1117010200,U031,37
1117010200,U036,68
1117010200,U037,55
1117010200,U039,54
1117010200,U040,62
1117010200,U038,71
1117010200,U041,74
1117010200,U042,65
1117010200,U043,67
1117010200,U045,70
1117010200,U044,64
1117010200,U046,59
1117010200,V001,53
1117010200,U047,48
1117010200,V002,31
1117010300,B001,54
1117010300,C003,60
1117010300,C001,69
1117010300,C002,62
1117010300,C004,61
1117010300,C005,80
1117010300,C007,46
1117010300,C006,70
1117010300,C008,70
1117010300,E001,47
1117010300,C009,59
1117010300,P002,31
1117010300,P001,71
1117010300,M001,61
1117010300,U002,37
1117010300,U001,57
1117010300,U003,47
1117010300,U004,66
1117010300,U005,47
1117010300,U007,50
1117010300,U006,59
1117010300,U008,64
1117010300,U009,63
1117010300,U010,69
1117010300,U011,69
1117010300,U012,59
1117010300,U013,55
1117010300,U014,62
1117010300,U015,75
1117010300,U016,64
1117010300,U017,54
1117010300,U018,63
1117010300,U019,71
1117010300,U021,72
1117010300,U020,59
1117010300,U022,61
1117010300,U024,71
1117010300,U023,65
1117010300,U027,67
1117010300,U025,81
1117010300,U026,75
1117010300,U028,57
1117010300,U029,67
1117010300,U030,59
1117010300,U031,43
1117010300,U032,57
1117010300,U033,64
1117010300,U034,75
1117010300,U035,59
1117010300,U036,65
1117010300,U037,56
1117010300,U038,55
1117010300,U039,55
1117010300,U040,59
1117010300,U041,68
1117010300,U042,58
1117010300,U043,68
1117010300,U044,51
1117010300,U045,67
1117010300,U046,52
1117010300,U047,45
1117010300,V001,51
1117010300,V002,35
1117010400,B001,36
1117010400,C001,58
1117010400,C002,61
1117010400,C003,50
1117010400,C004,56
1117010400,C005,45
1117010400,C006,71
1117010400,C008,67
1117010400,C009,51
1117010400,E001,50
1117010400,P001,69
1117010400,M001,59
1117010400,P002,32
1117010400,U001,43
1117010400,C007,35
1117010400,U002,40
1117010400,U003,34
1117010400,U004,58
1117010400,U005,39
1117010400,U006,54
1117010400,U009,63
1117010400,U007,48
1117010400,U008,63
1117010400,U010,68
1117010400,U011,61
1117010400,U012,38
1117010400,U013,53
1117010400,U014,56
1117010400,U016,51
1117010400,U015,73
1117010400,U017,53
1117010400,U018,56
1117010400,U019,69
1117010400,U020,53
1117010400,U021,66
1117010400,U022,38
1117010400,U023,60
1117010400,U024,69
1117010400,U025,65
1117010400,U026,63
1117010400,U027,53
1117010400,U028,47
1117010400,U031,20
1117010400,U029,52
1117010400,U030,59
1117010400,U032,46
1117010400,U033,50
1117010400,U034,67
1117010400,U035,46
1117010400,U036,60
1117010400,U037,45
1117010400,U038,44
1117010400,U039,45
1117010400,U040,64
1117010400,U042,52
1117010400,U041,62
1117010400,U043,63
1117010400,U044,42
1117010400,U045,59
1117010400,U046,44
1117010400,V001,51
1117010400,U047,39
1117010400,V002,25
1117010500,B001,38
1117010500,C003,50
1117010500,C001,57
1117010500,C002,60
1117010500,C004,60
1117010500,C005,45
1117010500,C006,73
1117010500,C009,53
1117010500,C008,70
1117010500,E001,52
1117010500,P002,32
1117010500,M001,62
1117010500,P001,68
1117010500,U001,45
1117010500,C007,39
1117010500,U002,40
1117010500,U003,34
1117010500,U004,60
1117010500,U005,38
1117010500,U006,58
1117010500,U007,50
1117010500,U009,63
1117010500,U008,67
1117010500,U010,66
1117010500,U011,63
1117010500,U012,45
1117010500,U013,55
1117010500,U014,55
1117010500,U016,50
1117010500,U017,51
1117010500,U015,75
1117010500,U018,58
1117010500,U019,74
1117010500,U020,55
1117010500,U021,66
1117010500,U022,40
1117010500,U023,64
1117010500,U024,72
1117010500,U026,61
1117010500,U025,63
1117010500,U027,55
1117010500,U031,25
1117010500,U028,49
1117010500,U029,54
1117010500,U030,61
1117010500,U032,46
1117010500,U033,50
1117010500,U034,69
1117010500,U035,45
1117010500,U037,45
1117010500,U038,46
1117010500,U036,62
1117010500,U039,45
1117010500,U040,66
1117010500,U042,57
1117010500,U041,64
1117010500,U044,44
1117010500,U043,65
1117010500,U045,62
1117010500,U047,41
1117010500,U046,47
1117010500,V001,53
1117010500,V002,28
1117010600,B001,46
1117010600,C001,61
1117010600,C002,63
1117010600,C003,56
1117010600,C004,64
1117010600,C005,51
1117010600,C007,46
1117010600,C006,84
1117010600,C009,61
1117010600,C008,74
1117010600,E001,56
1117010600,P002,40
1117010600,M001,66
1117010600,U001,52
1117010600,P001,72
1117010600,U002,47
1117010600,U003,40
1117010600,U004,68
1117010600,U005,45
1117010600,U007,55
1117010600,U006,62
1117010600,U009,69
1117010600,U010,70
1117010600,U011,71
1117010600,U008,71
1117010600,U012,52
1117010600,U013,60
1117010600,U016,57
1117010600,U017,57
1117010600,U014,62
1117010600,U015,80
1117010600,U018,65
1117010600,U021,73
1117010600,U019,76
1117010600,U020,60
1117010600,U022,48
1117010600,U027,61
1117010600,U023,68
1117010600,U024,77
1117010600,U026,65
1117010600,U025,67
1117010600,U028,56
1117010600,U032,53
1117010600,U030,69
1117010600,U029,61
1117010600,U031,31
1117010600,U033,56
1117010600,U035,52
1117010600,U034,77
1117010600,U036,69
1117010600,U037,53
1117010600,U038,54
1117010600,U040,64
1117010600,U041,71
1117010600,U042,60
1117010600,U043,70
1117010600,U044,52
1117010600,U046,54
1117010600,U045,69
1117010600,U047,46
1117010600,V001,61
1117010600,V002,34
1117010700,B001,35
1117010700,C001,61
1117010700,C003,45
1117010700,C002,56
1117010700,C004,58
1117010700,C005,40
1117010700,C006,60
1117010600,U039,51
1117010700,C008,68
1117010700,C009,50
1117010700,E001,49
1117010700,M001,62
1117010700,P002,35
1117010700,P001,70
1117010700,U001,42
1117010700,U002,43
1117010700,U004,57
1117010700,U003,29
1117010700,U005,34
1117010700,C007,35
1117010700,U006,56
1117010700,U009,58
1117010700,U007,51
1117010700,U008,65
1117010700,U010,69
1117010700,U012,41
1117010700,U011,60
1117010700,U013,56
1117010700,U014,51
1117010700,U016,46
1117010700,U017,56
1117010700,U018,54
1117010700,U015,80
1117010700,U019,72
1117010700,U020,59
1117010700,U021,62
1117010700,U022,37
1117010700,U023,62
1117010700,U024,76
1117010700,U025,67
1117010700,U026,65
1117010700,U027,55
1117010700,U028,46
1117010700,U029,51
1117010700,U031,34
1117010700,U030,62
1117010700,U032,49
1117010700,U033,45
1117010700,U035,41
1117010700,U034,66
1117010700,U037,49
1117010700,U036,59
1117010700,U038,47
1117010700,U039,41
1117010700,U040,63
1117010700,U042,54
1117010700,U041,61
1117010700,U043,62
1117010700,U044,41
1117010700,U045,58
1117010700,U047,42
1117010700,U046,43
1117010700,V002,24
1117010700,V001,44
1117010800,B001,44
1117010800,C003,49
1117010800,C002,60
1117010800,C001,59
1117010800,C004,64
1117010800,C007,40
1117010800,C005,52
1117010800,C006,83
1117010800,C009,59
1117010800,C008,73
1117010800,E001,57
1117010800,M001,87
1117010800,P002,46
1117010800,P001,70
1117010800,U001,50
1117010800,U003,36
1117010800,U002,50
1117010800,U004,66
1117010800,U007,71
1117010800,U006,62
1117010800,U008,70
1117010800,U009,66
1117010800,U010,82
1117010800,U011,69
1117010800,U012,46
1117010800,U005,39
1117010800,U013,67
1117010800,U014,57
1117010800,U016,54
1117010800,U015,86
1117010800,U017,41
1117010800,U018,63
1117010800,U020,53
1117010800,U019,78
1117010800,U021,70
1117010800,U022,46
1117010800,U023,68
1117010800,U024,82
1117010800,U025,72
1117010800,U027,65
1117010800,U026,71
1117010800,U031,29
1117010800,U028,54
1117010800,U029,59
1117010800,U030,71
1117010800,U032,60
1117010800,U033,48
1117010800,U035,53
1117010800,U034,75
1117010800,U036,67
1117010800,U037,59
1117010800,U038,56
1117010800,U040,75
1117010800,U041,69
1117010800,U042,60
1117010800,U043,71
1117010800,U044,50
1117010800,U045,67
1117010800,U046,52
1117010800,U047,46
1117010800,U039,48
1117010800,V002,29
1117010800,V001,53
1117010900,B001,51
1117010900,C001,67
1117010900,C003,59
1117010900,C002,69
1117010900,C004,70
1117010900,C005,54
1117010900,C006,101
1117010900,C008,80
1117010900,C009,66
1117010900,E001,60
1117010900,M001,72
1117010900,P002,43
1117010900,P001,76
1117010900,C007,51
1117010900,U001,57
1117010900,U002,51
1117010900,U005,47
1117010900,U003,43
1117010900,U004,73
1117010900,U006,68
1117010900,U007,60
1117010900,U009,72
1117010900,U008,77
1117010900,U010,89
1117010900,U011,76
1117010900,U012,54
1117010900,U013,65
1117010900,U014,64
1117010900,U016,59
1117010900,U015,86
1117010900,U017,49
1117010900,U018,70
1117010900,U021,77
1117010900,U019,81
1117010900,U020,60
1117010900,U022,53
1117010900,U023,74
1117010900,U027,68
1117010900,U024,81
1117010900,U025,80
1117010900,U026,76
1117010900,U031,15
1117010900,U028,61
1117010900,U029,67
1117010900,U030,74
1117010900,U032,57
1117010900,U033,59
1117010900,U035,54
1117010900,U034,82
1117010900,U036,75
1117010900,U037,57
1117010900,U038,73
1117010900,U042,66
1117010900,U040,80
1117010900,U041,76
1117010900,U043,78
1117010900,U045,73
1117010900,U044,57
1117010900,U047,48
1117010900,U046,59
1117010900,U039,54
1117010900,V002,40
1117010900,V001,66
1117011000,B001,46
1117011000,C001,67
1117011000,C003,60
1117011000,C002,65
1117011000,C005,55
1117011000,C004,69
1117011000,C006,81
1117011000,C007,44
1117011000,C008,78
1117011000,C009,61
1117011000,E001,59
1117011000,M001,69
1117011000,P001,74
1117011000,P002,41
1117011000,U001,52
1117011000,U002,54
1117011000,U003,44
1117011000,U004,68
1117011000,U005,47
1117011000,U006,67
1117011000,U007,58
1117011000,U009,73
1117011000,U008,75
1117011000,U010,72
1117011000,U012,48
1117011000,U011,71
1117011000,U013,63
1117011000,U014,66
1117011000,U016,60
1117011000,U015,83
1117011000,U017,50
1117011000,U018,65
1117011000,U019,78
1117011000,U020,62
1117011000,U021,75
1117011000,U022,48
1117011000,U023,73
1117011000,U024,79
1117011000,U025,72
1117011000,U026,70
1117011000,U027,62
1117011000,U031,19
1117011000,U028,56
1117011000,U029,62
1117011000,U030,69
1117011000,U032,55
1117011000,U033,60
1117011000,U034,77
1117011000,U035,55
1117011000,U036,70
1117011000,U037,55
1117011000,U038,54
1117011000,U039,48
1117011000,U040,74
1117011000,U042,65
1117011000,U041,71
1117011000,U043,73
1117011000,U044,52
1117011000,U047,48
1117011000,U045,69
1117011000,U046,54
1117011000,V001,61
1117011000,V002,34
1117011100,B001,44
1117011100,C003,58
1117011100,C001,59
1117011100,C002,68
1117011100,C005,52
1117011100,C004,63
1117011100,C007,43
1117011100,C006,82
1117011100,C008,72
1117011100,C009,59
1117011100,E001,58
1117011100,M001,67
1117011100,P001,70
1117011100,P002,39
1117011100,U002,49
1117011100,U001,51
1117011100,U003,41
1117011100,U004,66
1117011100,U005,46
1117011100,U006,60
1117011100,U009,71
1117011100,U008,69
1117011100,U010,68
1117011100,U007,56
1117011100,U011,69
1117011100,U012,46
1117011100,U013,61
1117011100,U014,63
1117011100,U015,85
1117011100,U016,58
1117011100,U017,51
1117011100,U018,64
1117011100,U019,77
1117011100,U021,73
1117011100,U020,61
1117011100,U022,46
1117011100,U024,81
1117011100,U025,66
1117011100,U027,59
1117011100,U026,64
1117011100,U023,67
1117011100,U031,15
1117011100,U028,55
1117011100,U032,53
1117011100,U029,60
1117011100,U030,67
1117011100,U033,57
1117011100,U035,52
1117011100,U034,75
1117011100,U036,68
1117011100,U037,52
1117011100,U038,52
1117011100,U039,52
1117011100,U042,59
1117011100,U040,67
1117011100,U043,68
1117011100,U041,70
1117011100,U045,68
1117011100,U044,50
1117011100,V001,59
1117011100,U047,46
1117011100,U046,53
1117011100,V002,33
1117011200,B001,57
1117011200,C003,57
1117011200,C002,61
1117011200,C001,58
1117011200,C004,63
1117011200,C005,68
1117011200,C006,68
1117011200,C007,48
1117011200,C008,72
1117011200,E001,51
1117011200,C009,58
1117011200,P002,39
1117011200,P001,66
1117011200,M001,66
1117011200,U001,54
1117011200,U002,41
1117011200,U003,43
1117011200,U005,47
1117011200,U004,69
1117011200,U006,60
1117011200,U007,55
1117011200,U009,70
1117011200,U010,64
1117011200,U008,69
1117011200,U012,54
1117011200,U011,73
1117011200,U013,60
1117011200,U014,58
1117011200,U015,80
1117011200,U016,57
1117011200,U017,41
1117011200,U018,67
1117011200,U019,75
1117011200,U021,75
1117011200,U020,56
1117011200,U022,50
1117011200,U023,66
1117011200,U024,76
1117011200,U025,65
1117011200,U026,64
1117011200,U027,59
1117011200,U031,26
1117011200,U028,59
1117011200,U029,64
1117011200,U030,62
1117011200,U032,56
1117011200,U033,59
1117011200,U034,78
1117011200,U035,54
1117011200,U036,70
1117011200,U037,55
1117011200,U038,59
1117011200,U039,54
1117011200,U040,64
1117011200,U041,73
1117011200,U042,59
1117011200,U043,68
1117011200,U044,55
1117011200,U045,71
1117011200,U047,42
1117011200,U046,55
1117011200,V001,55
1117011200,V002,37
1117011300,B001,57
1117011300,C003,57
1117011300,C001,55
1117011300,C002,56
1117011300,C004,59
1117011300,C005,68
1117011300,C006,64
1117011300,C007,46
1117011300,C008,70
1117011300,C009,54
1117011300,E001,50
1117011300,P001,63
1117011300,M001,64
1117011300,P002,42
1117011300,U002,41
1117011300,U001,54
1117011300,U004,64
1117011300,U003,41
1117011300,U005,41
1117011300,U007,53
1117011300,U006,58
1117011300,U009,70
1117011300,U008,67
1117011300,U010,62
1117011300,U011,71
1117011300,U012,52
1117011300,U013,58
1117011300,U014,59
1117011300,U015,78
1117011300,U016,57
1117011300,U017,42
1117011300,U018,66
1117011300,U020,54
1117011300,U021,66
1117011300,U019,73
1117011300,U022,60
1117011300,U023,63
1117011300,U024,74
1117011300,U027,66
1117011300,U025,68
1117011300,U026,65
1117011300,U031,23
1117011300,U028,59
1117011300,U029,64
1117011300,U030,70
1117011300,U032,56
1117011300,U033,57
1117011300,U036,68
1117011300,U034,73
1117011300,U035,52
1117011300,U037,48
1117011300,U038,63
1117011300,U039,52
1117011300,U040,62
1117011300,U041,71
1117011300,U042,57
1117011300,U043,71
1117011300,U044,54
1117011300,U045,69
1117011300,U046,50
1117011300,V001,55
1117011300,U047,40
1117011300,V002,35
1117011400,B001,53
1117011400,C003,70
1117011400,C001,57
1117011400,C002,59
1117011400,C004,67
1117011400,C007,51
1117011400,C005,73
1117011400,C008,76
1117011400,C006,76
1117011400,E001,63
1117011400,C009,65
1117011400,M001,67
1117011400,P002,44
1117011400,P001,66
1117011400,U001,59
1117011400,U002,53
1117011400,U003,44
1117011400,U005,44
1117011400,U004,72
1117011400,U006,66
1117011400,U007,56
1117011400,U009,83
1117011400,U008,70
1117011400,U010,63
1117011400,U012,54
1117011400,U011,75
1117011400,U013,61
1117011400,U015,81
1117011400,U014,63
1117011400,U016,69
1117011400,U017,44
1117011400,U018,69
1117011400,U020,57
1117011400,U019,77
1117011400,U021,69
1117011400,U022,54
1117011400,U023,71
1117011400,U024,77
1117011400,U026,74
1117011400,U025,69
1117011400,U027,78
1117011400,U029,68
1117011400,U028,63
1117011400,U030,63
1117011400,U032,50
1117011400,U033,68
1117011400,U034,81
1117011400,U036,71
1117011400,U035,63
1117011400,U031,35
1117011400,U037,49
1117011400,U038,66
1117011400,U039,50
1117011400,U040,65
1117011400,U041,74
1117011400,U042,63
1117011400,U043,74
1117011400,U044,57
1117011400,U045,73
1117011400,U047,43
1117011400,U046,58
1117011400,V001,57
1117011400,V002,41
1117011500,B001,59
1117011500,C003,60
1117011500,C002,69
1117011500,C004,74
1117011500,C005,75
1117011500,C001,55
1117011500,C007,58
1117011500,C006,77
1117011500,C008,83
1117011500,E001,68
1117011500,C009,66
1117011500,P001,66
1117011500,M001,74
1117011500,P002,51
1117011500,U002,59
1117011500,U001,64
1117011500,U003,45
1117011500,U004,75
1117011500,U005,45
1117011500,U009,73
1117011500,U006,72
1117011500,U007,63
1117011500,U008,77
1117011500,U010,64
1117011500,U012,64
1117011500,U011,81
1117011500,U013,67
1117011500,U014,67
1117011500,U015,88
1117011500,U016,73
1117011500,U017,43
1117011500,U018,77
1117011500,U020,59
1117011500,U019,83
1117011500,U021,75
1117011500,U022,52
1117011500,U024,84
1117011500,U023,76
1117011500,U025,67
1117011500,U026,76
1117011500,U027,67
1117011500,U030,69
1117011500,U028,69
1117011500,U029,74
1117011500,U032,54
1117011500,U033,60
1117011500,U035,52
1117011500,U034,83
1117011500,U036,76
1117011500,U037,53
1117011500,U038,69
1117011500,U031,41
1117011500,U039,48
1117011500,U040,71
1117011500,U043,79
1117011500,U041,81
1117011500,U042,71
1117011500,U044,64
1117011500,U045,79
1117011500,U047,45
1117011500,U046,62
1117011500,V001,66
1117011500,V002,47
1117011600,B001,57
1117011600,C003,72
1117011600,C001,62
1117011600,C002,67
1117011600,C005,67
1117011600,C004,83
1117011600,C006,79
1117011600,C007,56
1117011600,C009,68
1117011600,E001,64
1117011600,C008,89
1117011600,M001,78
1117011600,P002,53
1117011600,P001,68
1117011600,U001,69
1117011600,U002,54
1117011600,U003,43
1117011600,U005,48
1117011600,U004,78
1117011600,U007,67
1117011600,U006,73
1117011600,U009,85
1117011600,U010,67
1117011600,U011,85
1117011600,U008,86
1117011600,U012,62
1117011600,U014,64
1117011600,U013,72
1117011600,U017,40
1117011600,U016,72
1117011600,U015,92
1117011600,U018,79
1117011600,U020,60
1117011600,U021,77
1117011600,U019,88
1117011600,U022,54
1117011600,U024,88
1117011600,U023,79
1117011600,U025,75
1117011600,U026,76
1117011600,U027,86
1117011600,U031,38
1117011600,U028,70
1117011600,U030,71
1117011600,U029,75
1117011600,U032,57
1117011600,U033,57
1117011600,U035,50
1117011600,U034,86
1117011600,U036,79
1117011600,U037,56
1117011600,U038,72
1117011600,U039,46
1117011600,U040,75
1117011600,U042,76
1117011600,U041,85
1117011600,U043,82
1117011600,U044,66
1117011600,U045,84
1117011600,U046,65
1117011600,U047,47
1117011600,V002,45
1117011600,V001,75
1117011700,B001,62
1117011700,C001,52
1117011700,C002,66
1117011700,C003,63
1117011700,C005,72
1117011700,C004,67
1117011700,C006,72
1117011700,C007,52
1117011700,C008,79
1117011700,C009,61
1117011700,E001,54
1117011700,P001,60
1117011700,M001,69
1117011700,P002,45
1117011700,U001,60
1117011700,U002,44
1117011700,U003,46
1117011700,U004,71
1117011700,U005,43
1117011700,U006,65
1117011700,U007,57
1117011700,U009,79
1117011700,U008,76
1117011700,U010,58
1117011700,U012,58
1117011700,U011,76
1117011700,U013,62
1117011700,U014,64
1117011700,U016,63
1117011700,U015,83
1117011700,U017,40
1117011700,U018,71
1117011700,U021,63
1117011700,U019,78
1117011700,U020,59
1117011700,U022,66
1117011700,U024,79
1117011700,U023,70
1117011700,U025,64
1117011700,U027,72
1117011700,U026,68
1117011700,U028,64
1117011700,U029,69
1117011700,U030,67
1117011700,U032,58
1117011700,U033,63
1117011700,U035,58
1117011700,U034,80
1117011700,U036,73
1117011700,U031,29
1117011700,U037,49
1117011700,U038,65
1117011700,U039,45
1117011700,U040,66
1117011700,U041,76
1117011700,U042,65
1117011700,U043,65
1117011700,U044,59
1117011700,U045,74
1117011700,U047,45
1117011700,U046,58
1117011700,V001,59
1117011700,V002,41
1117011800,B001,57
1117011800,C003,65
1117011800,C001,59
1117011800,C002,67
1117011800,C004,67
1117011800,C005,67
1117011800,C007,54
1117011800,C006,72
1117011800,C008,81
1117011800,C009,62
1117011800,E001,56
1117011800,P002,46
1117011800,M001,70
1117011800,P001,64
1117011800,U001,62
1117011800,U002,47
1117011800,U003,48
1117011800,U004,74
1117011800,U005,44
1117011800,U007,58
1117011800,U006,66
1117011800,U009,77
1117011800,U010,63
1117011800,U008,78
1117011800,U011,77
1117011800,U012,60
1117011800,U013,63
1117011800,U014,64
1117011800,U015,83
1117011800,U016,65
1117011800,U017,40
1117011800,U018,74
1117011800,U021,72
1117011800,U020,59
1117011800,U019,79
1117011800,U022,57
1117011800,U024,80
1117011800,U025,71
1117011800,U023,71
1117011800,U026,76
1117011800,U027,79
1117011800,U030,67
1117011800,U028,66
1117011800,U029,71
1117011800,U032,48
1117011800,U033,57
1117011800,U035,50
1117011800,U036,75
1117011800,U034,81
1117011800,U031,32
1117011800,U037,47
1117011800,U039,46
1117011800,U038,63
1117011800,U040,66
1117011800,U041,76
1117011800,U042,68
1117011800,U044,77
1117011800,U045,75
1117011800,U047,47
1117011800,U046,58
1117011800,V002,43
1117011800,V001,60
1117011800,U043,78
1117011900,B001,49
1117011900,C001,60
1117011900,C003,56
1117011900,C002,56
1117011900,C005,65
1117011900,C004,65
1117011900,C007,54
1117011900,C008,73
1117011900,C009,61
1117011900,E001,61
1117011900,M001,64
1117011900,P001,65
1117011900,P002,40
1117011900,U002,52
1117011900,U004,69
1117011900,C006,73
1117011900,U005,41
1117011900,U006,63
1117011900,U001,56
1117011900,U003,41
1117011900,U007,53
1117011900,U008,67
1117011900,U010,64
1117011900,U012,51
1117011900,U011,71
1117011900,U013,58
1117011900,U014,56
1117011900,U016,67
1117011900,U017,39
1117011900,U009,83
1117011900,U015,78
1117011900,U020,54
1117011900,U018,66
1117011900,U019,73
1117011900,U021,77
1117011900,U022,51
1117011900,U024,74
1117011900,U025,73
1117011900,U023,68
1117011900,U026,70
1117011900,U027,66
1117011900,U031,22
1117011900,U028,59
1117011900,U030,60
1117011900,U029,65
1117011900,U033,61
1117011900,U035,48
1117011900,U036,68
1117011900,U032,56
1117011900,U034,78
1117011900,U037,55
1117011900,U038,53
1117011900,U039,51
1117011900,U040,62
1117011900,U041,71
1117011900,U042,60
1117011900,U043,71
1117011900,U044,54
1117011900,U045,69
1117011900,U046,55
1117011900,U047,40
1117011900,V001,54
1117011900,V002,43
1117012000,B001,52
1117012000,C001,59
1117012000,C002,61
1117012000,C003,68
1117012000,C004,67
1117012000,C005,68
1117012000,C006,75
1117012000,C007,50
1117012000,C009,64
1117012000,C008,75
1117012000,E001,61
1117012000,P001,66
1117012000,M001,66
1117012000,P002,43
1117012000,U001,58
1117012000,U002,52
1117012000,U003,43
1117012000,U005,44
1117012000,U004,71
1117012000,U006,65
1117012000,U007,55
1117012000,U009,81
1117012000,U010,65
1117012000,U008,69
1117012000,U011,74
1117012000,U012,54
1117012000,U014,59
1117012000,U013,60
1117012000,U015,80
1117012000,U016,68
1117012000,U017,41
1117012000,U018,68
1117012000,U019,76
1117012000,U021,79
1117012000,U020,56
1117012000,U022,53
1117012000,U024,76
1117012000,U025,72
1117012000,U026,76
1117012000,U023,71
1117012000,U027,68
1117012000,U031,32
1117012000,U030,63
1117012000,U028,62
1117012000,U029,67
1117012000,U032,58
1117012000,U033,64
1117012000,U035,51
1117012000,U036,70
1117012000,U034,80
1117012000,U037,57
1117012000,U038,56
1117012000,U039,47
1117012000,U040,64
1117012000,U041,73
1117012000,U042,63
1117012000,U043,73
1117012000,U044,56
1117012000,U045,72
1117012000,U047,42
1117012000,U046,57
1117012000,V001,56
1117012100,B001,47
1117012000,V002,40
1117012100,C002,54
1117012100,C001,61
1117012100,C003,63
1117012100,C005,67
1117012100,C004,61
1117012100,C007,45
1117012100,C006,70
1117012100,C008,70
1117012100,C009,56
1117012100,E001,57
1117012100,P001,63
1117012100,M001,61
1117012100,P002,38
1117012100,U001,53
1117012100,U002,47
1117012100,U003,38
1117012100,U005,38
1117012100,U004,66
1117012100,U007,50
1117012100,U009,75
1117012100,U006,60
1117012100,U010,61
1117012100,U008,64
1117012100,U012,48
1117012100,U011,69
1117012100,U014,57
1117012100,U013,55
1117012100,U015,75
1117012100,U016,67
1117012100,U017,40
1117012100,U020,51
1117012100,U018,63
1117012100,U019,71
1117012100,U021,74
1117012100,U022,48
1117012100,U024,71
1117012100,U023,65
1117012100,U025,67
1117012100,U026,66
1117012100,U027,63
1117012100,U031,26
1117012100,U030,57
1117012100,U028,57
1117012100,U029,62
1117012100,U032,53
1117012100,U033,62
1117012100,U035,46
1117012100,U036,65
1117012100,U034,75
1117012100,U037,52
1117012100,U038,51
1117012100,U039,47
1117012100,U040,59
1117012100,U041,68
1117012100,U042,57
1117012100,U043,68
1117012100,U044,51
1117012100,U045,67
1117012100,U046,52
1117012100,U047,37
1117012100,V001,51
1117012100,V002,35
1117012200,B001,47
1117012200,C003,59
1117012200,C001,61
1117012200,C002,62
1117012200,C004,63
1117012200,C005,69
1117012200,C006,71
1117012200,C007,46
1117012200,C008,71
1117012200,C009,58
1117012200,E001,48
1117012200,M001,63
1117012200,P001,68
1117012200,P002,36
1117012200,U001,54
1117012200,U002,38
1117012200,U003,43
1117012200,U005,48
1117012200,U004,67
1117012200,U007,51
1117012200,U006,61
1117012200,U009,72
1117012200,U008,65
1117012200,U010,66
1117012200,U012,49
1117012200,U011,70
1117012200,U013,56
1117012200,U016,59
1117012200,U015,76
1117012200,U014,59
1117012200,U017,42
1117012200,U018,66
1117012200,U021,68
1117012200,U020,56
1117012200,U019,72
1117012200,U022,49
1117012200,U024,73
1117012200,U023,67
1117012200,U025,69
1117012200,U026,67
1117012200,U027,69
1117012200,U031,28
1117012200,U028,58
1117012200,U029,63
1117012200,U032,48
1117012200,U030,66
1117012200,U033,59
1117012200,U034,76
1117012200,U035,54
1117012200,U036,66
1117012200,U037,48
1117012200,U038,64
1117012200,U039,54
1117012200,U040,60
1117012200,U041,69
1117012200,U042,62
1117012200,U043,69
1117012200,U044,52
1117012200,U045,68
1117012200,U046,53
1117012200,V001,52
1117012200,U047,42
1117012200,V002,36
1117012300,B001,64
1117012300,C003,64
1117012300,C001,62
1117012300,C002,63
1117012300,C004,65
1117012300,C005,75
1117012300,C007,51
1117012300,C006,71
1117012300,C008,82
1117012300,C009,60
1117012300,E001,56
1117012300,P001,70
1117012300,P002,46
1117012300,M001,70
1117012300,U001,54
1117012300,U002,47
1117012300,U003,48
1117012300,U004,70
1117012300,U005,48
1117012300,U006,64
1117012300,U007,59
1117012300,U009,77
1117012300,U008,79
1117012300,U010,68
1117012300,U011,78
1117012300,U012,50
1117012300,U013,64
1117012300,U014,65
1117012300,U016,64
1117012300,U015,84
1117012300,U017,48
1117012300,U018,67
1117012300,U021,63
1117012300,U019,80
1117012300,U022,50
1117012300,U020,60
1117012300,U024,80
1117012300,U023,69
1117012300,U025,69
1117012300,U027,74
1117012300,U026,69
1117012300,U031,30
1117012300,U029,64
1117012300,U028,58
1117012300,U030,64
1117012300,U032,49
1117012300,U033,64
1117012300,U035,59
1117012300,U036,74
1117012300,U037,48
1117012300,U034,79
1117012300,U038,65
1117012300,U040,68
1117012300,U039,59
1117012300,U042,69
1117012300,U041,77
1117012300,U043,68
1117012300,U044,54
1117012300,U045,76
1117012300,U046,57
1117012300,U047,46
1117012300,V001,56
1117012300,V002,41
1117012400,B001,39
1117012400,C001,55
1117012400,C002,48
1117012400,C003,51
1117012400,C005,47
1117012400,C004,52
1117012400,C007,37
1117012400,C006,61
1117012400,C008,61
1117012400,E001,44
1117012400,C009,49
1117012400,P001,57
1117012400,M001,52
1117012400,P002,27
1117012400,U002,35
1117012400,U001,45
1117012400,U005,33
1117012400,U003,36
1117012400,U004,56
1117012400,U007,40
1117012400,U006,50
1117012400,U009,58
1117012400,U008,55
1117012400,U010,56
1117012400,U012,41
1117012400,U011,59
1117012400,U013,45
1117012400,U014,48
1117012400,U016,53
1117012400,U015,66
1117012400,U017,33
1117012400,U018,58
1117012400,U019,61
1117012400,U021,63
1117012400,U020,46
1117012400,U022,41
1117012400,U023,56
1117012400,U024,62
1117012400,U025,68
1117012400,U027,55
1117012400,U026,69
1117012400,U031,27
1117012400,U028,47
1117012400,U029,55
1117012400,U030,48
1117012400,U032,43
1117012400,U035,47
1117012400,U033,52
1117012400,U034,65
1117012400,U037,42
1117012400,U036,56
1117012400,U038,43
1117012400,U039,47
1117012400,U040,49
1117012400,U042,48
1117012400,U043,59
1117012400,U044,42
1117012400,U041,59
1117012400,U045,57
1117012400,U046,43
1117012400,U047,32
1117012400,V001,41
1117012400,V002,27
1117012500,B001,42
1117012500,C003,48
1117012500,C001,57
1117012500,C004,54
1117012500,C002,62
1117012500,C007,41
1117012500,C006,70
1117012500,C005,47
1117012500,C009,57
1117012500,C008,73
1117012500,E001,49
1117012500,P002,35
1117012500,M001,63
1117012500,P001,68
1117012500,U001,49
1117012500,U002,43
1117012500,U003,36
1117012500,U004,65
1117012500,U005,41
1117012500,U006,53
1117012500,U007,51
1117012500,U009,61
1117012500,U008,73
1117012500,U010,78
1117012500,U012,44
1117012500,U011,67
1117012500,U013,56
1117012500,U014,58
1117012500,U016,52
1117012500,U017,44
1117012500,U015,76
1117012500,U018,61
1117012500,U019,72
1117012500,U020,56
1117012500,U021,60
1117012500,U022,44
1117012500,U023,58
1117012500,U024,73
1117012500,U025,63
1117012500,U026,62
1117012500,U027,58
1117012500,U031,33
1117012500,U028,53
1117012500,U029,58
1117012500,U030,58
1117012500,U032,40
1117012500,U033,52
1117012500,U034,73
1117012500,U035,47
1117012500,U036,66
1117012500,U037,39
1117012500,U038,56
1117012500,U039,47
1117012500,U040,60
1117012500,U042,62
1117012500,U041,68
1117012500,U043,62
1117012500,U044,48
1117012500,U045,65
1117012500,U046,50
1117012500,U047,42
1117012500,V001,50
1117012500,V002,31
1117012600,B001,46
1117012600,C002,58
1117012600,C001,65
1117012600,C003,54
1117012600,C005,53
1117012600,C004,62
1117012600,C007,47
1117012600,C006,70
1117012600,C008,70
1117012600,E001,47
1117012600,C009,59
1117012600,M001,61
1117012600,P002,30
1117012600,P001,67
1117012600,U002,37
1117012600,U001,52
1117012600,U003,42
1117012600,U004,66
1117012600,U005,47
1117012600,U006,59
1117012600,U007,50
1117012600,U009,65
1117012600,U008,64
1117012600,U010,65
1117012600,U012,47
1117012600,U011,69
1117012600,U013,55
1117012600,U014,65
1117012600,U016,58
1117012600,U015,75
1117012600,U017,47
1117012600,U018,65
1117012600,U019,71
1117012600,U021,70
1117012600,U020,55
1117012600,U022,47
1117012600,U023,65
1117012600,U024,71
1117012600,U025,77
1117012600,U027,62
1117012600,U026,69
1117012600,U028,56
1117012600,U031,37
1117012600,U029,61
1117012600,U030,65
1117012600,U032,51
1117012600,U033,58
1117012600,U034,75
1117012600,U035,53
1117012600,U036,65
1117012600,U037,50
1117012600,U038,50
1117012600,U039,53
1117012600,U040,59
1117012600,U041,68
1117012600,U042,58
1117012600,U043,68
1117012600,U044,51
1117012600,U045,67
1117012600,U046,52
1117012600,U047,41
1117012600,V001,51
1117012600,V002,34
1117012700,B001,50
1117012700,C003,61
1117012700,C002,66
1117012700,C001,66
1117012700,C004,63
1117012700,C005,60
1117012700,C006,78
1117012700,C007,49
1117012700,C008,81
1117012700,E001,57
1117012700,C009,65
1117012700,P001,78
1117012700,M001,69
1117012700,U002,53
1117012700,U001,57
1117012700,U003,49
1117012700,P002,44
1117012700,U004,73
1117012700,U005,53
1117012700,U006,61
1117012700,U007,58
1117012700,U009,70
1117012700,U010,78
1117012700,U008,77
1117012700,U011,75
1117012700,U012,52
1117012700,U016,65
1117012700,U013,63
1117012700,U014,70
1117012700,U015,83
1117012700,U017,51
1117012700,U021,70
1117012700,U020,63
1117012700,U018,70
1117012700,U019,79
1117012700,U022,52
1117012700,U023,66
1117012700,U024,79
1117012700,U026,71
1117012700,U025,72
1117012700,U027,67
1117012700,U028,61
1117012700,U029,66
1117012700,U031,43
1117012700,U032,51
1117012700,U030,66
1117012700,U033,65
1117012700,U034,81
1117012700,U037,50
1117012700,U036,74
1117012700,U035,60
1117012700,U038,51
1117012700,U039,60
1117012700,U042,66
1117012700,U041,76
1117012700,U040,67
1117012700,U043,70
1117012700,U044,56
1117012700,U046,58
1117012700,U045,73
1117012700,U047,49
1117012700,V001,58
1117012700,V002,39
1117012800,B001,71
1117012800,C001,66
1117012800,C002,67
1117012800,C003,72
1117012800,C004,73
1117012800,C005,78
1117012800,C007,58
1117012800,C006,78
1117012800,C008,87
1117012800,C009,67
1117012800,E001,63
1117012800,P001,70
1117012800,M001,74
1117012800,P002,53
1117012800,U001,61
1117012800,U002,53
1117012800,U003,49
1117012800,U005,54
1117012800,U004,77
1117012800,U007,63
1117012800,U006,71
1117012800,U009,78
1117012800,U010,68
1117012800,U008,84
1117012800,U012,61
1117012800,U011,80
1117012800,U013,68
1117012800,U014,76
1117012800,U015,88
1117012800,U016,72
1117012800,U017,52
1117012800,U018,74
1117012800,U019,84
1117012800,U021,74
1117012800,U020,64
1117012800,U022,56
1117012800,U023,76
1117012800,U024,84
1117012800,U026,73
1117012800,U025,79
1117012800,U027,81
1117012800,U028,65
1117012800,U030,71
1117012800,U029,70
1117012800,U032,54
1117012800,U033,66
1117012800,U034,86
1117012800,U036,78
1117012800,U035,61
1117012800,U037,54
1117012800,U031,37
1117012800,U038,71
1117012800,U039,61
1117012800,U040,71
1117012800,U042,74
1117012800,U041,80
1117012800,U043,78
1117012800,U044,61
1117012800,U045,78
1117012800,U047,50
1117012800,U046,63
1117012800,V001,63
1117012800,V002,47
1117012900,B001,60
1117012900,C002,69
1117012900,C001,63
1117012900,C003,67
1117012900,C005,66
1117012900,C004,63
1117012900,C007,58
1117012900,C006,68
1117012900,C009,58
1117012900,C008,74
1117012900,E001,66
1117012900,P002,46
1117012900,M001,72
1117012900,P001,72
1117012900,U002,53
1117012900,U001,66
1117012900,U003,55
1117012900,U004,68
1117012900,U006,62
1117012900,U005,60
1117012900,U007,67
1117012900,U009,79
1117012900,U012,61
1117012900,U010,84
1117012900,U008,71
1117012900,U011,85
1117012900,U013,72
1117012900,U016,72
1117012900,U014,66
1117012900,U015,86
1117012900,U017,60
1117012900,U018,79
1117012900,U021,67
1117012900,U020,68
1117012900,U019,78
1117012900,U022,61
1117012900,U023,67
1117012900,U024,83
1117012900,U027,76
1117012900,U025,69
1117012900,U026,69
1117012900,U028,70
1117012900,U032,47
1117012900,U030,70
1117012900,U029,75
1117012900,U031,50
1117012900,U033,71
1117012900,U034,77
1117012900,U035,67
1117012900,U036,72
1117012900,U038,49
1117012900,U039,67
1117012900,U040,68
1117012900,U041,78
1117012900,U042,61
1117012900,U043,74
1117012900,U037,40
1117012900,U045,83
1117012900,U044,66
1117012900,U046,54
1117012900,U047,58
1117012900,V001,62
1117012900,V002,48
1117013000,B001,48
1117013000,C003,57
1117013000,C001,68
1117013000,C002,66
1117013000,C004,73
1117013000,C005,68
1117013000,C007,40
1117013000,C006,71
1117013000,C009,64
1117013000,C008,74
1117013000,E001,47
1117013000,P002,33
1117013000,M001,65
1117013000,P001,75
1117013000,U002,37
1117013000,U001,60
1117013000,U004,66
1117013000,U005,51
1117013000,U003,49
1117013000,U006,63
1117013000,U007,54
1117013000,U009,76
1117013000,U012,48
1117013000,U011,73
1117013000,U008,68
1117013000,U010,74
1117013000,U013,59
1117013000,U016,66
1117013000,U015,79
1117013000,U017,51
1117013000,U014,73
1117013000,U018,79
1117013000,U021,72
1117013000,U019,75
1117013000,U020,64
1117013000,U022,55
1117013000,U023,75
1117013000,U024,76
1117013000,U027,61
1117013000,U025,74
1117013000,U026,72
1117013000,U028,69
1117013000,U030,59
1117013000,U029,65
1117013000,U031,41
1117013000,U032,54
1117013000,U033,63
1117013000,U035,60
1117013000,U034,80
1117013000,U036,69
1117013000,U037,54
1117013000,U038,65
1117013000,U040,63
1117013000,U039,56
1117013000,U041,72
1117013000,U042,62
1117013000,U043,66
1117013000,U045,71
1117013000,U044,62
1117013000,U046,57
1117013000,V001,51
1117013000,U047,50
1117013000,V002,29
1117013100,B001,39
1117013100,C003,54
1117013100,C001,81
1117013100,C002,72
1117013100,C004,63
1117013100,C005,59
1117013100,C006,65
1117013100,C007,38
1117013100,C008,77
1117013100,C009,57
1117013100,E001,46
1117013100,P001,79
1117013100,M001,59
1117013100,P002,32
1117013100,U002,50
1117013100,U001,51
1117013100,U003,46
1117013100,U004,59
1117013100,U005,50
1117013100,U007,59
1117013100,U006,72
1117013100,U009,69
1117013100,U008,61
1117013100,U012,43
1117013100,U010,78
1117013100,U011,66
1117013100,U013,52
1117013100,U014,70
1117013100,U015,72
1117013100,U016,57
1117013100,U017,61
1117013100,U018,72
1117013100,U019,68
1117013100,U020,68
1117013100,U021,78
1117013100,U022,46
1117013100,U023,66
1117013100,U024,69
1117013100,U025,93
1117013100,U027,55
1117013100,U026,83
1117013100,U028,60
1117013100,U029,70
1117013100,U031,50
1117013100,U033,62
1117013100,U034,73
1117013100,U035,57
1117013100,U036,64
1117013100,U037,65
1117013100,U038,54
1117013100,U039,58
1117013100,U040,65
1117013100,U041,64
1117013100,U043,67
1117013100,U045,64
1117013100,U030,53
1117013100,U032,56
1117013100,V001,45
1117013100,U046,50
1117013100,U042,68
1117013100,U047,54
1117013100,U044,51
1117013100,V002,38
1117013200,B001,54
1117013200,C001,79
1117013200,C002,76
1117013200,C003,62
1117013200,C004,59
1117013200,C007,45
1117013200,C006,69
1117013200,C008,70
1117013200,C009,59
1117013200,E001,45
1117013200,P002,28
1117013200,C005,74
1117013200,M001,66
1117013200,P001,79
1117013200,U002,36
1117013200,U001,66
1117013200,U003,54
1117013200,U004,80
1117013200,U005,62
1117013200,U006,57
1117013200,U007,55
1117013200,U009,84
1117013200,U008,67
1117013200,U012,54
1117013200,U011,73
1117013200,U010,77
1117013200,U013,60
1117013200,U014,74
1117013200,U016,74
1117013200,U015,80
1117013200,U017,57
1117013200,U018,84
1117013200,U021,72
1117013200,U019,75
1117013200,U022,60
1117013200,U020,67
1117013200,U023,62
1117013200,U024,76
1117013200,U027,67
1117013200,U025,77
1117013200,U026,76
1117013200,U028,74
1117013200,U029,71
1117013200,U030,57
1117013200,U031,48
1117013200,U032,57
1117013200,U033,68
1117013200,U034,78
1117013200,U036,73
1117013200,U035,67
1117013200,U037,56
1117013200,U038,60
1117013200,U039,62
1117013200,U040,62
1117013200,U041,71
1117013200,U042,56
1117013200,U043,64
1117013200,U044,67
1117013200,U045,71
1117013200,V001,50
1117013200,U046,61
1117013200,U047,53
1117013200,V002,35
1117013300,C003,59
1117013300,B001,47
1117013300,C002,61
1117013300,C001,62
1117013300,C004,52
1117013300,C005,62
1117013300,C006,58
1117013300,C007,49
1117013300,C008,63
1117013300,C009,46
1117013300,E001,48
1117013300,M001,62
1117013300,P002,27
1117013300,P001,75
1117013300,U002,37
1117013300,U001,57
1117013300,U004,57
1117013300,U003,51
1117013300,U005,51
1117013300,U006,51
1117013300,U007,55
1117013300,U009,70
1117013300,U008,60
1117013300,U010,74
1117013300,U011,73
1117013300,U012,47
1117013300,U013,59
1117013300,U015,80
1117013300,U016,63
1117013300,U014,58
1117013300,U017,50
1117013300,U018,70
1117013300,U019,68
1117013300,U021,61
1117013300,U022,52
1117013300,U020,59
1117013300,U023,56
1117013300,U024,76
1117013300,U027,62
1117013300,U025,68
1117013300,U026,67
1117013300,U028,61
1117013300,U030,63
1117013300,U031,49
1117013300,U029,66
1117013300,U032,53
1117013300,U033,68
1117013300,U036,61
1117013300,U034,66
1117013300,U035,63
1117013300,U037,52
1117013300,U038,47
1117013300,U042,50
1117013300,U039,63
1117013300,U041,68
1117013300,U040,57
1117013300,U043,64
1117013300,U046,43
1117013300,U044,57
1117013300,U047,51
1117013300,U045,71
1117013300,V001,52
1117013400,B001,54
1117013300,V002,39
1117013400,C003,74
1117013400,C002,71
1117013400,C001,86
1117013400,C005,70
1117013400,C004,65
1117013400,C006,72
1117013400,C007,63
1117013400,C008,76
1117013400,P002,29
1117013400,E001,51
1117013400,C009,65
1117013400,M001,68
1117013400,P001,80
1117013400,U001,66
1117013400,U002,43
1117013400,U004,67
1117013400,U003,58
1117013400,U005,56
1117013400,U007,56
1117013400,U006,63
1117013400,U009,87
1117013400,U008,73
1117013400,U010,79
1117013400,U012,69
1117013400,U011,75
1117013400,U013,61
1117013400,U014,71
1117013400,U015,81
1117013400,U016,74
1117013400,U017,64
1117013400,U018,69
1117013400,U019,77
1117013400,U020,69
1117013400,U021,79
1117013400,U022,61
1117013400,U023,69
1117013400,U024,78
1117013400,U026,79
1117013400,U025,80
1117013400,U027,80
1117013400,U028,63
1117013400,U030,60
1117013400,U029,78
1117013400,U031,55
1117013400,U032,64
1117013400,U033,74
1117013400,U035,69
1117013400,U036,71
1117013400,U034,78
1117013400,U037,63
1117013400,U038,67
1117013400,U039,69
1117013400,U040,64
1117013400,U041,71
1117013400,U042,63
1117013400,U043,73
1117013400,U044,57
1117013400,U046,67
1117013400,U045,73
1117013400,V001,53
1117013400,U047,55
1117013400,V002,52
1117013500,B001,54
1117013500,C003,69
1117013500,C002,70
1117013500,C001,69
1117013500,C004,61
1117013500,C005,74
1117013500,C007,49
1117013500,C006,67
1117013500,C008,72
1117013500,C009,65
1117013500,E001,53
1117013500,P001,77
1117013500,M001,74
1117013500,P002,34
1117013500,U002,40
1117013500,U001,62
1117013500,U003,53
1117013500,U004,87
1117013500,U005,58
1117013500,U006,60
1117013500,U009,82
1117013500,U007,62
1117013500,U008,69
1117013500,U010,89
1117013500,U012,58
1117013500,U011,81
1117013500,U013,67
1117013500,U014,67
1117013500,U016,70
1117013500,U015,88
1117013500,U017,60
1117013500,U018,75
1117013500,U021,82
1117013500,U019,77
1117013500,U020,70
1117013500,U022,58
1117013500,U023,65
1117013500,U024,85
1117013500,U027,70
1117013500,U025,75
1117013500,U026,74
1117013500,U028,67
1117013500,U029,72
1117013500,U030,64
1117013500,U031,50
1117013500,U032,46
1117013500,U033,69
1117013500,U034,75
1117013500,U035,64
1117013500,U036,70
1117013500,U037,46
1117013500,U038,55
1117013500,U039,64
1117013500,U040,66
1117013500,U041,72
1117013500,U043,66
1117013500,U042,59
1117013500,U044,62
1117013500,V001,53
1117013500,U046,67
1117013500,U045,79
1117013500,U047,56
1117013500,V002,38
1117013600,B001,47
1117013600,C002,62
1117013600,C003,65
1117013600,C001,70
1117013600,C005,61
1117013600,C004,54
1117013600,C006,61
1117013600,C007,54
1117013600,C008,68
1117013600,E001,43
1117013600,C009,48
1117013600,P002,20
1117013600,M001,59
1117013600,P001,71
1117013600,U001,59
1117013600,U002,36
1117013600,U003,49
1117013600,U004,56
1117013600,U005,47
1117013600,U006,52
1117013600,U007,47
1117013600,U009,78
1117013600,U008,62
1117013600,U010,70
1117013600,U012,60
1117013600,U011,66
1117013600,U013,52
1117013600,U014,63
1117013600,U015,73
1117013600,U016,65
1117013600,U017,55
1117013600,U018,61
1117013600,U020,60
1117013600,U021,72
1117013600,U019,68
1117013600,U022,54
1117013600,U023,58
1117013600,U024,69
1117013600,U026,76
1117013600,U025,77
1117013600,U027,73
1117013600,U028,54
1117013600,U029,72
1117013600,U031,48
1117013600,U030,49
1117013600,U032,53
1117013600,U033,65
1117013600,U034,74
1117013600,U035,60
1117013600,U036,63
1117013600,U037,58
1117013600,U038,60
1117013600,U039,60
1117013600,U041,61
1117013600,U040,55
1117013600,U042,55
1117013600,U043,62
1117013600,U044,49
1117013600,U045,64
1117013600,V001,42
1117013600,U046,45
1117013600,U047,46
1117013600,V002,43
1120010100,B001,38
1120010100,C003,56
1120010100,C002,72
1120010100,C001,78
1120010100,C004,44
1120010100,C005,60
1120010100,C006,68
1120010100,C007,50
1120010100,C008,57
1120010100,C009,39
1120010100,M001,61
1120010100,E001,57
1120010100,P002,69
1120010100,P001,84
1120010100,U001,46
1120010100,U002,57
1120010100,U003,49
1120010100,U004,52
1120010100,U006,50
1120010100,U005,49
1120010100,U007,37
1120010100,U008,70
1120010100,U009,58
1120010100,U011,56
1120010100,U012,43
1120010100,U010,86
1120010100,U013,56
1120010100,U014,69
1120010100,U015,82
1120010100,U016,71
1120010100,U017,57
1120010100,U018,51
1120010100,U019,63
1120010100,U020,72
1120010100,U022,42
1120010100,U023,47
1120010100,U021,91
1120010100,U024,79
1120010100,U025,84
1120010100,U026,84
1120010100,U027,61
1120010100,U028,41
1120010100,U029,58
1120010100,U030,50
1120010100,U034,63
1120010100,U031,52
1120010100,U032,72
1120010100,U033,63
1120010100,U035,57
1120010100,U036,57
1120010100,U039,54
1120010100,U037,71
1120010100,U038,67
1120010100,U040,43
1120010100,U041,61
1120010100,U042,50
1120010100,U043,60
1120010100,U045,54
1120010100,U046,38
1120010100,V001,52
1120010100,U047,60
1120010100,V002,39
1120010200,B001,32
1120010200,C002,64
1120010100,U044,44
1120010200,C003,49
1120010200,C001,71
1120010200,C004,45
1120010200,C006,50
1120010200,C007,39
1120010200,C005,52
1120010200,C008,75
1120010200,C009,36
1120010200,E001,59
1120010200,M001,56
1120010200,P002,44
1120010200,P001,76
1120010200,U001,39
1120010200,U004,43
1120010200,U003,42
1120010200,U002,53
1120010200,U005,42
1120010200,U006,54
1120010200,U007,41
1120010200,U009,52
1120010200,U008,73
1120010200,U010,75
1120010200,U012,43
1120010200,U011,59
1120010200,U013,43
1120010200,U015,77
1120010200,U014,62
1120010200,U016,60
1120010200,U017,50
1120010200,U018,52
1120010200,U019,59
1120010200,U020,64
1120010200,U021,82
1120010200,U022,34
1120010200,U023,49
1120010200,U024,73
1120010200,U025,77
1120010200,U027,49
1120010200,U026,76
1120010200,U028,43
1120010200,U029,48
1120010200,U030,38
1120010200,U031,45
1120010200,U032,62
1120010200,U033,56
1120010200,U034,52
1120010200,U035,50
1120010200,U036,47
1120010200,U038,59
1120010200,U037,64
1120010200,U039,46
1120010200,U040,45
1120010200,U041,63
1120010200,U043,50
1120010200,U042,45
1120010200,U046,29
1120010200,U044,39
1120010200,U045,55
1120010200,V001,46
1120010200,V002,29
1120010200,U047,53
1120010300,B001,39
1120010300,C001,77
1120010300,C004,43
1120010300,C002,71
1120010300,C003,55
1120010300,C005,59
1120010300,C006,62
1120010300,C007,45
1120010300,C008,72
1120010300,E001,65
1120010300,M001,53
1120010300,C009,34
1120010300,P001,83
1120010300,P002,50
1120010300,U001,45
1120010300,U002,59
1120010300,U004,51
1120010300,U003,48
1120010300,U005,48
1120010300,U007,34
1120010300,U006,52
1120010300,U009,55
1120010300,U008,67
1120010300,U012,50
1120010300,U010,81
1120010300,U011,67
1120010300,U013,52
1120010300,U014,68
1120010300,U015,74
1120010300,U016,66
1120010300,U017,56
1120010300,U018,63
1120010300,U019,73
1120010300,U022,40
1120010300,U020,71
1120010300,U023,46
1120010300,U021,89
1120010300,U024,70
1120010300,U025,83
1120010300,U027,55
1120010300,U028,44
1120010300,U026,83
1120010300,U029,61
1120010300,U030,49
1120010300,U031,51
1120010300,U033,62
1120010300,U032,68
1120010300,U034,58
1120010300,U035,56
1120010300,U036,54
1120010300,U039,53
1120010300,U037,70
1120010300,U038,66
1120010300,U040,40
1120010300,U041,55
1120010300,U042,42
1120010300,U043,57
1120010300,U044,45
1120010300,U045,66
1120010300,U046,36
1120010300,V001,49
1120010300,U047,59
1120010300,V002,35
1120010400,B001,37
1120010400,C001,75
1120010400,C003,54
1120010400,C004,47
1120010400,C002,69
1120010400,C005,57
1120010400,C006,67
1120010400,C007,52
1120010400,C008,76
1120010400,E001,61
1120010400,M001,57
1120010400,C009,31
1120010400,P001,82
1120010400,P002,48
1120010400,U001,44
1120010400,U002,50
1120010400,U003,48
1120010400,U004,47
1120010400,U006,56
1120010400,U005,48
1120010400,U007,42
1120010400,U009,62
1120010400,U008,55
1120010400,U012,45
1120010400,U010,80
1120010400,U011,63
1120010400,U013,48
1120010400,U014,66
1120010400,U015,78
1120010400,U016,59
1120010400,U017,55
1120010400,U018,63
1120010400,U019,61
1120010400,U021,85
1120010400,U022,39
1120010400,U020,69
1120010400,U023,50
1120010400,U024,74
1120010400,U027,60
1120010400,U025,82
1120010400,U026,81
1120010400,U028,48
1120010400,U029,62
1120010400,U030,44
1120010400,U032,59
1120010400,U031,49
1120010400,U034,55
1120010400,U033,61
1120010400,U035,54
1120010400,U036,47
1120010400,U037,68
1120010400,U038,57
1120010400,U039,51
1120010400,U040,47
1120010400,U041,62
1120010400,U042,46
1120010400,U043,51
1120010400,U044,43
1120010400,U045,66
1120010400,U046,30
1120010400,V001,44
1120010400,U047,57
1120010400,V002,41
1120010500,B001,43
1120010500,C001,79
1120010500,C003,56
1120010500,C002,77
1120010500,C004,44
1120010500,C005,64
1120010500,C006,57
1120010500,C009,31
1120010500,C007,49
1120010500,C008,61
1120010500,E001,65
1120010500,M001,57
1120010500,P002,48
1120010500,P001,82
1120010500,U001,49
1120010500,U002,56
1120010500,U003,47
1120010500,U004,44
1120010500,U005,47
1120010500,U006,49
1120010500,U007,41
1120010500,U009,62
1120010500,U008,71
1120010500,U011,66
1120010500,U010,80
1120010500,U012,49
1120010500,U013,51
1120010500,U016,59
1120010500,U015,71
1120010500,U014,74
1120010500,U017,59
1120010500,U018,62
1120010500,U019,58
1120010500,U021,82
1120010500,U020,73
1120010500,U022,44
1120010500,U023,40
1120010500,U024,67
1120010500,U027,59
1120010500,U026,86
1120010500,U028,47
1120010500,U025,87
1120010500,U029,61
1120010500,U030,37
1120010500,U033,65
1120010500,U031,54
1120010500,U032,65
1120010500,U034,52
1120010500,U035,60
1120010500,U036,44
1120010500,U037,70
1120010500,U038,63
1120010500,U040,46
1120010500,U039,56
1120010500,U041,59
1120010500,U042,48
1120010500,U043,48
1120010500,U046,34
1120010500,U045,65
1120010500,U044,47
1120010500,V001,51
1120010500,U047,58
1120010600,B001,49
1120010500,V002,39
1120010600,C001,87
1120010600,C003,65
1120010600,C002,80
1120010600,C004,54
1120010600,C009,15
1120010600,C005,68
1120010600,C006,69
1120010600,C007,55
1120010600,C008,68
1120010600,E001,68
1120010600,M001,66
1120010600,P001,89
1120010600,P002,60
1120010600,U001,55
1120010600,U002,62
1120010600,U004,55
1120010600,U003,55
1120010600,U005,55
1120010600,U006,52
1120010600,U007,59
1120010600,U009,68
1120010600,U008,65
1120010600,U010,88
1120010600,U012,55
1120010600,U011,69
1120010600,U013,59
1120010600,U016,66
1120010600,U014,78
1120010600,U015,80
1120010600,U017,66
1120010600,U018,68
1120010600,U021,91
1120010600,U019,72
1120010600,U020,80
1120010600,U022,50
1120010600,U023,52
1120010600,U024,76
1120010600,U027,65
1120010600,U025,93
1120010600,U026,92
1120010600,U028,54
1120010600,U029,64
1120010600,U030,52
1120010600,U031,61
1120010600,U032,71
1120010600,U033,72
1120010600,U034,61
1120010600,U035,66
1120010600,U036,55
1120010600,U038,69
1120010600,U037,81
1120010600,U039,62
1120010600,U040,72
1120010600,U041,72
1120010600,U043,58
1120010600,U046,15
1120010600,U042,55
1120010600,U045,67
1120010600,U044,55
1120010600,V001,63
1120010600,V002,45
1120010600,U047,69
1120010700,B001,38
1120010700,C001,77
1120010700,C003,55
1120010700,C004,45
1120010700,C002,70
1120010700,C005,58
1120010700,C006,65
1120010700,C007,45
1120010700,C008,58
1120010700,C009,29
1120010700,E001,62
1120010700,M001,59
1120010700,P002,47
1120010700,P001,82
1120010700,U001,45
1120010700,U002,50
1120010700,U003,48
1120010700,U004,45
1120010700,U005,48
1120010700,U007,44
1120010700,U006,46
1120010700,U009,62
1120010700,U008,72
1120010700,U010,81
1120010700,U012,50
1120010700,U011,67
1120010700,U013,49
1120010700,U014,68
1120010700,U015,70
1120010700,U016,59
1120010700,U017,56
1120010700,U018,62
1120010700,U019,62
1120010700,U020,70
1120010700,U022,40
1120010700,U021,85
1120010700,U023,52
1120010700,U024,66
1120010700,U027,55
1120010700,U025,83
1120010700,U026,82
1120010700,U028,47
1120010700,U029,61
1120010700,U030,43
1120010700,U031,50
1120010700,U033,62
1120010700,U032,59
1120010700,U034,55
1120010700,U035,56
1120010700,U036,48
1120010700,U038,58
1120010700,U039,52
1120010700,U037,70
1120010700,U040,46
1120010700,U041,62
1120010700,U043,51
1120010700,U042,48
1120010700,U044,44
1120010700,U046,31
1120010700,V001,41
1120010700,U045,66
1120010700,U047,59
1120010800,B001,47
1120010700,V002,35
1120010800,C003,54
1120010800,C001,73
1120010800,C002,70
1120010800,C004,47
1120010800,C005,57
1120010800,C007,47
1120010800,C006,53
1120010800,C008,58
1120010800,C009,36
1120010800,E001,46
1120010800,M001,56
1120010800,P002,46
1120010800,P001,84
1120010800,U002,47
1120010800,U001,46
1120010800,U004,58
1120010800,U003,49
1120010800,U005,49
1120010800,U007,51
1120010800,U006,46
1120010800,U009,68
1120010800,U008,55
1120010800,U012,42
1120010800,U011,73
1120010800,U010,82
1120010800,U013,57
1120010800,U015,74
1120010800,U016,58
1120010800,U014,68
1120010800,U017,61
1120010800,U018,69
1120010800,U019,63
1120010800,U021,75
1120010800,U020,69
1120010800,U022,42
1120010800,U023,51
1120010800,U024,71
1120010800,U027,57
1120010800,U025,79
1120010800,U026,78
1120010800,U028,54
1120010800,U030,56
1120010800,U029,63
1120010800,U031,55
1120010800,U032,57
1120010800,U033,60
1120010800,U034,57
1120010800,U035,57
1120010800,U036,49
1120010800,U037,65
1120010800,U038,57
1120010800,U039,54
1120010800,U040,53
1120010800,U041,63
1120010800,U042,45
1120010800,U043,52
1120010800,U046,31
1120010800,U045,71
1120010800,U044,46
1120010800,V001,48
1120010800,U047,61
1120010800,V002,36
1120010900,B001,45
1120010900,C001,82
1120010900,C003,59
1120010900,C002,80
1120010900,C005,67
1120010900,C006,54
1120010900,C007,52
1120010900,C008,69
1120010900,E001,52
1120010900,M001,60
1120010900,P002,50
1120010900,P001,84
1120010900,U001,52
1120010900,U002,52
1120010900,U003,50
1120010900,C004,57
1120010900,U004,53
1120010900,U005,50
1120010900,U006,69
1120010900,C009,42
1120010900,U007,48
1120010900,U008,63
1120010900,U009,65
1120010900,U012,53
1120010900,U011,67
1120010900,U010,83
1120010900,U013,53
1120010900,U014,77
1120010900,U015,74
1120010900,U017,63
1120010900,U016,61
1120010900,U018,65
1120010900,U019,67
1120010900,U021,80
1120010900,U022,47
1120010900,U020,75
1120010900,U023,60
1120010900,U024,70
1120010900,U027,62
1120010900,U025,90
1120010900,U026,89
1120010900,U028,56
1120010900,U029,61
1120010900,U030,46
1120010900,U031,57
1120010900,U033,68
1120010900,U032,62
1120010900,U034,60
1120010900,U035,63
1120010900,U036,53
1120010900,U037,74
1120010900,U038,60
1120010900,U039,62
1120010900,U040,58
1120010900,U041,67
1120010900,U043,56
1120010900,U042,56
1120010900,U044,58
1120010900,U045,65
1120010900,U046,37
1120010900,V001,54
1120010900,U047,61
1120010900,V002,42
1120011000,B001,36
1120011000,C003,49
1120011000,C001,73
1120011000,C002,70
1120011000,C005,57
1120011000,C004,49
1120011000,C007,42
1120011000,C006,48
1120011000,C009,37
1120011000,E001,43
1120011000,C008,59
1120011000,M001,50
1120011000,P002,41
1120011000,P001,75
1120011000,U001,42
1120011000,U002,43
1120011000,U003,41
1120011000,U004,46
1120011000,U005,41
1120011000,U007,39
1120011000,U006,48
1120011000,U009,55
1120011000,U008,53
1120011000,U010,73
1120011000,U011,58
1120011000,U012,43
1120011000,U013,44
1120011000,U015,64
1120011000,U016,52
1120011000,U014,68
1120011000,U017,54
1120011000,U018,55
1120011000,U019,60
1120011000,U021,71
1120011000,U020,66
1120011000,U022,38
1120011000,U023,47
1120011000,U024,60
1120011000,U025,80
1120011000,U026,79
1120011000,U027,52
1120011000,U028,46
1120011000,U029,51
1120011000,U030,40
1120011000,U031,47
1120011000,U033,59
1120011000,U032,68
1120011000,U034,54
1120011000,U035,54
1120011000,U036,47
1120011000,U037,68
1120011000,U038,63
1120011000,U039,52
1120011000,U040,48
1120011000,U041,61
1120011000,U042,47
1120011000,U043,50
1120011000,U044,40
1120011000,U045,56
1120011000,U046,35
1120011000,V001,38
1120011000,U047,52
1120011000,V002,32
1120011100,B001,47
1120011100,C001,80
1120011100,C003,54
1120011100,C002,69
1120011100,C004,58
1120011100,C005,57
1120011100,C006,55
1120011100,C007,49
1120011100,C009,43
1120011100,C008,67
1120011100,E001,46
1120011100,M001,58
1120011100,P001,83
1120011100,P002,42
1120011100,U001,51
1120011100,U002,46
1120011100,U004,64
1120011100,U003,48
1120011100,U005,48
1120011100,U006,54
1120011100,U007,47
1120011100,U009,75
1120011100,U008,60
1120011100,U012,42
1120011100,U010,81
1120011100,U011,65
1120011100,U013,52
1120011100,U015,72
1120011100,U014,66
1120011100,U016,58
1120011100,U017,75
1120011100,U018,76
1120011100,U019,67
1120011100,U021,74
1120011100,U020,68
1120011100,U022,54
1120011100,U023,55
1120011100,U024,68
1120011100,U027,57
1120011100,U025,88
1120011100,U026,87
1120011100,U028,55
1120011100,U029,61
1120011100,U030,47
1120011100,U032,57
1120011100,U031,64
1120011100,U033,60
1120011100,U034,62
1120011100,U035,58
1120011100,U036,55
1120011100,U037,62
1120011100,U038,55
1120011100,U039,56
1120011100,U040,60
1120011100,U041,69
1120011100,U043,58
1120011100,U042,71
1120011100,U044,48
1120011100,U045,63
1120011100,U046,45
1120011100,V001,45
1120011100,U047,58
1120011200,B001,42
1120011100,V002,36
1120011200,C003,51
1120011200,C002,66
1120011200,C001,71
1120011200,C004,55
1120011200,C005,54
1120011200,C006,55
1120011200,C007,47
1120011200,C009,40
1120011200,E001,41
1120011200,C008,61
1120011200,M001,57
1120011200,P002,45
1120011200,P001,86
1120011200,U001,49
1120011200,U002,41
1120011200,U004,62
1120011200,U003,51
1120011200,U005,51
1120011200,U006,48
1120011200,U007,55
1120011200,U009,73
1120011200,U008,58
1120011200,U012,40
1120011200,U011,71
1120011200,U010,84
1120011200,U013,51
1120011200,U015,71
1120011200,U014,63
1120011200,U016,55
1120011200,U017,78
1120011200,U018,73
1120011200,U021,69
1120011200,U019,66
1120011200,U020,66
1120011200,U022,44
1120011200,U023,57
1120011200,U024,89
1120011200,U027,54
1120011200,U025,77
1120011200,U026,81
1120011200,U028,58
1120011200,U029,58
1120011200,U030,61
1120011200,U032,51
1120011200,U031,67
1120011200,U033,57
1120011200,U035,65
1120011200,U034,67
1120011200,U036,58
1120011200,U037,56
1120011200,U038,49
1120011200,U039,61
1120011200,U040,57
1120011200,U041,65
1120011200,U042,48
1120011200,U043,61
1120011200,U045,69
1120011200,U044,58
1120011200,U046,43
1120011200,V001,48
1120011200,U047,55
1120011300,B001,39
1120011200,V002,34
1120011300,C002,63
1120011300,C003,48
1120011300,C001,67
1120011300,C005,51
1120011300,C004,46
1120011300,C006,51
1120011300,C007,43
1120011300,C008,57
1120011300,C009,41
1120011300,E001,38
1120011300,M001,54
1120011300,P002,41
1120011300,P001,79
1120011300,U001,46
1120011300,U002,38
1120011300,U003,44
1120011300,U004,59
1120011300,U005,44
1120011300,U007,43
1120011300,U006,44
1120011300,U009,64
1120011300,U008,54
1120011300,U010,74
1120011300,U012,36
1120011300,U011,61
1120011300,U013,47
1120011300,U016,52
1120011300,U014,60
1120011300,U017,56
1120011300,U015,68
1120011300,U018,59
1120011300,U019,63
1120011300,U020,63
1120011300,U022,41
1120011300,U021,66
1120011300,U023,50
1120011300,U024,64
1120011300,U027,51
1120011300,U025,73
1120011300,U026,78
1120011300,U028,50
1120011300,U030,52
1120011300,U029,55
1120011300,U031,46
1120011300,U032,48
1120011300,U034,60
1120011300,U033,54
1120011300,U035,53
1120011300,U036,55
1120011300,U037,53
1120011300,U038,46
1120011300,U040,51
1120011300,U039,50
1120011300,U041,61
1120011300,U042,44
1120011300,U043,59
1120011300,U045,62
1120011300,U044,44
1120011300,U046,37
1120011300,V001,38
1120011300,U047,52
1120011400,B001,43
1120011300,V002,31
1120011400,C003,58
1120011400,C001,81
1120011400,C004,48
1120011400,C002,76
1120011400,C005,61
1120011400,C006,53
1120011400,C007,49
1120011400,C009,43
1120011400,E001,46
1120011400,C008,58
1120011400,M001,57
1120011400,P002,52
1120011400,U002,42
1120011400,P001,74
1120011400,U001,49
1120011400,U004,50
1120011400,U003,54
1120011400,U007,53
1120011400,U006,46
1120011400,U005,54
1120011400,U009,71
1120011400,U012,59
1120011400,U011,83
1120011400,U008,55
1120011400,U010,77
1120011400,U013,54
1120011400,U016,66
1120011400,U015,78
1120011400,U014,72
1120011400,U017,61
1120011400,U018,62
1120011400,U021,70
1120011400,U019,66
1120011400,U020,75
1120011400,U022,45
1120011400,U023,55
1120011400,U024,75
1120011400,U026,81
1120011400,U027,61
1120011400,U025,79
1120011400,U028,53
1120011400,U029,70
1120011400,U030,41
1120011400,U032,51
1120011400,U033,66
1120011400,U031,59
1120011400,U034,60
1120011400,U035,60
1120011400,U036,54
1120011400,U038,50
1120011400,U037,56
1120011400,U039,57
1120011400,U041,67
1120011400,U042,46
1120011400,U043,51
1120011400,U040,55
1120011400,U044,49
1120011400,U045,75
1120011400,U046,37
1120011400,V001,36
1120011400,U047,63
1120011400,V002,39
1120011500,B001,47
1120011500,C001,86
1120011500,C003,64
1120011500,C002,79
1120011500,C004,55
1120011500,C005,67
1120011500,C006,62
1120011500,C007,54
1120011500,C008,69
1120011500,C009,40
1120011500,E001,60
1120011500,M001,65
1120011500,P002,59
1120011500,U001,54
1120011500,P001,91
1120011500,U002,54
1120011500,U003,57
1120011500,U004,38
1120011500,U005,57
1120011500,U007,53
1120011500,U006,53
1120011500,U009,67
1120011500,U008,66
1120011500,U012,54
1120011500,U010,90
1120011500,U011,69
1120011500,U013,58
1120011500,U016,75
1120011500,U015,81
1120011500,U014,77
1120011500,U018,67
1120011500,U017,65
1120011500,U021,83
1120011500,U019,64
1120011500,U020,79
1120011500,U023,62
1120011500,U022,49
1120011500,U024,78
1120011500,U025,92
1120011500,U026,91
1120011500,U027,64
1120011500,U029,63
1120011500,U028,55
1120011500,U030,41
1120011500,U031,59
1120011500,U032,63
1120011500,U034,53
1120011500,U033,71
1120011500,U035,65
1120011500,U036,54
1120011500,U038,61
1120011500,U037,66
1120011500,U039,61
1120011500,U040,65
1120011500,U041,78
1120011500,U042,55
1120011500,U043,52
1120011500,U044,53
1120011500,U045,67
1120011500,U046,37
1120011500,U047,68
1120011500,V001,44
1120011500,V002,44
1120011800,B001,58
1120011800,C001,95
1120011800,C003,71
1120011800,C002,93
1120011800,C004,68
1120011800,C005,80
1120011800,C006,52
1120011800,C009,89
1120011800,C007,65
1120011800,C008,73
1120011800,M001,73
1120011800,E001,68
1120011800,P001,97
1120011800,P002,63
1120011800,U001,65
1120011800,U004,83
1120011800,U002,63
1120011800,U003,63
1120011800,U005,63
1120011800,U007,60
1120011800,U006,64
1120011800,U009,78
1120011800,U008,71
1120011800,U012,65
1120011800,U010,96
1120011800,U011,82
1120011800,U013,66
1120011800,U016,74
1120011800,U015,78
1120011800,U014,90
1120011800,U017,75
1120011800,U018,78
1120011800,U019,66
1120011800,U020,88
1120011800,U021,99
1120011800,U022,60
1120011800,U023,56
1120011800,U024,74
1120011800,U027,74
1120011800,U025,102
1120011800,U026,102
1120011800,U029,78
1120011800,U028,67
1120011800,U031,70
1120011800,U033,81
1120011800,U032,72
1120011800,U034,59
1120011800,U035,76
1120011800,U036,52
1120011800,U039,71
1120011800,U037,77
1120011800,U040,75
1120011800,U038,70
1120011800,U041,66
1120011800,U046,82
1120011800,U043,55
1120011800,U042,60
1120011800,U044,63
1120011800,U045,80
1120011800,V001,57
1120011800,U047,74
1120011800,V002,55
1120012200,B001,48
1120012200,C001,86
1120012200,C004,54
1120012200,C003,62
1120012200,C002,83
1120012200,C005,70
1120012200,C006,49
1120012200,C009,30
1120012200,C007,56
1120012200,C008,64
1120012200,E001,63
1120012200,M001,55
1120012200,P001,88
1120012200,P002,54
1120012200,U002,58
1120012200,U001,55
1120012200,U003,54
1120012200,U004,47
1120012200,U005,54
1120012200,U006,65
1120012200,U007,44
1120012200,U009,61
1120012200,U008,55
1120012200,U012,56
1120012200,U011,62
1120012200,U010,87
1120012200,U013,50
1120012200,U014,81
1120012200,U016,65
1120012200,U015,76
1120012200,U017,66
1120012200,U018,57
1120012200,U019,61
1120012200,U021,86
1120012200,U023,39
1120012200,U020,79
1120012200,U022,54
1120012200,U024,72
1120012200,U028,50
1120012200,U027,70
1120012200,U025,91
1120012200,U026,89
1120012200,U029,61
1120012200,U030,36
1120012200,U031,61
1120012200,U032,67
1120012200,U033,72
1120012200,U034,54
1120012200,U035,67
1120012200,U036,50
1120012200,U037,72
1120012200,U038,66
1120012200,U039,62
1120012200,U040,58
1120012200,U041,61
1120012200,U042,44
1120012200,U043,50
1120012200,U046,37
1120012200,U044,51
1120012200,U045,60
1120012200,V001,52
1120012200,U047,65
1120012200,V002,45
1121510100,B001,55
1121510100,C001,92
1121510100,C003,69
1121510100,C004,52
1121510100,C002,89
1121510100,C006,32
1121510100,C005,77
1121510100,C007,62
1121510100,C009,53
1121510100,C008,57
1121510100,E001,56
1121510100,M001,54
1121510100,P002,62
1121510100,U001,62
1121510100,P001,95
1121510100,U002,51
1121510100,U003,60
1121510100,U004,38
1121510100,U006,51
1121510100,U005,61
1121510100,U007,56
1121510100,U008,59
1121510100,U009,77
1121510100,U012,65
1121510100,U011,77
1121510100,U010,93
1121510100,U013,54
1121510100,U014,86
1121510100,U015,62
1121510100,U016,72
1121510100,U017,75
1121510100,U018,82
1121510100,U019,50
1121510100,U021,87
1121510100,U020,85
1121510100,U023,53
1121510100,U022,57
1121510100,U024,58
1121510100,U025,99
1121510100,U027,74
1121510100,U026,90
1121510100,U028,60
1121510100,U029,71
1121510100,U030,30
1121510100,U034,63
1121510100,U032,60
1121510100,U033,78
1121510100,U035,74
1121510100,U031,67
1121510100,U036,38
1121510100,U038,59
1121510100,U037,65
1121510100,U039,71
1121510100,U040,62
1121510100,U041,50
1121510100,U043,43
1121510100,U042,50
1121510100,U044,64
1121510100,U045,74
1121510100,U046,47
1121510100,V001,45
1121510100,U047,71
1121510100,V002,52
1121510200,B001,56
1121510200,C001,93
1121510200,C003,70
1121510200,C002,91
1121510200,C005,78
1121510200,C004,61
1121510200,C006,50
1121510200,C007,63
1121510200,C008,58
1121510200,C009,53
1121510200,E001,60
1121510200,M001,65
1121510200,P002,61
1121510200,P001,96
1121510200,U004,37
1121510200,U002,55
1121510200,U001,63
1121510200,U003,61
1121510200,U006,79
1121510200,U005,61
1121510200,U007,61
1121510200,U009,78
1121510200,U008,59
1121510200,U010,94
1121510200,U012,63
1121510200,U011,79
1121510200,U013,64
1121510200,U014,88
1121510200,U015,60
1121510200,U016,72
1121510200,U017,73
1121510200,U018,76
1121510200,U019,49
1121510200,U021,91
1121510200,U020,86
1121510200,U023,53
1121510200,U022,58
1121510200,U024,56
1121510200,U027,83
1121510200,U026,94
1121510200,U028,64
1121510200,U025,101
1121510200,U030,15
1121510200,U029,78
1121510200,U034,49
1121510200,U032,64
1121510200,U033,79
1121510200,U031,68
1121510200,U035,74
1121510200,U036,42
1121510200,U038,62
1121510200,U037,69
1121510200,U039,69
1121510200,U040,72
1121510200,U043,44
1121510200,U041,48
1121510200,U042,62
1121510200,U044,65
1121510200,U045,77
1121510200,U046,49
1121510200,V001,49
1121510200,U047,72
1121510200,V002,53
1121510300,B001,54
1121510300,C003,70
1121510300,C001,92
1121510300,C002,86
1121510300,C004,60
1121510300,C005,74
1121510300,C006,45
1121510300,C007,60
1121510300,C008,64
1121510300,C009,54
1121510300,E001,57
1121510300,M001,61
1121510300,P002,61
1121510300,U001,60
1121510300,U002,50
1121510300,P001,95
1121510300,U004,32
1121510300,U003,61
1121510300,U005,61
1121510300,U007,58
1121510300,U009,83
1121510300,U008,74
1121510300,U006,83
1121510300,U012,61
1121510300,U011,79
1121510300,U010,94
1121510300,U013,65
1121510300,U014,83
1121510300,U015,69
1121510300,U017,71
1121510300,U016,72
1121510300,U018,73
1121510300,U019,57
1121510300,U021,81
1121510300,U020,86
1121510300,U023,57
1121510300,U024,65
1121510300,U022,56
1121510300,U026,90
1121510300,U027,70
1121510300,U025,98
1121510300,U028,63
1121510300,U029,75
1121510300,U030,30
1121510300,U034,39
1121510300,U032,60
1121510300,U031,66
1121510300,U033,77
1121510300,U036,34
1121510300,U035,71
1121510300,U037,65
1121510300,U038,58
1121510300,U039,68
1121510300,U040,76
1121510300,U041,57
1121510300,U043,42
1121510300,U042,66
1121510300,U045,77
1121510300,U046,47
1121510300,U044,60
1121510300,V001,45
1121510300,U047,74
1121510400,B001,55
1121510300,V002,50
1121510400,C001,91
1121510400,C003,68
1121510400,C002,89
1121510400,C005,76
1121510400,C004,64
1121510400,C006,44
1121510400,C007,61
1121510400,C008,64
1121510400,C009,49
1121510400,E001,60
1121510400,M001,69
1121510400,P001,94
1121510400,P002,60
1121510400,U001,61
1121510400,U002,55
1121510400,U003,59
1121510400,U004,41
1121510400,U005,59
1121510400,U007,61
1121510400,U006,60
1121510400,U009,78
1121510400,U008,66
1121510400,U012,61
1121510400,U010,92
1121510400,U011,76
1121510400,U013,63
1121510400,U016,71
1121510400,U015,63
1121510400,U014,86
1121510400,U017,71
1121510400,U018,74
1121510400,U021,84
1121510400,U020,85
1121510400,U022,56
1121510400,U023,54
1121510400,U024,66
1121510400,U019,57
1121510400,U025,99
1121510400,U026,94
1121510400,U027,71
1121510400,U028,65
1121510400,U030,36
1121510400,U029,78
1121510400,U032,64
1121510400,U031,66
1121510400,U034,48
1121510400,U036,15
1121510400,U033,77
1121510400,U035,72
1121510400,U038,62
1121510400,U037,69
1121510400,U040,63
1121510400,U041,58
1121510400,U043,38
1121510400,U042,58
1121510400,U044,59
1121510400,U045,74
1121510400,U046,48
1121510400,U047,70
1121510400,V001,49
1121510400,V002,51
1121510500,B001,53
1121510400,U039,68
1121510500,C001,89
1121510500,C003,69
1121510500,C002,85
1121510500,C004,65
1121510500,C006,49
1121510500,C005,79
1121510500,C009,57
1121510500,C007,59
1121510500,C008,70
1121510500,E001,53
1121510500,P002,60
1121510500,M001,67
1121510500,U001,59
1121510500,P001,97
1121510500,U004,28
1121510500,U002,48
1121510500,U003,62
1121510500,U005,62
1121510500,U006,63
1121510500,U007,71
1121510500,U008,71
1121510500,U009,92
1121510500,U012,60
1121510500,U011,78
1121510500,U010,91
1121510500,U013,67
1121510500,U015,75
1121510500,U014,82
1121510500,U016,80
1121510500,U017,70
1121510500,U018,79
1121510500,U019,63
1121510500,U021,78
1121510500,U020,85
1121510500,U022,55
1121510500,U024,71
1121510500,U023,66
1121510500,U025,96
1121510500,U027,71
1121510500,U026,87
1121510500,U028,63
1121510500,U030,36
1121510500,U029,68
1121510500,U032,57
1121510500,U031,65
1121510500,U034,50
1121510500,U033,76
1121510500,U035,70
1121510500,U036,49
1121510500,U037,63
1121510500,U038,56
1121510500,U039,67
1121510500,U040,77
1121510500,U041,63
1121510500,U043,59
1121510500,U042,63
1121510500,U044,64
1121510500,U045,89
1121510500,U046,51
1121510500,V001,43
1121510500,U047,73
1121510500,V002,49
1121510700,B001,46
1121510700,C003,62
1121510700,C002,78
1121510700,C001,83
1121510700,C004,54
1121510700,C006,39
1121510700,C007,52
1121510700,C005,66
1121510700,C008,59
1121510700,C009,42
1121510700,E001,47
1121510700,M001,56
1121510700,P002,53
1121510700,U001,52
1121510700,U004,15
1121510700,P001,90
1121510700,U002,42
1121510700,U003,55
1121510700,U007,52
1121510700,U005,55
1121510700,U006,52
1121510700,U008,61
1121510700,U009,65
1121510700,U012,53
1121510700,U010,88
1121510700,U011,73
1121510700,U013,56
1121510700,U015,64
1121510700,U014,75
1121510700,U016,73
1121510700,U017,63
1121510700,U018,65
1121510700,U019,52
1121510700,U021,78
1121510700,U020,78
1121510700,U022,48
1121510700,U023,56
1121510700,U024,60
1121510700,U027,62
1121510700,U025,89
1121510700,U026,81
1121510700,U030,15
1121510700,U028,56
1121510700,U029,62
1121510700,U032,51
1121510700,U031,58
1121510700,U033,69
1121510700,U034,48
1121510700,U035,63
1121510700,U036,43
1121510700,U038,49
1121510700,U037,56
1121510700,U039,60
1121510700,U041,52
1121510700,U040,64
1121510700,U042,52
1121510700,U043,53
1121510700,U044,52
1121510700,V001,36
1121510700,U046,36
1121510700,U045,69
1121510700,U047,66
1121510700,V002,42
1121510900,B001,54
1121510900,C003,67
1121510900,C001,90
1121510900,C002,88
1121510900,C004,56
1121510900,C006,46
1121510900,C005,75
1121510900,C007,60
1121510900,C008,62
1121510900,C009,46
1121510900,E001,55
1121510900,M001,59
1121510900,P002,59
1121510900,P001,93
1121510900,U001,60
1121510900,U002,49
1121510900,U003,59
1121510900,U004,30
1121510900,U005,59
1121510900,U006,76
1121510900,U007,55
1121510900,U009,73
1121510900,U008,63
1121510900,U012,60
1121510900,U010,91
1121510900,U011,76
1121510900,U013,58
1121510900,U015,67
1121510900,U014,85
1121510900,U016,70
1121510900,U017,70
1121510900,U018,73
1121510900,U019,54
1121510900,U021,85
1121510900,U022,55
1121510900,U020,84
1121510900,U023,50
1121510900,U024,63
1121510900,U026,89
1121510900,U025,97
1121510900,U027,80
1121510900,U030,15
1121510900,U028,61
1121510900,U029,72
1121510900,U034,50
1121510900,U032,59
1121510900,U031,65
1121510900,U033,76
1121510900,U035,72
1121510900,U036,43
1121510900,U038,57
1121510900,U037,64
1121510900,U039,67
1121510900,U040,69
1121510900,U041,45
1121510900,U043,46
1121510900,U042,58
1121510900,U044,62
1121510900,U045,74
1121510900,U046,39
1121510900,V001,44
1121510900,U047,70
1121510900,V002,50
1123010100,B001,28
1123010100,C001,71
1123010100,C003,63
1123010100,C002,78
1123010100,C004,38
1123010100,C005,54
1123010100,C006,62
1123010100,C007,45
1123010100,C009,36
1123010100,C008,48
1123010100,M001,50
1123010100,E001,59
1123010100,P001,80
1123010100,P002,44
1123010100,U001,43
1123010100,U002,59
1123010100,U004,52
1123010100,U003,51
1123010100,U005,51
1123010100,U006,36
1123010100,U009,53
1123010100,U008,45
1123010100,U011,48
1123010100,U010,79
1123010100,U012,48
1123010100,U013,47
1123010100,U015,60
1123010100,U014,83
1123010100,U007,32
1123010100,U016,60
1123010100,U018,43
1123010100,U017,55
1123010100,U019,52
1123010100,U020,69
1123010100,U022,35
1123010100,U023,41
1123010100,U021,91
1123010100,U024,57
1123010100,U028,33
1123010100,U025,77
1123010100,U027,53
1123010100,U026,76
1123010100,U030,41
1123010100,U029,53
1123010100,U031,53
1123010100,U032,64
1123010100,U033,69
1123010100,U034,59
1123010100,U035,54
1123010100,U036,56
1123010100,U037,63
1123010100,U039,60
1123010100,U038,71
1123010100,U040,40
1123010100,U042,35
1123010100,U041,68
1123010100,U043,57
1123010100,U044,35
1123010100,U045,46
1123010100,U046,43
1123010100,U047,55
1123010100,V001,62
1123010100,V002,35
1123010200,B001,37
1123010200,C001,74
1123010200,C003,65
1123010200,C004,37
1123010200,C002,69
1123010200,C005,57
1123010200,C006,60
1123010200,C007,48
1123010200,C008,47
1123010200,C009,35
1123010200,E001,63
1123010200,M001,49
1123010200,P002,48
1123010200,P001,84
1123010200,U001,46
1123010200,U002,63
1123010200,U003,55
1123010200,U004,51
1123010200,U006,36
1123010200,U005,55
1123010200,U009,57
1123010200,U008,44
1123010200,U011,53
1123010200,U010,82
1123010200,U012,52
1123010200,U013,44
1123010200,U015,70
1123010200,U014,86
1123010200,U016,66
1123010200,U007,32
1123010200,U017,58
1123010200,U018,59
1123010200,U019,52
1123010200,U020,73
1123010200,U022,48
1123010200,U023,39
1123010200,U021,94
1123010200,U024,66
1123010200,U025,81
1123010200,U027,56
1123010200,U026,79
1123010200,U028,39
1123010200,U029,52
1123010200,U030,41
1123010200,U031,56
1123010200,U033,71
1123010200,U032,68
1123010200,U034,58
1123010200,U035,71
1123010200,U036,53
1123010200,U037,66
1123010200,U039,64
1123010200,U040,38
1123010200,U038,74
1123010200,U041,54
1123010200,U042,38
1123010200,U043,54
1123010200,U044,39
1123010200,U045,51
1123010200,U046,38
1123010200,V001,50
1123010200,U047,58
1123010300,B001,51
1123010200,V002,38
1123010300,C001,83
1123010300,C003,74
1123010300,C004,36
1123010300,C005,66
1123010300,C002,82
1123010300,C006,56
1123010300,C008,55
1123010300,C007,57
1123010300,C009,46
1123010300,E001,62
1123010300,M001,47
1123010300,P002,55
1123010300,U001,55
1123010300,P001,91
1123010300,U002,62
1123010300,U004,61
1123010300,U003,64
1123010300,U007,26
1123010300,U005,58
1123010300,U009,47
1123010300,U008,57
1123010300,U011,64
1123010300,U010,89
1123010300,U012,61
1123010300,U006,40
1123010300,U013,43
1123010300,U015,58
1123010300,U014,82
1123010300,U016,68
1123010300,U017,67
1123010300,U018,47
1123010300,U019,69
1123010300,U020,79
1123010300,U022,52
1123010300,U024,54
1123010300,U021,103
1123010300,U025,90
1123010300,U027,65
1123010300,U026,88
1123010300,U023,38
1123010300,U030,43
1123010300,U029,47
1123010300,U028,37
1123010300,U031,61
1123010300,U032,79
1123010300,U034,67
1123010300,U033,80
1123010300,U036,57
1123010300,U035,80
1123010300,U037,75
1123010300,U038,75
1123010300,U039,73
1123010300,U041,51
1123010300,U042,36
1123010300,U040,33
1123010300,U043,58
1123010300,U045,59
1123010300,U044,44
1123010300,U046,44
1123010300,V001,55
1123010300,V002,47
1123010300,U047,65
1123010400,B001,46
1123010400,C001,88
1123010400,C005,80
1123010400,C003,78
1123010400,C004,35
1123010400,C002,94
1123010400,C006,41
1123010400,C009,41
1123010400,C007,68
1123010400,C008,67
1123010400,E001,63
1123010400,M001,48
1123010400,P001,92
1123010400,U002,67
1123010400,P002,69
1123010400,U001,59
1123010400,U003,69
1123010400,U004,49
1123010400,U007,44
1123010400,U005,57
1123010400,U008,61
1123010400,U009,62
1123010400,U011,66
1123010400,U006,51
1123010400,U010,90
1123010400,U012,66
1123010400,U013,50
1123010400,U015,66
1123010400,U016,78
1123010400,U014,91
1123010400,U018,71
1123010400,U017,75
1123010400,U019,65
1123010400,U023,26
1123010400,U020,94
1123010400,U024,62
1123010400,U022,56
1123010400,U021,100
1123010400,U025,94
1123010400,U026,92
1123010400,U029,61
1123010400,U028,49
1123010400,U027,72
1123010400,U030,42
1123010400,U033,84
1123010400,U034,70
1123010400,U031,69
1123010400,U032,76
1123010400,U035,78
1123010400,U036,54
1123010400,U038,76
1123010400,U039,71
1123010400,U037,78
1123010400,U041,47
1123010400,U042,34
1123010400,U043,57
1123010400,U044,54
1123010400,U040,44
1123010400,U045,73
1123010400,U046,45
1123010400,V001,61
1123010400,U047,76
1123010400,V002,54
1123010500,B001,46
1123010500,C002,84
1123010500,C004,40
1123010500,C003,63
1123010500,C001,86
1123010500,C005,71
1123010500,C006,45
1123010500,C007,56
1123010500,C008,61
1123010500,E001,72
1123010500,C009,44
1123010500,M001,52
1123010500,P002,55
1123010500,P001,89
1123010500,U001,58
1123010500,U002,58
1123010500,U004,41
1123010500,U003,54
1123010500,U005,54
1123010500,U006,57
1123010500,U007,48
1123010500,U009,67
1123010500,U008,51
1123010500,U011,72
1123010500,U012,56
1123010500,U010,87
1123010500,U013,58
1123010500,U014,81
1123010500,U015,71
1123010500,U016,66
1123010500,U017,66
1123010500,U018,77
1123010500,U019,70
1123010500,U020,80
1123010500,U022,53
1123010500,U021,95
1123010500,U024,68
1123010500,U027,66
1123010500,U025,94
1123010500,U026,93
1123010500,U023,31
1123010500,U028,55
1123010500,U030,34
1123010500,U029,64
1123010500,U031,61
1123010500,U032,68
1123010500,U034,54
1123010500,U033,72
1123010500,U035,67
1123010500,U036,47
1123010500,U037,73
1123010500,U038,66
1123010500,U039,63
1123010500,U040,50
1123010500,U041,52
1123010500,U042,39
1123010500,U043,50
1123010500,U044,55
1123010500,U045,79
1123010500,U046,43
1123010500,V001,53
1123010500,U047,65
1123010500,V002,46
1123010600,B001,51
1123010600,C003,65
1123010600,C001,88
1123010600,C002,86
1123010600,C004,41
1123010600,C005,73
1123010600,C006,36
1123010600,C009,50
1123010600,C007,58
1123010600,C008,61
1123010600,M001,54
1123010600,E001,62
1123010600,P002,57
1123010600,U001,64
1123010600,P001,91
1123010600,U002,57
1123010600,U003,56
1123010600,U004,44
1123010600,U005,56
1123010600,U006,47
1123010600,U007,51
1123010600,U009,78
1123010600,U008,54
1123010600,U012,58
1123010600,U011,74
1123010600,U010,89
1123010600,U013,60
1123010600,U015,69
1123010600,U014,83
1123010600,U016,68
1123010600,U017,68
1123010600,U019,69
1123010600,U018,79
1123010600,U021,97
1123010600,U020,82
1123010600,U022,58
1123010600,U024,66
1123010600,U027,72
1123010600,U025,96
1123010600,U026,96
1123010600,U028,57
1123010600,U023,39
1123010600,U030,34
1123010600,U029,68
1123010600,U031,85
1123010600,U032,66
1123010600,U033,74
1123010600,U034,52
1123010600,U036,45
1123010600,U035,69
1123010600,U037,72
1123010600,U038,65
1123010600,U039,65
1123010600,U040,48
1123010600,U041,59
1123010600,U042,47
1123010600,U043,48
1123010600,U045,82
1123010600,U044,60
1123010600,U046,45
1123010600,V001,52
1123010600,U047,67
1123010700,B001,55
1123010600,V002,48
1123010700,C001,88
1123010700,C003,81
1123010700,C002,90
1123010700,C006,50
1123010700,C005,75
1123010700,C007,74
1123010700,C008,67
1123010700,C009,58
1123010700,E001,63
1123010700,C004,39
1123010700,M001,48
1123010700,P002,63
1123010700,P001,99
1123010700,U001,62
1123010700,U002,63
1123010700,U003,72
1123010700,U006,32
1123010700,U004,64
1123010700,U005,71
1123010700,U009,56
1123010700,U008,60
1123010700,U007,31
1123010700,U011,67
1123010700,U010,102
1123010700,U012,67
1123010700,U013,37
1123010700,U014,101
1123010700,U015,68
1123010700,U018,56
1123010700,U016,77
1123010700,U017,75
1123010700,U019,68
1123010700,U020,87
1123010700,U022,57
1123010700,U024,65
1123010700,U021,111
1123010700,U025,94
1123010700,U023,32
1123010700,U027,72
1123010700,U026,93
1123010700,U028,46
1123010700,U030,57
1123010700,U029,55
1123010700,U031,69
1123010700,U032,90
1123010700,U033,87
1123010700,U034,69
1123010700,U036,62
1123010700,U035,87
1123010700,U040,15
1123010700,U037,83
1123010700,U038,74
1123010700,U039,80
1123010700,U041,49
1123010700,U043,65
1123010700,U042,31
1123010700,U045,67
1123010700,U044,53
1123010700,U046,53
1123010700,V001,68
1123010700,U047,73
1123010700,V002,64
1123010800,B001,61
1123010800,C001,88
1123010800,C003,81
1123010800,C002,86
1123010800,C005,71
1123010800,C004,38
1123010800,C006,66
1123010800,C007,62
1123010800,M001,41
1123010800,C008,51
1123010800,C009,52
1123010800,E001,63
1123010800,P002,66
1123010800,U001,67
1123010800,P001,97
1123010800,U002,63
1123010800,U006,15
1123010800,U003,63
1123010800,U004,79
1123010800,U005,63
1123010800,U009,63
1123010800,U008,59
1123010800,U010,96
1123010800,U011,71
1123010800,U012,62
1123010800,U007,39
1123010800,U013,57
1123010800,U015,63
1123010800,U014,83
1123010800,U016,76
1123010800,U018,72
1123010800,U017,75
1123010800,U019,55
1123010800,U022,62
1123010800,U020,91
1123010800,U024,60
1123010800,U021,108
1123010800,U023,53
1123010800,U027,76
1123010800,U028,52
1123010800,U025,94
1123010800,U026,93
1123010800,U029,63
1123010800,U030,53
1123010800,U031,69
1123010800,U033,87
1123010800,U032,81
1123010800,U034,72
1123010800,U035,71
1123010800,U036,67
1123010800,U040,33
1123010800,U037,79
1123010800,U038,71
1123010800,U042,31
1123010800,U039,68
1123010800,U041,57
1123010800,U043,70
1123010800,U045,69
1123010800,U044,58
1123010800,U046,49
1123010800,U047,77
1123010800,V002,52
1123010900,B001,45
1123010800,V001,85
1123010900,C004,15
1123010900,C001,84
1123010900,C003,80
1123010900,C006,44
1123010900,C002,82
1123010900,C005,67
1123010900,C007,58
1123010900,C008,47
1123010900,C009,48
1123010900,E001,58
1123010900,P002,57
1123010900,U001,61
1123010900,P001,93
1123010900,U002,58
1123010900,M001,44
1123010900,U004,52
1123010900,U003,70
1123010900,U007,42
1123010900,U005,70
1123010900,U008,44
1123010900,U009,63
1123010900,U011,62
1123010900,U010,92
1123010900,U006,33
1123010900,U012,66
1123010900,U013,48
1123010900,U015,54
1123010900,U014,79
1123010900,U016,73
1123010900,U017,71
1123010900,U018,74
1123010900,U019,54
1123010900,U023,15
1123010900,U021,104
1123010900,U020,82
1123010900,U022,63
1123010900,U024,51
1123010900,U025,91
1123010900,U028,53
1123010900,U026,89
1123010900,U027,71
1123010900,U029,57
1123010900,U030,46
1123010900,U034,67
1123010900,U033,86
1123010900,U031,64
1123010900,U032,74
1123010900,U035,68
1123010900,U036,68
1123010900,U037,76
1123010900,U039,64
1123010900,U038,66
1123010900,U042,33
1123010900,U041,35
1123010900,U043,65
1123010900,U044,49
1123010900,U040,33
1123010900,U045,61
1123010900,U046,44
1123010900,V001,59
1123010900,U047,68
1123010900,V002,48
1123011000,B001,61
1123011000,C004,36
1123011000,C003,66
1123011000,C001,86
1123011000,C002,81
1123011000,C005,70
1123011000,C006,57
1123011000,M001,25
1123011000,C007,60
1123011000,C008,44
1123011000,C009,54
1123011000,E001,75
1123011000,U001,57
1123011000,P002,60
1123011000,P001,96
1123011000,U002,72
1123011000,U006,30
1123011000,U003,61
1123011000,U004,60
1123011000,U005,62
1123011000,U008,37
1123011000,U009,64
1123011000,U007,39
1123011000,U013,35
1123011000,U010,94
1123011000,U012,61
1123011000,U011,69
1123011000,U015,54
1123011000,U016,75
1123011000,U018,57
1123011000,U017,70
1123011000,U019,46
1123011000,U014,82
1123011000,U021,107
1123011000,U020,85
1123011000,U022,62
1123011000,U024,50
1123011000,U027,68
1123011000,U025,93
1123011000,U026,91
1123011000,U028,52
1123011000,U023,43
1123011000,U029,56
1123011000,U030,54
1123011000,U031,68
1123011000,U033,87
1123011000,U032,80
1123011000,U034,80
1123011000,U035,70
1123011000,U036,72
1123011000,U037,78
1123011000,U038,86
1123011000,U042,20
1123011000,U040,33
1123011000,U041,49
1123011000,U039,67
1123011000,U043,69
1123011000,U044,51
1123011000,U045,61
1123011000,U046,58
1123011000,U047,71
1123011000,V001,76
1123011000,V002,50
1126010100,B001,56
1126010100,C003,93
1126010100,C001,92
1126010100,C002,89
1126010100,C004,41
1126010100,C006,24
1126010100,C005,77
1126010100,C007,62
1126010100,C009,54
1126010100,C008,50
1126010100,E001,56
1126010100,M001,47
1126010100,P002,63
1126010100,U001,73
1126010100,P001,95
1126010100,U002,51
1126010100,U003,61
1126010100,U004,39
1126010100,U005,61
1126010100,U006,48
1126010100,U007,50
1126010100,U009,76
1126010100,U008,52
1126010100,U012,65
1126010100,U011,71
1126010100,U010,93
1126010100,U013,47
1126010100,U014,86
1126010100,U015,55
1126010100,U016,72
1126010100,U017,75
1126010100,U018,83
1126010100,U019,43
1126010100,U021,87
1126010100,U020,93
1126010100,U024,52
1126010100,U023,42
1126010100,U022,75
1126010100,U027,84
1126010100,U025,99
1126010100,U026,90
1126010100,U028,69
1126010100,U029,64
1126010100,U030,32
1126010100,U034,59
1126010100,U032,60
1126010100,U031,75
1126010100,U033,99
1126010100,U035,74
1126010100,U036,45
1126010100,U038,59
1126010100,U037,65
1126010100,U039,71
1126010100,U040,46
1126010100,U041,43
1126010100,U042,43
1126010100,U043,48
1126010100,U045,67
1126010100,U044,58
1126010100,U046,47
1126010100,V001,45
1126010100,U047,79
1126010100,V002,52
1126010200,B001,46
1126010200,C001,84
1126010200,C003,70
1126010200,C002,83
1126010200,C004,40
1126010200,C005,73
1126010200,C008,49
1126010200,C007,57
1126010200,C006,35
1126010200,C009,48
1126010200,E001,60
1126010200,M001,47
1126010200,P002,59
1126010200,P001,97
1126010200,U001,57
1126010200,U002,57
1126010200,U004,45
1126010200,U003,62
1126010200,U006,36
1126010200,U005,62
1126010200,U007,61
1126010200,U009,71
1126010200,U008,46
1126010200,U010,95
1126010200,U011,64
1126010200,U012,58
1126010200,U013,47
1126010200,U015,43
1126010200,U014,81
1126010200,U016,74
1126010200,U017,73
1126010200,U019,43
1126010200,U018,59
1126010200,U024,57
1126010200,U023,42
1126010200,U021,97
1126010200,U020,82
1126010200,U022,53
1126010200,U027,67
1126010200,U028,51
1126010200,U026,89
1126010200,U025,91
1126010200,U029,61
1126010200,U030,39
1126010200,U031,66
1126010200,U034,67
1126010200,U033,74
1126010200,U032,67
1126010200,U035,68
1126010200,U036,61
1126010200,U037,71
1126010200,U039,64
1126010200,U038,65
1126010200,U040,45
1126010200,U041,43
1126010200,U043,65
1126010200,U042,35
1126010200,U044,50
1126010200,U045,62
1126010200,U046,44
1126010200,V001,52
1126010200,U047,73
1126010200,V002,47
1126010300,B001,70
1126010300,C001,96
1126010300,C003,73
1126010300,C002,89
1126010300,C005,81
1126010300,C006,31
1126010300,C008,43
1126010300,C004,32
1126010300,C007,77
1126010300,C009,58
1126010300,M001,39
1126010300,E001,60
1126010300,P002,61
1126010300,P001,99
1126010300,U001,65
1126010300,U002,55
1126010300,U003,65
1126010300,U004,43
1126010300,U006,44
1126010300,U007,47
1126010300,U005,65
1126010300,U009,68
1126010300,U008,45
1126010300,U011,63
1126010300,U012,70
1126010300,U010,97
1126010300,U013,40
1126010300,U015,46
1126010300,U014,89
1126010300,U016,76
1126010300,U018,82
1126010300,U019,45
1126010300,U017,74
1126010300,U020,86
1126010300,U021,91
1126010300,U024,42
1126010300,U023,38
1126010300,U022,72
1126010300,U027,75
1126010300,U025,103
1126010300,U029,57
1126010300,U026,94
1126010300,U028,61
1126010300,U030,36
1126010300,U034,63
1126010300,U033,90
1126010300,U031,68
1126010300,U032,64
1126010300,U035,78
1126010300,U036,49
1126010300,U038,63
1126010300,U037,69
1126010300,U039,75
1126010300,U040,43
1126010300,U041,36
1126010300,U042,31
1126010300,U043,52
1126010300,U044,50
1126010300,U045,60
1126010300,U046,51
1126010300,V001,49
1126010300,U047,72
1126010300,V002,67
1126010400,B001,62
1126010400,C003,75
1126010400,C001,98
1126010400,C002,87
1126010400,C004,39
1126010400,C005,83
1126010400,C006,33
1126010400,C008,41
1126010400,C007,84
1126010400,C009,59
1126010400,E001,62
1126010400,M001,38
1126010400,P002,59
1126010400,P001,101
1126010400,U001,65
1126010400,U002,57
1126010400,U003,66
1126010400,U004,45
1126010400,U006,46
1126010400,U005,66
1126010400,U007,41
1126010400,U009,61
1126010400,U008,38
1126010400,U012,77
1126010400,U010,99
1126010400,U011,62
1126010400,U013,38
1126010400,U015,38
1126010400,U014,87
1126010400,U017,72
1126010400,U016,78
1126010400,U018,66
1126010400,U019,37
1126010400,U020,84
1126010400,U024,34
1126010400,U021,93
1126010400,U023,44
1126010400,U022,64
1126010400,U027,66
1126010400,U028,45
1126010400,U025,104
1126010400,U029,55
1126010400,U026,96
1126010400,U030,38
1126010400,U031,66
1126010400,U033,82
1126010400,U034,65
1126010400,U032,66
1126010400,U035,80
1126010400,U036,50
1126010400,U037,71
1126010400,U038,64
1126010400,U039,77
1126010400,U040,44
1126010400,U041,37
1126010400,U042,37
1126010400,U043,54
1126010400,U044,49
1126010400,U045,58
1126010400,U046,53
1126010400,V001,51
1126010400,U047,70
1126010400,V002,74
1126010500,B001,66
1126010500,C003,93
1126010500,C001,100
1126010500,C004,42
1126010500,C002,111
1126010500,C005,99
1126010500,C008,63
1126010500,C007,83
1126010500,C009,55
1126010500,C006,31
1126010500,M001,57
1126010500,E001,69
1126010500,P002,66
1126010500,P001,108
1126010500,U001,74
1126010500,U002,64
1126010500,U004,52
1126010500,U003,83
1126010500,U005,85
1126010500,U006,48
1126010500,U007,56
1126010500,U008,58
1126010500,U009,77
1126010500,U012,79
1126010500,U011,82
1126010500,U013,53
1126010500,U010,107
1126010500,U014,108
1126010500,U015,52
1126010500,U016,93
1126010500,U019,63
1126010500,U017,80
1126010500,U018,87
1126010500,U020,89
1126010500,U024,48
1126010500,U023,47
1126010500,U022,72
1126010500,U021,100
1126010500,U027,88
1126010500,U025,106
1126010500,U026,103
1126010500,U028,65
1126010500,U030,45
1126010500,U029,79
1126010500,U031,74
1126010500,U032,73
1126010500,U034,72
1126010500,U033,99
1126010500,U035,99
1126010500,U036,48
1126010500,U037,79
1126010500,U038,71
1126010500,U040,47
1126010500,U039,92
1126010500,U041,50
1126010500,U042,48
1126010500,U043,61
1126010500,U045,80
1126010500,U046,52
1126010500,U044,70
1126010500,U047,85
1126010500,V001,58
1126010500,V002,64
1126010600,B001,68
1126010600,C001,105
1126010600,C003,82
1126010600,C002,101
1126010600,C004,48
1126010600,C005,85
1126010600,C006,43
1126010600,C007,77
1126010600,C009,64
1126010600,C008,56
1126010600,M001,55
1126010600,E001,76
1126010600,P002,70
1126010600,U001,81
1126010600,U002,70
1126010600,U003,73
1126010600,P001,107
1126010600,U004,59
1126010600,U006,61
1126010600,U005,73
1126010600,U008,58
1126010600,U007,52
1126010600,U009,83
1126010600,U013,49
1126010600,U011,74
1126010600,U012,70
1126010600,U010,105
1126010600,U014,98
1126010600,U015,50
1126010600,U017,83
1126010600,U018,97
1126010600,U016,85
1126010600,U019,51
1126010600,U020,95
1126010600,U024,49
1126010600,U023,54
1126010600,U022,70
1126010600,U021,106
1126010600,U026,110
1126010600,U027,91
1126010600,U025,112
1126010600,U028,77
1126010600,U029,71
1126010600,U030,52
1126010600,U033,106
1126010600,U034,78
1126010600,U032,80
1126010600,U031,77
1126010600,U035,85
1126010600,U036,64
1126010600,U037,85
1126010600,U038,78
1126010600,U039,85
1126010600,U041,47
1126010600,U040,60
1126010600,U042,48
1126010600,U043,67
1126010600,U044,60
1126010600,U045,72
1126010600,U046,61
1126010600,U047,81
1126010600,V001,65
1129010100,B001,35
1126010600,V002,79
1129010100,C003,61
1129010100,C001,99
1129010100,C002,79
1129010100,C005,74
1129010100,C004,65
1129010100,C007,53
1129010100,C006,70
1129010100,C008,60
1129010100,C009,61
1129010100,E001,65
1129010100,M001,71
1129010100,P001,90
1129010100,P002,65
1129010100,U002,65
1129010100,U001,37
1129010100,U004,68
1129010100,U003,60
1129010100,U005,56
1129010100,U006,62
1129010100,U007,48
1129010100,U009,52
1129010100,U008,77
1129010100,U010,87
1129010100,U012,53
1129010100,U011,63
1129010100,U013,64
1129010100,U015,75
1129010100,U014,82
1129010100,U016,65
1129010100,U017,68
1129010100,U018,57
1129010100,U019,71
1129010100,U022,37
1129010100,U020,90
1129010100,U021,88
1129010100,U027,42
1129010100,U023,64
1129010100,U024,72
1129010100,U025,112
1129010100,U026,92
1129010100,U028,45
1129010100,U030,71
1129010100,U029,53
1129010100,U031,58
1129010100,U032,74
1129010100,U033,67
1129010100,U035,65
1129010100,U034,77
1129010100,U036,70
1129010100,U037,76
1129010100,U039,64
1129010100,U038,73
1129010100,U040,55
1129010100,U041,60
1129010100,U042,60
1129010100,U045,58
1129010100,U043,73
1129010100,U046,54
1129010100,U044,37
1129010100,V001,60
1129010200,B001,26
1129010100,V002,43
1129010100,U047,76
1129010200,C003,51
1129010200,C001,89
1129010200,C004,59
1129010200,C005,55
1129010200,C002,71
1129010200,C007,42
1129010200,C006,74
1129010200,C008,53
1129010200,C009,50
1129010200,E001,54
1129010200,U001,15
1129010200,P002,53
1129010200,M001,61
1129010200,P001,80
1129010200,U002,54
1129010200,U003,50
1129010200,U004,58
1129010200,U006,56
1129010200,U005,45
1129010200,U007,38
1129010200,U009,46
1129010200,U008,54
1129010200,U012,42
1129010200,U011,49
1129010200,U010,78
1129010200,U013,54
1129010200,U014,71
1129010200,U015,65
1129010200,U016,58
1129010200,U018,43
1129010200,U017,57
1129010200,U019,64
1129010200,U022,28
1129010200,U020,72
1129010200,U021,77
1129010200,U023,54
1129010200,U027,37
1129010200,U024,72
1129010200,U025,84
1129010200,U028,35
1129010200,U026,82
1129010200,U029,39
1129010200,U030,52
1129010200,U031,48
1129010200,U032,63
1129010200,U033,57
1129010200,U035,55
1129010200,U034,67
1129010200,U036,59
1129010200,U037,66
1129010200,U038,63
1129010200,U040,49
1129010200,U039,53
1129010200,U044,24
1129010200,U041,49
1129010200,U042,54
1129010200,U045,51
1129010200,U043,62
1129010200,V001,49
1129010200,U046,44
1129010200,U047,58
1129010200,V002,32
1129010300,B001,37
1129010300,C003,61
1129010300,C001,99
1129010300,C002,75
1129010300,C004,70
1129010300,C005,68
1129010300,C006,89
1129010300,C007,51
1129010300,C008,60
1129010300,C009,59
1129010300,E001,63
1129010300,M001,71
1129010300,U001,36
1129010300,P002,62
1129010300,P001,88
1129010300,U002,63
1129010300,U003,60
1129010300,U004,67
1129010300,U006,63
1129010300,U005,54
1129010300,U007,48
1129010300,U008,65
1129010300,U011,59
1129010300,U010,87
1129010300,U012,51
1129010300,U009,53
1129010300,U013,64
1129010300,U016,70
1129010300,U014,82
1129010300,U015,74
1129010300,U017,66
1129010300,U019,75
1129010300,U020,80
1129010300,U022,38
1129010300,U021,86
1129010300,U018,49
1129010300,U023,73
1129010300,U024,70
1129010300,U027,51
1129010300,U025,92
1129010300,U028,40
1129010300,U029,48
1129010300,U026,91
1129010300,U030,61
1129010300,U031,57
1129010300,U032,72
1129010300,U033,67
1129010300,U035,65
1129010300,U036,68
1129010300,U034,76
1129010300,U037,75
1129010300,U038,71
1129010300,U039,62
1129010300,U040,56
1129010300,U041,58
1129010300,U042,61
1129010300,U043,71
1129010300,U044,33
1129010300,U045,58
1129010300,U046,53
1129010400,B001,28
1129010300,U047,66
1129010300,V002,41
1129010300,V001,58
1129010400,C003,48
1129010400,C001,87
1129010400,C004,53
1129010400,C002,69
1129010400,C005,59
1129010400,C006,69
1129010400,C007,41
1129010400,C008,48
1129010400,C009,50
1129010400,E001,54
1129010400,U001,29
1129010400,M001,59
1129010400,P002,52
1129010400,P001,79
1129010400,U002,54
1129010400,U003,47
1129010400,U004,57
1129010400,U005,45
1129010400,U006,51
1129010400,U007,36
1129010400,U009,41
1129010400,U008,49
1129010400,U012,42
1129010400,U011,55
1129010400,U010,77
1129010400,U013,52
1129010400,U014,69
1129010400,U016,55
1129010400,U015,62
1129010400,U018,41
1129010400,U017,56
1129010400,U022,29
1129010400,U019,59
1129010400,U020,71
1129010400,U021,77
1129010400,U023,57
1129010400,U024,71
1129010400,U027,39
1129010400,U025,99
1129010400,U028,31
1129010400,U026,81
1129010400,U030,51
1129010400,U029,41
1129010400,U032,63
1129010400,U031,47
1129010400,U033,54
1129010400,U035,53
1129010400,U034,66
1129010400,U036,59
1129010400,U037,65
1129010400,U038,62
1129010400,U040,44
1129010400,U039,53
1129010400,U042,48
1129010400,U041,49
1129010400,U044,23
1129010400,U043,62
1129010400,U045,46
1129010400,U046,43
1129010400,V001,49
1129010400,U047,57
1129010500,B001,27
1129010400,V002,31
1129010500,C003,47
1129010500,C002,68
1129010500,C001,86
1129010500,C004,52
1129010500,C005,58
1129010500,C007,41
1129010500,C006,68
1129010500,C008,46
1129010500,C009,49
1129010500,U001,28
1129010500,E001,53
1129010500,M001,58
1129010500,P002,52
1129010500,P001,78
1129010500,U002,53
1129010500,U003,46
1129010500,U004,57
1129010500,U005,44
1129010500,U006,49
1129010500,U007,34
1129010500,U008,47
1129010500,U009,39
1129010500,U011,54
1129010500,U010,77
1129010500,U012,41
1129010500,U013,51
1129010500,U015,60
1129010500,U014,68
1129010500,U016,54
1129010500,U017,56
1129010500,U018,39
1129010500,U019,57
1129010500,U022,28
1129010500,U020,70
1129010500,U023,55
1129010500,U021,76
1129010500,U024,56
1129010500,U027,37
1129010500,U025,98
1129010500,U028,29
1129010500,U026,81
1129010500,U029,40
1129010500,U030,51
1129010500,U031,47
1129010500,U032,62
1129010500,U033,53
1129010500,U034,66
1129010500,U035,52
1129010500,U036,58
1129010500,U037,65
1129010500,U038,61
1129010500,U039,52
1129010500,U044,21
1129010500,U040,42
1129010500,U041,59
1129010500,U042,47
1129010500,U045,45
1129010500,U043,61
1129010500,U046,43
1129010500,V001,48
1129010600,B001,27
1129010500,U047,56
1129010500,V002,31
1129010600,C001,85
1129010600,C003,47
1129010600,C005,61
1129010600,C004,50
1129010600,C002,67
1129010600,C006,66
1129010600,C007,45
1129010600,C009,54
1129010600,C008,50
1129010600,E001,57
1129010600,U001,28
1129010600,M001,57
1129010600,P002,49
1129010600,P001,83
1129010600,U002,57
1129010600,U003,46
1129010600,U004,61
1129010600,U005,53
1129010600,U006,48
1129010600,U007,33
1129010600,U009,43
1129010600,U008,50
1129010600,U011,48
1129010600,U012,48
1129010600,U010,81
1129010600,U013,49
1129010600,U014,67
1129010600,U016,54
1129010600,U015,59
1129010600,U017,60
1129010600,U018,44
1129010600,U022,28
1129010600,U019,60
1129010600,U020,75
1129010600,U023,54
1129010600,U021,80
1129010600,U024,55
1129010600,U027,37
1129010600,U025,98
1129010600,U028,31
1129010600,U029,43
1129010600,U026,85
1129010600,U030,58
1129010600,U031,51
1129010600,U032,67
1129010600,U033,53
1129010600,U034,70
1129010600,U035,51
1129010600,U036,63
1129010600,U038,66
1129010600,U037,69
1129010600,U040,41
1129010600,U039,62
1129010600,U044,21
1129010600,U041,63
1129010600,U042,46
1129010600,U045,48
1129010600,U043,66
1129010600,U046,47
1129010600,U047,69
1129010700,B001,31
1129010600,V002,35
1129010600,V001,53
1129010700,C003,51
1129010700,C001,89
1129010700,C002,71
1129010700,C004,54
1129010700,C005,63
1129010700,C006,69
1129010700,C007,48
1129010700,C008,53
1129010700,C009,51
1129010700,E001,60
1129010700,P002,54
1129010700,M001,60
1129010700,P001,85
1129010700,U002,60
1129010700,U003,50
1129010700,U005,57
1129010700,U006,51
1129010700,U001,32
1129010700,U009,46
1129010700,U007,36
1129010700,U010,84
1129010700,U011,47
1129010700,U012,52
1129010700,U013,52
1129010700,U014,71
1129010700,U004,63
1129010700,U015,64
1129010700,U016,58
1129010700,U018,45
1129010700,U017,63
1129010700,U008,52
1129010700,U019,64
1129010700,U020,77
1129010700,U022,32
1129010700,U024,60
1129010700,U023,57
1129010700,U021,83
1129010700,U028,31
1129010700,U025,102
1129010700,U027,41
1129010700,U026,89
1129010700,U029,45
1129010700,U030,58
1129010700,U031,54
1129010700,U032,69
1129010700,U034,72
1129010700,U033,57
1129010700,U035,55
1129010700,U036,65
1129010700,U037,71
1129010700,U039,66
1129010700,U038,68
1129010700,U040,44
1129010700,U044,26
1129010700,U041,52
1129010700,U042,49
1129010700,U045,46
1129010700,U043,68
1129010700,U046,50
1129010700,V001,62
1129010700,U047,73
1129010800,B001,29
1129010700,V002,38
1129010800,C003,49
1129010800,C001,93
1129010800,C002,70
1129010800,C004,51
1129010800,C005,58
1129010800,C007,44
1129010800,C006,67
1129010800,C008,49
1129010800,C009,46
1129010800,E001,56
1129010800,M001,45
1129010800,P002,49
1129010800,P001,81
1129010800,U001,30
1129010800,U002,56
1129010800,U003,54
1129010800,U004,59
1129010800,U005,47
1129010800,U007,32
1129010800,U006,48
1129010800,U009,42
1129010800,U011,42
1129010800,U008,47
1129010800,U012,44
1129010800,U010,80
1129010800,U013,38
1129010800,U015,58
1129010800,U016,56
1129010800,U014,70
1129010800,U018,40
1129010800,U017,59
1129010800,U019,54
1129010800,U020,73
1129010800,U023,54
1129010800,U022,30
1129010800,U021,79
1129010800,U028,24
1129010800,U024,55
1129010800,U027,40
1129010800,U025,85
1129010800,U026,83
1129010800,U029,40
1129010800,U030,54
1129010800,U031,49
1129010800,U032,65
1129010800,U033,55
1129010800,U035,55
1129010800,U034,68
1129010800,U036,61
1129010800,U038,64
1129010800,U037,67
1129010800,U040,41
1129010800,U039,55
1129010800,U041,47
1129010800,U044,28
1129010800,U042,46
1129010800,U043,64
1129010800,U045,40
1129010800,U046,45
1129010800,V001,51
1129010800,U047,59
1129010900,B001,31
1129010800,V002,34
1129010900,C003,53
1129010900,C002,73
1129010900,C001,93
1129010900,C005,59
1129010900,C004,54
1129010900,C006,70
1129010900,C007,45
1129010900,C009,48
1129010900,C008,51
1129010900,E001,57
1129010900,M001,46
1129010900,P002,50
1129010900,P001,82
1129010900,U002,57
1129010900,U001,33
1129010900,U004,61
1129010900,U003,54
1129010900,U005,48
1129010900,U006,51
1129010900,U007,37
1129010900,U009,43
1129010900,U008,51
1129010900,U011,44
1129010900,U010,81
1129010900,U012,45
1129010900,U013,39
1129010900,U015,60
1129010900,U016,60
1129010900,U014,73
1129010900,U018,40
1129010900,U017,60
1129010900,U019,55
1129010900,U022,32
1129010900,U020,74
1129010900,U023,58
1129010900,U024,56
1129010900,U021,80
1129010900,U028,27
1129010900,U025,86
1129010900,U027,43
1129010900,U026,85
1129010900,U029,38
1129010900,U030,55
1129010900,U031,51
1129010900,U033,59
1129010900,U032,66
1129010900,U034,70
1129010900,U035,59
1129010900,U036,62
1129010900,U037,69
1129010900,U038,65
1129010900,U040,44
1129010900,U041,48
1129010900,U039,56
1129010900,U042,49
1129010900,U044,30
1129010900,U043,65
1129010900,U045,42
1129010900,U046,47
1129010900,V001,52
1129010900,U047,60
1129011000,B001,35
1129010900,V002,35
1129011000,C003,55
1129011000,C002,87
1129011000,C005,58
1129011000,C001,94
1129011000,C004,60
1129011000,C007,52
1129011000,C006,79
1129011000,C009,54
1129011000,C008,55
1129011000,E001,64
1129011000,U001,36
1129011000,P001,90
1129011000,M001,50
1129011000,P002,54
1129011000,U002,64
1129011000,U003,54
1129011000,U006,53
1129011000,U004,71
1129011000,U005,55
1129011000,U007,42
1129011000,U009,38
1129011000,U011,51
1129011000,U008,56
1129011000,U012,52
1129011000,U010,88
1129011000,U013,44
1129011000,U015,64
1129011000,U016,60
1129011000,U014,76
1129011000,U017,67
1129011000,U018,39
1129011000,U019,60
1129011000,U020,79
1129011000,U022,38
1129011000,U021,87
1129011000,U023,63
1129011000,U024,60
1129011000,U028,30
1129011000,U027,46
1129011000,U025,94
1129011000,U029,48
1129011000,U026,92
1129011000,U030,60
1129011000,U031,58
1129011000,U032,73
1129011000,U033,61
1129011000,U035,60
1129011000,U036,69
1129011000,U034,77
1129011000,U038,72
1129011000,U037,76
1129011000,U039,63
1129011000,U040,46
1129011000,U042,51
1129011000,U041,55
1129011000,U044,32
1129011000,U043,72
1129011000,U045,49
1129011100,B001,35
1129011000,U047,65
1129011000,U046,54
1129011000,V001,59
1129011000,V002,42
1129011100,C003,58
1129011100,C001,97
1129011100,C002,79
1129011100,C004,63
1129011100,C005,69
1129011100,C006,79
1129011100,C007,49
1129011100,C009,58
1129011100,C008,58
1129011100,E001,61
1129011100,U001,15
1129011100,M001,69
1129011100,P001,87
1129011100,P002,60
1129011100,U002,61
1129011100,U003,57
1129011100,U004,65
1129011100,U006,60
1129011100,U005,53
1129011100,U007,46
1129011100,U008,58
1129011100,U009,50
1129011100,U011,56
1129011100,U012,50
1129011100,U010,85
1129011100,U013,62
1129011100,U015,72
1129011100,U014,79
1129011100,U016,65
1129011100,U017,64
1129011100,U018,51
1129011100,U022,37
1129011100,U019,68
1129011100,U020,79
1129011100,U023,67
1129011100,U021,84
1129011100,U024,69
1129011100,U027,48
1129011100,U025,91
1129011100,U026,89
1129011100,U029,51
1129011100,U028,38
1129011100,U030,59
1129011100,U031,55
1129011100,U032,71
1129011100,U033,64
1129011100,U034,74
1129011100,U035,63
1129011100,U036,67
1129011100,U037,73
1129011100,U038,70
1129011100,U039,61
1129011100,U040,53
1129011100,U044,22
1129011100,U041,56
1129011100,U042,58
1129011100,U043,70
1129011100,U045,56
1129011100,U046,51
1129011100,U047,65
1129011200,B001,35
1129011100,V001,57
1129011100,V002,39
1129011200,C003,55
1129011200,C002,75
1129011200,C001,93
1129011200,C004,60
1129011200,C005,66
1129011200,C006,76
1129011200,C007,48
1129011200,C008,55
1129011200,C009,56
1129011200,E001,60
1129011200,U001,32
1129011200,M001,66
1129011200,P002,58
1129011200,P001,85
1129011200,U002,60
1129011200,U003,54
1129011200,U004,63
1129011200,U006,57
1129011200,U005,51
1129011200,U008,55
1129011200,U009,48
1129011200,U011,62
1129011200,U007,43
1129011200,U010,84
1129011200,U012,48
1129011200,U013,59
1129011200,U015,68
1129011200,U016,62
1129011200,U014,75
1129011200,U018,48
1129011200,U017,63
1129011200,U019,65
1129011200,U022,36
1129011200,U020,77
1129011200,U023,64
1129011200,U024,64
1129011200,U021,83
1129011200,U027,48
1129011200,U025,106
1129011200,U026,87
1129011200,U028,34
1129011200,U029,48
1129011200,U030,58
1129011200,U031,54
1129011200,U032,69
1129011200,U033,61
1129011200,U035,59
1129011200,U034,72
1129011200,U036,65
1129011200,U038,68
1129011200,U037,72
1129011200,U040,50
1129011200,U039,59
1129011200,U044,15
1129011200,U041,55
1129011200,U042,55
1129011200,U045,53
1129011200,U046,50
1129011200,U043,68
1129011200,U047,63
1129011200,V002,38
1129011200,V001,55
1129011300,B001,37
1129011300,C001,96
1129011300,C002,78
1129011300,C004,54
1129011300,C003,57
1129011300,C005,69
1129011300,C006,70
1129011300,C009,53
1129011300,M001,50
1129011300,E001,61
1129011300,C007,52
1129011300,C008,59
1129011300,U001,35
1129011300,P001,90
1129011300,P002,54
1129011300,U002,61
1129011300,U003,56
1129011300,U004,71
1129011300,U005,63
1129011300,U006,52
1129011300,U007,37
1129011300,U009,52
1129011300,U008,67
1129011300,U010,88
1129011300,U011,54
1129011300,U012,53
1129011300,U013,44
1129011300,U014,78
1129011300,U015,64
1129011300,U016,64
1129011300,U018,51
1129011300,U017,67
1129011300,U019,59
1129011300,U022,38
1129011300,U020,79
1129011300,U023,58
1129011300,U021,87
1129011300,U024,60
1129011300,U028,33
1129011300,U026,90
1129011300,U027,50
1129011300,U025,108
1129011300,U029,51
1129011300,U030,59
1129011300,U033,63
1129011300,U032,73
1129011300,U031,58
1129011300,U034,74
1129011300,U035,62
1129011300,U036,67
1129011300,U038,73
1129011300,U037,76
1129011300,U039,73
1129011300,U040,45
1129011300,U044,20
1129011300,U041,57
1129011300,U042,50
1129011300,U045,58
1129011300,U043,70
1129011300,U046,51
1129011300,U047,65
1129011300,V001,63
1129011300,V002,42
1129011400,B001,31
1129011400,C003,51
1129011400,C002,71
1129011400,C001,89
1129011400,C004,50
1129011400,C005,60
1129011400,C006,66
1129011400,C007,50
1129011400,C009,49
1129011400,C008,54
1129011400,U001,32
1129011400,E001,55
1129011400,M001,56
1129011400,P002,48
1129011400,P001,87
1129011400,U002,55
1129011400,U003,50
1129011400,U004,65
1129011400,U005,57
1129011400,U006,47
1129011400,U007,32
1129011400,U009,47
1129011400,U008,49
1129011400,U011,49
1129011400,U010,89
1129011400,U012,52
1129011400,U013,48
1129011400,U014,71
1129011400,U016,58
1129011400,U015,58
1129011400,U017,61
1129011400,U018,42
1129011400,U019,54
1129011400,U020,73
1129011400,U023,53
1129011400,U022,32
1129011400,U021,85
1129011400,U024,54
1129011400,U028,29
1129011400,U027,42
1129011400,U029,42
1129011400,U025,102
1129011400,U026,88
1129011400,U030,55
1129011400,U031,55
1129011400,U033,57
1129011400,U034,68
1129011400,U035,55
1129011400,U032,71
1129011400,U036,69
1129011400,U038,70
1129011400,U037,72
1129011400,U040,40
1129011400,U039,67
1129011400,U041,67
1129011400,U044,23
1129011400,U042,45
1129011400,U045,49
1129011400,U043,64
1129011400,U046,45
1129011400,U047,73
1129011400,V001,58
1129011400,V002,40
1129011500,B001,31
1129011500,C001,83
1129011500,C003,52
1129011500,C002,72
1129011500,C004,47
1129011500,C005,60
1129011500,C006,63
1129011500,C007,50
1129011500,C009,46
1129011500,C008,49
1129011500,E001,56
1129011500,M001,44
1129011500,P002,48
1129011500,P001,85
1129011500,U001,32
1129011500,U002,56
1129011500,U003,50
1129011500,U006,44
1129011500,U004,65
1129011500,U005,51
1129011500,U007,30
1129011500,U009,42
1129011500,U008,50
1129011500,U011,49
1129011500,U010,83
1129011500,U012,50
1129011500,U013,38
1129011500,U014,72
1129011500,U015,58
1129011500,U016,58
1129011500,U017,61
1129011500,U018,42
1129011500,U019,54
1129011500,U020,73
1129011500,U023,51
1129011500,U022,32
1129011500,U021,85
1129011500,U024,54
1129011500,U028,24
1129011500,U027,42
1129011500,U025,86
1129011500,U026,84
1129011500,U029,42
1129011500,U030,52
1129011500,U032,71
1129011500,U033,57
1129011500,U031,55
1129011500,U034,68
1129011500,U035,57
1129011500,U036,61
1129011500,U038,70
1129011500,U037,70
1129011500,U040,37
1129011500,U039,68
1129011500,U044,25
1129011500,U041,51
1129011500,U042,42
1129011500,U043,64
1129011500,U045,50
1129011500,U046,45
1129011500,U047,59
1129011500,V002,39
1129011500,V001,55
1129011600,B001,28
1129011600,C001,90
1129011600,C003,51
1129011600,C005,57
1129011600,C004,55
1129011600,C002,67
1129011600,C007,43
1129011600,C006,53
1129011600,C009,46
1129011600,C008,45
1129011600,E001,55
1129011600,U001,32
1129011600,M001,44
1129011600,P001,80
1129011600,P002,48
1129011600,U002,55
1129011600,U004,58
1129011600,U003,50
1129011600,U006,52
1129011600,U007,31
1129011600,U005,46
1129011600,U009,38
1129011600,U011,42
1129011600,U012,43
1129011600,U008,46
1129011600,U010,79
1129011600,U013,38
1129011600,U015,58
1129011600,U016,58
1129011600,U014,75
1129011600,U017,58
1129011600,U018,39
1129011600,U019,56
1129011600,U020,72
1129011600,U022,30
1129011600,U023,51
1129011600,U021,78
1129011600,U028,15
1129011600,U024,54
1129011600,U027,42
1129011600,U025,84
1129011600,U030,54
1129011600,U026,82
1129011600,U029,39
1129011600,U031,48
1129011600,U032,64
1129011600,U033,60
1129011600,U035,56
1129011600,U034,67
1129011600,U036,60
1129011600,U037,66
1129011600,U038,63
1129011600,U039,54
1129011600,U040,45
1129011600,U044,28
1129011600,U041,46
1129011600,U042,43
1129011600,U043,63
1129011600,U045,40
1129011600,U046,44
1129011600,V001,50
1129011600,U047,58
1129011600,V002,33
1129011700,B001,35
1129011700,C003,56
1129011700,C001,95
1129011700,C002,76
1129011700,C005,62
1129011700,C004,49
1129011700,C006,55
1129011700,C007,49
1129011700,C008,51
1129011700,C009,50
1129011700,E001,57
1129011700,M001,46
1129011700,P002,50
1129011700,P001,86
1129011700,U002,57
1129011700,U001,36
1129011700,U003,56
1129011700,U004,67
1129011700,U005,52
1129011700,U007,27
1129011700,U006,46
1129011700,U009,43
1129011700,U008,51
1129011700,U010,85
1129011700,U011,48
1129011700,U012,49
1129011700,U013,39
1129011700,U014,76
1129011700,U015,60
1129011700,U016,62
1129011700,U017,63
1129011700,U018,46
1129011700,U019,55
1129011700,U020,75
1129011700,U022,36
1129011700,U021,84
1129011700,U023,53
1129011700,U028,15
1129011700,U024,56
1129011700,U027,46
1129011700,U025,88
1129011700,U026,86
1129011700,U029,44
1129011700,U030,60
1129011700,U031,54
1129011700,U032,70
1129011700,U033,62
1129011700,U035,61
1129011700,U034,70
1129011700,U036,63
1129011700,U037,72
1129011700,U038,69
1129011700,U040,39
1129011700,U039,60
1129011700,U041,52
1129011700,U044,32
1129011700,U042,44
1129011700,U045,46
1129011700,U043,66
1129011700,U046,47
1129011700,V001,60
1129011700,U047,61
1129011700,V002,39
1129011800,B001,33
1129011800,C001,92
1129011800,C003,53
1129011800,C004,50
1129011800,C005,59
1129011800,C002,77
1129011800,C006,78
1129011800,C007,47
1129011800,C008,47
1129011800,C009,50
1129011800,E001,59
1129011800,M001,49
1129011800,P001,84
1129011800,P002,52
1129011800,U002,59
1129011800,U001,34
1129011800,U004,62
1129011800,U003,52
1129011800,U005,59
1129011800,U006,47
1129011800,U009,40
1129011800,U007,32
1129011800,U008,48
1129011800,U010,83
1129011800,U011,46
1129011800,U012,47
1129011800,U013,42
1129011800,U016,60
1129011800,U015,62
1129011800,U014,74
1129011800,U018,43
1129011800,U017,62
1129011800,U019,58
1129011800,U020,76
1129011800,U022,34
1129011800,U023,52
1129011800,U021,82
1129011800,U024,59
1129011800,U028,15
1129011800,U027,44
1129011800,U025,104
1129011800,U029,41
1129011800,U026,86
1129011800,U030,58
1129011800,U032,68
1129011800,U031,53
1129011800,U033,63
1129011800,U034,71
1129011800,U035,58
1129011800,U036,64
1129011800,U037,70
1129011800,U038,67
1129011800,U039,58
1129011800,U040,40
1129011800,U044,31
1129011800,U041,60
1129011800,U042,45
1129011800,U045,45
1129011800,U043,67
1129011800,U046,49
1129011800,U047,62
1129011800,V001,54
1129011800,V002,37
1129011900,B001,31
1129011900,C003,51
1129011900,C001,89
1129011900,C002,68
1129011900,C005,57
1129011900,C004,57
1129011900,C007,44
1129011900,C006,76
1129011900,C009,48
1129011900,C008,45
1129011900,E001,56
1129011900,P002,50
1129011900,M001,46
1129011900,P001,81
1129011900,U002,56
1129011900,U001,32
1129011900,U004,59
1129011900,U003,50
1129011900,U005,47
1129011900,U006,52
1129011900,U007,36
1129011900,U009,38
1129011900,U011,44
1129011900,U008,46
1129011900,U010,80
1129011900,U012,44
1129011900,U013,40
1129011900,U016,58
1129011900,U015,60
1129011900,U014,71
1129011900,U018,38
1129011900,U017,59
1129011900,U019,56
1129011900,U020,73
1129011900,U021,79
1129011900,U022,32
1129011900,U023,61
1129011900,U028,28
1129011900,U027,42
1129011900,U025,102
1129011900,U029,39
1129011900,U026,83
1129011900,U030,55
1129011900,U031,50
1129011900,U033,60
1129011900,U032,65
1129011900,U024,56
1129011900,U034,68
1129011900,U036,61
1129011900,U035,55
1129011900,U038,64
1129011900,U041,58
1129011900,U039,55
1129011900,U044,28
1129011900,U042,45
1129011900,U037,67
1129011900,U045,43
1129011900,U043,64
1129011900,U046,46
1129011900,U047,59
1129011900,V001,51
1129011900,V002,34
1129011900,U040,45
1129012000,B001,31
1129012000,C001,92
1129012000,C003,54
1129012000,C002,70
1129012000,C005,55
1129012000,C004,57
1129012000,C007,46
1129012000,C006,76
1129012000,C008,48
1129012000,C009,50
1129012000,E001,58
1129012000,M001,48
1129012000,P002,52
1129012000,P001,83
1129012000,U001,33
1129012000,U002,58
1129012000,U004,61
1129012000,U003,53
1129012000,U005,49
1129012000,U006,50
1129012000,U007,39
1129012000,U009,41
1129012000,U008,49
1129012000,U010,82
1129012000,U011,45
1129012000,U012,46
1129012000,U013,41
1129012000,U015,62
1129012000,U014,73
1129012000,U016,57
1129012000,U017,61
1129012000,U018,37
1129012000,U019,59
1129012000,U020,75
1129012000,U021,81
1129012000,U022,35
1129012000,U023,60
1129012000,U024,58
1129012000,U028,27
1129012000,U027,43
1129012000,U029,41
1129012000,U025,104
1129012000,U030,58
1129012000,U026,85
1129012000,U031,51
1129012000,U033,63
1129012000,U032,67
1129012000,U035,58
1129012000,U036,63
1129012000,U034,70
1129012000,U038,66
1129012000,U037,69
1129012000,U039,57
1129012000,U040,43
1129012000,U041,49
1129012000,U044,30
1129012000,U042,47
1129012000,U045,46
1129012000,U043,66
1129012000,U046,47
1129012000,V001,53
1129012000,U047,61
1129012000,V002,36
1129012100,B001,38
1129012100,C001,83
1129012100,C003,57
1129012100,C002,76
1129012100,C004,46
1129012100,C005,66
1129012100,C006,54
1129012100,C007,52
1129012100,C008,55
1129012100,C009,49
1129012100,E001,56
1129012100,M001,45
1129012100,P001,85
1129012100,P002,49
1129012100,U002,56
1129012100,U001,38
1129012100,U003,52
1129012100,U007,26
1129012100,U005,52
1129012100,U006,43
1129012100,U004,66
1129012100,U009,47
1129012100,U008,59
1129012100,U011,49
1129012100,U010,84
1129012100,U012,52
1129012100,U013,38
1129012100,U015,59
1129012100,U014,78
1129012100,U016,64
1129012100,U018,49
1129012100,U017,62
1129012100,U019,54
1129012100,U020,74
1129012100,U022,39
1129012100,U021,87
1129012100,U023,50
1129012100,U024,55
1129012100,U028,15
1129012100,U027,48
1129012100,U025,87
1129012100,U026,85
1129012100,U029,48
1129012100,U030,59
1129012100,U031,55
1129012100,U032,72
1129012100,U033,63
1129012100,U034,69
1129012100,U035,63
1129012100,U036,62
1129012100,U040,36
1129012100,U038,72
1129012100,U037,71
1129012100,U039,60
1129012100,U041,52
1129012100,U042,41
1129012100,U044,33
1129012100,U045,48
1129012100,U043,65
1129012100,U046,46
1129012100,V001,51
1129012100,U047,60
1129012100,V002,42
1129012200,B001,35
1129012200,C003,58
1129012200,C004,44
1129012200,C002,73
1129012200,C001,81
1129012200,C005,64
1129012200,C006,51
1129012200,C008,51
1129012200,C007,52
1129012200,C009,47
1129012200,E001,53
1129012200,M001,42
1129012200,P002,46
1129012200,P001,83
1129012200,U002,53
1129012200,U001,38
1129012200,U007,24
1129012200,U004,63
1129012200,U003,49
1129012200,U006,41
1129012200,U005,49
1129012200,U009,45
1129012200,U008,56
1129012200,U011,47
1129012200,U010,81
1129012200,U012,46
1129012200,U013,36
1129012200,U016,65
1129012200,U014,79
1129012200,U015,56
1129012200,U017,59
1129012200,U018,45
1129012200,U019,52
1129012200,U020,71
1129012200,U022,36
1129012200,U021,81
1129012200,U023,47
1129012200,U028,21
1129012200,U024,52
1129012200,U027,49
1129012200,U025,84
1129012200,U026,82
1129012200,U029,48
1129012200,U030,56
1129012200,U031,53
1129012200,U033,64
1129012200,U034,66
1129012200,U032,69
1129012200,U035,64
1129012200,U036,59
1129012200,U037,68
1129012200,U038,67
1129012200,U040,34
1129012200,U039,57
1129012200,U041,49
1129012200,U044,32
1129012200,U042,39
1129012200,U043,62
1129012200,U045,45
1129012200,U046,43
1129012200,U047,57
1129012200,V001,49
1129012200,V002,42
1129012300,C003,57
1129012300,C001,82
1129012300,C004,45
1129012300,C002,75
1129012300,B001,38
1129012300,C006,52
1129012300,C005,63
1129012300,C007,53
1129012300,C008,52
1129012300,C009,48
1129012300,M001,43
1129012300,P002,47
1129012300,E001,55
1129012300,P001,84
1129012300,U002,55
1129012300,U003,50
1129012300,U004,64
1129012300,U005,50
1129012300,U007,27
1129012300,U006,42
1129012300,U009,54
1129012300,U008,57
1129012300,U001,38
1129012300,U010,82
1129012300,U011,48
1129012300,U012,47
1129012300,U013,37
1129012300,U015,57
1129012300,U014,78
1129012300,U016,64
1129012300,U018,49
1129012300,U017,60
1129012300,U019,53
1129012300,U020,72
1129012300,U022,40
1129012300,U023,48
1129012300,U021,82
1129012300,U024,53
1129012300,U028,27
1129012300,U025,85
1129012300,U027,48
1129012300,U026,83
1129012300,U030,57
1129012300,U029,50
1129012300,U031,54
1129012300,U032,70
1129012300,U033,63
1129012300,U034,67
1129012300,U035,63
1129012300,U036,60
1129012300,U040,35
1129012300,U038,68
1129012300,U037,69
1129012300,U039,58
1129012300,U044,36
1129012300,U041,50
1129012300,U042,40
1129012300,U045,46
1129012300,U043,63
1129012300,U046,44
1129012300,V001,50
1129012300,U047,58
1129012300,V002,43
1129012400,C004,45
1129012400,C003,59
1129012400,C001,78
1129012400,C002,79
1129012400,B001,29
1129012400,C005,68
1129012400,C006,68
1129012400,C007,50
1129012400,C008,54
1129012400,C009,44
1129012400,M001,49
1129012400,E001,70
1129012400,P001,88
1129012400,P002,49
1129012400,U002,61
1129012400,U003,53
1129012400,U004,64
1129012400,U005,55
1129012400,U006,40
1129012400,U007,27
1129012400,U009,48
1129012400,U001,40
1129012400,U008,58
1129012400,U011,62
1129012400,U010,86
1129012400,U012,49
1129012400,U013,42
1129012400,U014,79
1129012400,U015,56
1129012400,U016,61
1129012400,U018,49
1129012400,U017,78
1129012400,U019,52
1129012400,U022,41
1129012400,U020,74
1129012400,U023,47
1129012400,U021,82
1129012400,U024,52
1129012400,U027,50
1129012400,U025,85
1129012400,U026,83
1129012400,U029,48
1129012400,U030,46
1129012400,U031,53
1129012400,U033,65
1129012400,U032,72
1129012400,U034,67
1129012400,U028,29
1129012400,U035,64
1129012400,U036,60
1129012400,U037,70
1129012400,U038,67
1129012400,U040,33
1129012400,U039,59
1129012400,U041,63
1129012400,U042,38
1129012400,U043,70
1129012400,U045,57
1129012400,U046,50
1129012400,U047,59
1129012400,U044,37
1129012400,V001,68
1129012400,V002,37
1129012500,B001,42
1129012500,C001,81
1129012500,C003,62
1129012500,C004,43
1129012500,C002,74
1129012500,C005,62
1129012500,C007,54
1129012500,C006,48
1129012500,C008,48
1129012500,C009,50
1129012500,E001,54
1129012500,M001,40
1129012500,P002,47
1129012500,U001,45
1129012500,P001,83
1129012500,U002,54
1129012500,U004,60
1129012500,U003,50
1129012500,U006,40
1129012500,U007,15
1129012500,U005,50
1129012500,U009,51
1129012500,U008,42
1129012500,U011,50
1129012500,U010,82
1129012500,U012,47
1129012500,U013,33
1129012500,U015,53
1129012500,U014,74
1129012500,U016,61
1129012500,U017,60
1129012500,U018,56
1129012500,U019,49
1129012500,U020,72
1129012500,U023,45
1129012500,U022,43
1129012500,U021,82
1129012500,U024,50
1129012500,U028,29
1129012500,U025,85
1129012500,U027,57
1129012500,U026,83
1129012500,U029,51
1129012500,U030,54
1129012500,U031,53
1129012500,U032,70
1129012500,U034,67
1129012500,U035,61
1129012500,U033,68
1129012500,U036,60
1129012500,U040,33
1129012500,U039,58
1129012500,U038,67
1129012500,U037,69
1129012500,U042,38
1129012500,U044,36
1129012500,U041,46
1129012500,U045,48
1129012500,U043,63
1129012500,U047,58
1129012500,U046,44
1129012500,V001,49
1129012500,V002,52
1129012600,B001,37
1129012600,C003,54
1129012600,C002,73
1129012600,C001,80
1129012600,C004,44
1129012600,C005,63
1129012600,C006,51
1129012600,C007,51
1129012600,C008,51
1129012600,C009,43
1129012600,M001,42
1129012600,E001,53
1129012600,P002,46
1129012600,P001,82
1129012600,U002,53
1129012600,U004,63
1129012600,U003,49
1129012600,U005,49
1129012600,U007,30
1129012600,U001,35
1129012600,U006,45
1129012600,U009,43
1129012600,U008,45
1129012600,U011,46
1129012600,U010,81
1129012600,U012,46
1129012600,U013,35
1129012600,U014,74
1129012600,U015,56
1129012600,U016,61
1129012600,U018,49
1129012600,U017,59
1129012600,U019,51
1129012600,U020,71
1129012600,U022,37
1129012600,U021,81
1129012600,U023,48
1129012600,U024,52
1129012600,U028,30
1129012600,U025,84
1129012600,U027,45
1129012600,U029,45
1129012600,U026,82
1129012600,U030,49
1129012600,U031,52
1129012600,U032,69
1129012600,U033,60
1129012600,U034,66
1129012600,U035,60
1129012600,U036,59
1129012600,U037,68
1129012600,U040,38
1129012600,U038,66
1129012600,U039,57
1129012600,U041,49
1129012600,U044,35
1129012600,U042,43
1129012600,U045,45
1129012600,U043,62
1129012600,U046,43
1129012600,U047,57
1129012600,V001,48
1129012600,V002,41
1129012700,B001,38
1129012700,C002,74
1129012700,C003,57
1129012700,C001,81
1129012700,C004,42
1129012700,C006,58
1129012700,C007,50
1129012700,C005,62
1129012700,C008,51
1129012700,C009,41
1129012700,M001,42
1129012700,E001,54
1129012700,P002,46
1129012700,P001,83
1129012700,U002,54
1129012700,U003,51
1129012700,U004,57
1129012700,U005,49
1129012700,U007,32
1129012700,U001,38
1129012700,U006,47
1129012700,U009,41
1129012700,U008,45
1129012700,U011,47
1129012700,U010,81
1129012700,U012,46
1129012700,U013,36
1129012700,U015,56
1129012700,U014,77
1129012700,U016,62
1129012700,U018,50
1129012700,U017,59
1129012700,U019,52
1129012700,U020,71
1129012700,U023,46
1129012700,U021,81
1129012700,U024,53
1129012700,U022,39
1129012700,U025,80
1129012700,U028,33
1129012700,U027,48
1129012700,U026,79
1129012700,U029,49
1129012700,U030,47
1129012700,U033,63
1129012700,U031,53
1129012700,U032,69
1129012700,U034,66
1129012700,U035,62
1129012700,U036,60
1129012700,U038,67
1129012700,U037,69
1129012700,U039,57
1129012700,U040,40
1129012700,U041,49
1129012700,U044,33
1129012700,U042,45
1129012700,U043,63
1129012700,U045,45
1129012700,U046,43
1129012700,U047,57
1129012700,V001,49
1129012700,V002,38
1129012800,C003,62
1129012800,C001,83
1129012800,B001,38
1129012800,C004,50
1129012800,C002,76
1129012800,C005,67
1129012800,C006,56
1129012800,C007,51
1129012800,C009,49
1129012800,C008,54
1129012800,E001,56
1129012800,M001,48
1129012800,P002,48
1129012800,P001,85
1129012800,U003,51
1129012800,U004,59
1129012800,U005,51
1129012800,U001,43
1129012800,U002,56
1129012800,U006,52
1129012800,U007,36
1129012800,U009,47
1129012800,U008,50
1129012800,U010,83
1129012800,U012,48
1129012800,U011,52
1129012800,U013,41
1129012800,U015,61
1129012800,U016,70
1129012800,U014,83
1129012800,U017,61
1129012800,U018,56
1129012800,U019,57
1129012800,U020,73
1129012800,U023,54
1129012800,U021,83
1129012800,U024,58
1129012800,U027,53
1129012800,U025,86
1129012800,U026,84
1129012800,U022,42
1129012800,U028,39
1129012800,U029,54
1129012800,U030,56
1129012800,U031,55
1129012800,U032,71
1129012800,U033,68
1129012800,U034,68
1129012800,U036,61
1129012800,U035,68
1129012800,U037,70
1129012800,U038,69
1129012800,U039,59
1129012800,U044,26
1129012800,U040,45
1129012800,U041,55
1129012800,U042,50
1129012800,U043,65
1129012800,U045,50
1129012800,U046,45
1129012800,U047,59
1129012800,V001,51
1129012800,V002,41
1129012900,C001,76
1129012900,C002,75
1129012900,C003,55
1129012900,C004,42
1129012900,B001,34
1129012900,C006,58
1129012900,C007,52
1129012900,C008,53
1129012900,C005,64
1129012900,C009,42
1129012900,E001,73
1129012900,M001,52
1129012900,P002,45
1129012900,P001,86
1129012900,U002,52
1129012900,U004,60
1129012900,U003,56
1129012900,U005,56
1129012900,U007,30
1129012900,U009,51
1129012900,U006,42
1129012900,U008,50
1129012900,U001,36
1129012900,U012,52
1129012900,U010,80
1129012900,U011,52
1129012900,U013,44
1129012900,U015,55
1129012900,U018,46
1129012900,U016,62
1129012900,U014,75
1129012900,U017,58
1129012900,U019,50
1129012900,U022,38
1129012900,U020,70
1129012900,U023,46
1129012900,U021,96
1129012900,U024,51
1129012900,U027,46
1129012900,U025,83
1129012900,U026,81
1129012900,U029,46
1129012900,U030,50
1129012900,U031,51
1129012900,U028,31
1129012900,U032,70
1129012900,U033,61
1129012900,U034,65
1129012900,U036,64
1129012900,U035,61
1129012900,U037,68
1129012900,U039,64
1129012900,U038,76
1129012900,U040,36
1129012900,U041,48
1129012900,U042,40
1129012900,U044,32
1129012900,U045,53
1129012900,U043,61
1129012900,U046,42
1129012900,U047,56
1129012900,V001,61
1129012900,V002,38
1129013000,B001,33
1129013000,C001,77
1129013000,C003,55
1129013000,C002,70
1129013000,C004,46
1129013000,C005,59
1129013000,C006,47
1129013000,C007,48
1129013000,C009,43
1129013000,C008,47
1129013000,E001,50
1129013000,M001,39
1129013000,P002,43
1129013000,P001,79
1129013000,U002,50
1129013000,U001,36
1129013000,U003,45
1129013000,U007,28
1129013000,U004,59
1129013000,U005,46
1129013000,U006,43
1129013000,U009,38
1129013000,U008,41
1129013000,U011,43
1129013000,U010,77
1129013000,U012,43
1129013000,U013,32
1129013000,U016,62
1129013000,U015,52
1129013000,U014,76
1129013000,U017,55
1129013000,U018,44
1129013000,U019,48
1129013000,U022,35
1129013000,U020,67
1129013000,U021,78
1129013000,U023,49
1129013000,U028,15
1129013000,U024,49
1129013000,U027,46
1129013000,U025,80
1129013000,U026,79
1129013000,U029,44
1129013000,U030,53
1129013000,U031,49
1129013000,U033,61
1129013000,U034,62
1129013000,U035,61
1129013000,U032,65
1129013000,U036,56
1129013000,U038,63
1129013000,U040,36
1129013000,U039,54
1129013000,U037,65
1129013000,U041,45
1129013000,U044,32
1129013000,U042,41
1129013000,U043,59
1129013000,U045,41
1129013000,U046,40
1129013000,U047,53
1129013000,V001,45
1129013000,V002,38
1129013100,B001,33
1129013100,C001,78
1129013100,C003,55
1129013100,C004,45
1129013100,C002,71
1129013100,C005,59
1129013100,C007,49
1129013100,C008,48
1129013100,C009,44
1129013100,C006,48
1129013100,E001,51
1129013100,M001,40
1129013100,P002,44
1129013100,P001,80
1129013100,U002,51
1129013100,U001,35
1129013100,U004,60
1129013100,U003,46
1129013100,U005,47
1129013100,U007,28
1129013100,U006,45
1129013100,U009,39
1129013100,U011,44
1129013100,U012,44
1129013100,U010,78
1129013100,U008,42
1129013100,U013,33
1129013100,U015,53
1129013100,U016,61
1129013100,U014,75
1129013100,U018,45
1129013100,U017,56
1129013100,U019,49
1129013100,U020,68
1129013100,U023,49
1129013100,U021,79
1129013100,U022,34
1129013100,U024,50
1129013100,U028,15
1129013100,U027,45
1129013100,U025,81
1129013100,U026,80
1129013100,U029,44
1129013100,U030,54
1129013100,U031,50
1129013100,U033,61
1129013100,U032,66
1129013100,U034,63
1129013100,U035,60
1129013100,U036,57
1129013100,U038,64
1129013100,U037,66
1129013100,U039,55
1129013100,U040,38
1129013100,U044,29
1129013100,U041,46
1129013100,U042,43
1129013100,U043,60
1129013100,U045,42
1129013100,U046,41
1129013100,U047,54
1129013100,V001,46
1129013100,V002,39
1129013200,B001,36
1129013200,C001,79
1129013200,C003,58
1129013200,C002,72
1129013200,C004,48
1129013200,C005,61
1129013200,C006,50
1129013200,C007,50
1129013200,C009,45
1129013200,C008,50
1129013200,E001,52
1129013200,U001,39
1129013200,M001,41
1129013200,P002,45
1129013200,P001,81
1129013200,U002,52
1129013200,U003,48
1129013200,U004,62
1129013200,U006,46
1129013200,U005,48
1129013200,U007,29
1129013200,U009,40
1129013200,U008,44
1129013200,U012,45
1129013200,U011,45
1129013200,U013,34
1129013200,U014,78
1129013200,U015,55
1129013200,U016,59
1129013200,U017,58
1129013200,U019,50
1129013200,U020,70
1129013200,U018,48
1129013200,U010,80
1129013200,U021,80
1129013200,U023,51
1129013200,U024,51
1129013200,U028,32
1129013200,U022,37
1129013200,U025,83
1129013200,U027,49
1129013200,U026,81
1129013200,U030,55
1129013200,U029,47
1129013200,U033,64
1129013200,U031,51
1129013200,U032,68
1129013200,U034,65
1129013200,U035,64
1129013200,U036,58
1129013200,U037,67
1129013200,U038,65
1129013200,U040,39
1129013200,U039,56
1129013200,U044,28
1129013200,U041,48
1129013200,U042,44
1129013200,U043,61
1129013200,U045,43
1129013200,U046,42
1129013200,V001,47
1129013200,U047,56
1129013300,B001,52
1129013200,V002,40
1129013300,C002,72
1129013300,C003,71
1129013300,C001,93
1129013300,C005,57
1129013300,C004,67
1129013300,C007,61
1129013300,C008,62
1129013300,C006,87
1129013300,C009,60
1129013300,E001,70
1129013300,M001,62
1129013300,U001,53
1129013300,P002,62
1129013300,P001,113
1129013300,U002,89
1129013300,U003,69
1129013300,U005,76
1129013300,U004,89
1129013300,U006,69
1129013300,U007,55
1129013300,U009,32
1129013300,U011,47
1129013300,U008,66
1129013300,U012,61
1129013300,U013,54
1129013300,U010,111
1129013300,U018,35
1129013300,U016,55
1129013300,U015,72
1129013300,U014,76
1129013300,U017,92
1129013300,U019,68
1129013300,U021,103
1129013300,U020,71
1129013300,U022,55
1129013300,U023,64
1129013300,U024,69
1129013300,U027,63
1129013300,U025,100
1129013300,U026,98
1129013300,U028,49
1129013300,U029,53
1129013300,U030,78
1129013300,U031,67
1129013300,U033,79
1129013300,U034,82
1129013300,U032,89
1129013300,U035,77
1129013300,U036,89
1129013300,U039,85
1129013300,U037,85
1129013300,U038,81
1129013300,U040,62
1129013300,U041,66
1129013300,U042,57
1129013300,U044,49
1129013300,U045,45
1129013300,U043,79
1129013300,U046,76
1129013300,V001,87
1129013300,U047,73
1129013300,V002,51
1129013400,B001,36
1129013400,C003,56
1129013400,C001,100
1129013400,C005,58
1129013400,C004,55
1129013400,C002,73
1129013400,C006,74
1129013400,C007,51
1129013400,C008,49
1129013400,C009,60
1129013400,E001,63
1129013400,M001,51
1129013400,U001,37
1129013400,P002,58
1129013400,P001,89
1129013400,U002,63
1129013400,U003,55
1129013400,U005,55
1129013400,U006,57
1129013400,U004,67
1129013400,U007,42
1129013400,U009,38
1129013400,U008,49
1129013400,U011,43
1129013400,U010,87
1129013400,U012,52
1129013400,U015,68
1129013400,U013,43
1129013400,U016,60
1129013400,U014,77
1129013400,U017,66
1129013400,U018,36
1129013400,U019,60
1129013400,U020,81
1129013400,U022,37
1129013400,U023,56
1129013400,U021,86
1129013400,U024,72
1129013400,U027,47
1129013400,U025,93
1129013400,U029,42
1129013400,U026,91
1129013400,U028,33
1129013400,U030,65
1129013400,U034,76
1129013400,U031,57
1129013400,U033,62
1129013400,U032,73
1129013400,U035,66
1129013400,U036,69
1129013400,U038,72
1129013400,U037,75
1129013400,U039,63
1129013400,U040,50
1129013400,U041,49
1129013400,U042,55
1129013400,U043,72
1129013400,U044,33
1129013400,U045,36
1129013400,U046,53
1129013400,U047,67
1129013400,V002,41
1129013400,V001,59
1129013500,B001,41
1129013500,C004,44
1129013500,C001,86
1129013500,C003,67
1129013500,C005,61
1129013500,C002,84
1129013500,C006,65
1129013500,C008,47
1129013500,C007,62
1129013500,C009,54
1129013500,E001,83
1129013500,M001,43
1129013500,P002,53
1129013500,P001,89
1129013500,U001,51
1129013500,U002,60
1129013500,U004,57
1129013500,U003,65
1129013500,U007,26
1129013500,U005,67
1129013500,U009,42
1129013500,U008,49
1129013500,U011,56
1129013500,U010,85
1129013500,U006,42
1129013500,U013,35
1129013500,U012,61
1129013500,U015,60
1129013500,U016,63
1129013500,U014,88
1129013500,U017,66
1129013500,U018,42
1129013500,U019,56
1129013500,U020,78
1129013500,U023,45
1129013500,U022,48
1129013500,U021,92
1129013500,U024,57
1129013500,U027,58
1129013500,U028,38
1129013500,U025,93
1129013500,U026,91
1129013500,U029,41
1129013500,U030,50
1129013500,U031,59
1129013500,U032,76
1129013500,U033,73
1129013500,U034,74
1129013500,U035,72
1129013500,U036,64
1129013500,U040,34
1129013500,U038,77
1129013500,U037,78
1129013500,U039,72
1129013500,U042,39
1129013500,U041,56
1129013500,U045,54
1129013500,U043,66
1129013500,U044,44
1129013500,U047,64
1129013500,U046,52
1129013500,V001,62
1129013600,B001,45
1129013500,V002,49
1129013600,C003,63
1129013600,C005,61
1129013600,C001,86
1129013600,C002,79
1129013600,C004,50
1129013600,C006,45
1129013600,C008,46
1129013600,C007,58
1129013600,C009,55
1129013600,M001,33
1129013600,E001,59
1129013600,U001,48
1129013600,P002,51
1129013600,P001,88
1129013600,U002,59
1129013600,U003,54
1129013600,U007,32
1129013600,U004,57
1129013600,U005,54
1129013600,U009,41
1129013600,U006,51
1129013600,U008,39
1129013600,U013,18
1129013600,U012,51
1129013600,U015,50
1129013600,U010,86
1129013600,U011,53
1129013600,U014,79
1129013600,U016,63
1129013600,U018,42
1129013600,U017,64
1129013600,U019,46
1129013600,U020,76
1129013600,U022,50
1129013600,U024,47
1129013600,U021,86
1129013600,U023,56
1129013600,U025,89
1129013600,U027,58
1129013600,U028,44
1129013600,U029,40
1129013600,U026,88
1129013600,U030,50
1129013600,U031,58
1129013600,U034,71
1129013600,U033,74
1129013600,U032,78
1129013600,U035,66
1129013600,U036,65
1129013600,U040,40
1129013600,U038,72
1129013600,U039,62
1129013600,U037,74
1129013600,U042,38
1129013600,U041,43
1129013600,U043,68
1129013600,U045,45
1129013600,U044,41
1129013600,U046,48
1129013600,U047,62
1129013600,V001,64
1129013600,V002,49
1129013700,B001,46
1129013700,C003,63
1129013700,C004,46
1129013700,C001,86
1129013700,C002,79
1129013700,C005,66
1129013700,C006,42
1129013700,C008,42
1129013700,M001,30
1129013700,C009,55
1129013700,C007,59
1129013700,E001,59
1129013700,P002,51
1129013700,U001,60
1129013700,U002,59
1129013700,P001,88
1129013700,U006,38
1129013700,U003,54
1129013700,U004,54
1129013700,U007,35
1129013700,U008,36
1129013700,U005,54
1129013700,U009,47
1129013700,U013,15
1129013700,U011,58
1129013700,U012,52
1129013700,U010,86
1129013700,U015,47
1129013700,U014,79
1129013700,U016,66
1129013700,U018,41
1129013700,U017,64
1129013700,U019,43
1129013700,U020,76
1129013700,U023,52
1129013700,U021,87
1129013700,U024,43
1129013700,U022,47
1129013700,U028,37
1129013700,U027,58
1129013700,U025,89
1129013700,U029,45
1129013700,U026,88
1129013700,U030,47
1129013700,U033,74
1129013700,U031,58
1129013700,U032,75
1129013700,U034,71
1129013700,U036,65
1129013700,U035,66
1129013700,U037,74
1129013700,U040,39
1129013700,U039,62
1129013700,U038,74
1129013700,U042,34
1129013700,U041,40
1129013700,U043,68
1129013700,U044,41
1129013700,U045,53
1129013700,U046,48
1129013700,U047,62
1129013700,V001,60
1129013800,B001,51
1129013700,V002,56
1129013800,C003,71
1129013800,C002,83
1129013800,C001,90
1129013800,C004,48
1129013800,C005,67
1129013800,C008,33
1129013800,C006,43
1129013800,C007,66
1129013800,C009,60
1129013800,M001,29
1129013800,E001,64
1129013800,P002,57
1129013800,U001,52
1129013800,P001,93
1129013800,U002,64
1129013800,U003,70
1129013800,U004,56
1129013800,U008,26
1129013800,U006,44
1129013800,U005,60
1129013800,U007,47
1129013800,U009,48
1129013800,U013,30
1129013800,U011,57
1129013800,U012,57
1129013800,U010,97
1129013800,U015,57
1129013800,U014,91
1129013800,U016,69
1129013800,U018,54
1129013800,U017,70
1129013800,U019,43
1129013800,U024,54
1129013800,U023,50
1129013800,U022,54
1129013800,U021,102
1129013800,U020,82
1129013800,U027,62
1129013800,U025,98
1129013800,U028,48
1129013800,U029,44
1129013800,U026,97
1129013800,U030,49
1129013800,U033,77
1129013800,U032,77
1129013800,U031,63
1129013800,U034,77
1129013800,U035,75
1129013800,U036,70
1129013800,U038,74
1129013800,U037,79
1129013800,U039,68
1129013800,U040,44
1129013800,U042,32
1129013800,U041,44
1129013800,U043,73
1129013800,U045,57
1129013800,U044,48
1129013800,U046,54
1129013800,U047,68
1129013800,V001,51
1129013900,B001,56
1129013800,V002,56
1129013900,C003,70
1129013900,C004,43
1129013900,C002,86
1129013900,C001,93
1129013900,C005,83
1129013900,C006,53
1129013900,C008,40
1129013900,C007,66
1129013900,M001,24
1129013900,E001,66
1129013900,C009,61
1129013900,P001,95
1129013900,P002,59
1129013900,U001,60
1129013900,U002,66
1129013900,U003,61
1129013900,U004,58
1129013900,U008,33
1129013900,U007,40
1129013900,U005,62
1129013900,U009,64
1129013900,U006,39
1129013900,U012,59
1129013900,U011,66
1129013900,U013,31
1129013900,U010,93
1129013900,U015,50
1129013900,U014,86
1129013900,U016,73
1129013900,U017,71
1129013900,U018,54
1129013900,U019,42
1129013900,U023,44
1129013900,U022,54
1129013900,U021,94
1129013900,U024,47
1129013900,U020,83
1129013900,U029,53
1129013900,U028,44
1129013900,U027,71
1129013900,U025,96
1129013900,U026,95
1129013900,U030,51
1129013900,U033,81
1129013900,U032,79
1129013900,U034,78
1129013900,U031,65
1129013900,U035,73
1129013900,U036,72
1129013900,U037,81
1129013900,U039,70
1129013900,U038,77
1129013900,U040,38
1129013900,U041,45
1129013900,U042,26
1129013900,U043,75
1129013900,U044,48
1129013900,U045,61
1129013900,U046,56
1129013900,U047,69
1129013900,V001,49
1129013900,V002,63
1130510100,B001,45
1130510100,C002,84
1130510100,C001,88
1130510100,C003,66
1130510100,C005,57
1130510100,C004,56
1130510100,C006,80
1130510100,C007,56
1130510100,C008,51
1130510100,C009,55
1130510100,E001,64
1130510100,M001,59
1130510100,P001,93
1130510100,P002,57
1130510100,U001,46
1130510100,U002,66
1130510100,U003,65
1130510100,U004,73
1130510100,U005,59
1130510100,U006,57
1130510100,U007,41
1130510100,U009,38
1130510100,U011,34
1130510100,U008,50
1130510100,U010,97
1130510100,U012,56
1130510100,U013,41
1130510100,U018,36
1130510100,U015,67
1130510100,U014,86
1130510100,U016,59
1130510100,U017,70
1130510100,U022,46
1130510100,U019,62
1130510100,U020,82
1130510100,U023,66
1130510100,U021,91
1130510100,U024,63
1130510100,U027,56
1130510100,U025,94
1130510100,U029,33
1130510100,U028,40
1130510100,U026,93
1130510100,U030,62
1130510100,U033,72
1130510100,U031,61
1130510100,U034,77
1130510100,U032,77
1130510100,U035,70
1130510100,U036,70
1130510100,U037,79
1130510100,U038,76
1130510100,U039,67
1130510100,U040,50
1130510100,U041,52
1130510100,U042,52
1130510100,U045,27
1130510100,U043,73
1130510100,U044,43
1130510100,U046,54
1130510100,V001,65
1130510100,V002,45
1130510100,U047,68
1130510200,B001,45
1130510200,C003,73
1130510200,C005,69
1130510200,C004,63
1130510200,C001,111
1130510200,C002,85
1130510200,C008,38
1130510200,C006,73
1130510200,C007,60
1130510200,C009,81
1130510200,E001,72
1130510200,M001,46
1130510200,U001,48
1130510200,P002,76
1130510200,P001,97
1130510200,U002,72
1130510200,U003,63
1130510200,U006,62
1130510200,U004,73
1130510200,U005,63
1130510200,U007,47
1130510200,U008,42
1130510200,U009,50
1130510200,U011,43
1130510200,U012,60
1130510200,U010,96
1130510200,U013,50
1130510200,U015,65
1130510200,U014,81
1130510200,U016,71
1130510200,U018,51
1130510200,U017,75
1130510200,U019,57
1130510200,U022,47
1130510200,U021,95
1130510200,U020,89
1130510200,U024,62
1130510200,U023,66
1130510200,U029,33
1130510200,U027,66
1130510200,U025,101
1130510200,U028,53
1130510200,U026,99
1130510200,U030,68
1130510200,U031,65
1130510200,U033,82
1130510200,U034,84
1130510200,U032,81
1130510200,U035,77
1130510200,U036,77
1130510200,U037,83
1130510200,U038,80
1130510200,U040,61
1130510200,U039,71
1130510200,U041,40
1130510200,U042,48
1130510200,U045,32
1130510200,U044,47
1130510200,U043,80
1130510200,U046,62
1130510200,U047,75
1130510200,V002,50
1130510300,B001,52
1130510200,V001,84
1130510300,C001,100
1130510300,C003,85
1130510300,C005,78
1130510300,C004,66
1130510300,C002,93
1130510300,C006,69
1130510300,C007,66
1130510300,C008,57
1130510300,C009,66
1130510300,E001,78
1130510300,M001,68
1130510300,P001,103
1130510300,P002,69
1130510300,U001,54
1130510300,U002,78
1130510300,U003,69
1130510300,U004,81
1130510300,U006,65
1130510300,U005,69
1130510300,U011,37
1130510300,U007,56
1130510300,U009,58
1130510300,U008,59
1130510300,U010,102
1130510300,U012,66
1130510300,U013,59
1130510300,U015,75
1130510300,U014,88
1130510300,U016,80
1130510300,U018,53
1130510300,U017,81
1130510300,U019,69
1130510300,U020,94
1130510300,U021,101
1130510300,U022,53
1130510300,U023,79
1130510300,U024,73
1130510300,U027,77
1130510300,U029,38
1130510300,U025,106
1130510300,U026,104
1130510300,U028,52
1130510300,U030,75
1130510300,U031,72
1130510300,U034,91
1130510300,U032,87
1130510300,U033,94
1130510300,U035,89
1130510300,U036,83
1130510300,U038,86
1130510300,U039,77
1130510300,U037,90
1130510300,U040,64
1130510300,U041,52
1130510300,U045,24
1130510300,U042,58
1130510300,U043,86
1130510300,U044,54
1130510300,U046,68
1130510300,U047,79
1130510400,B001,70
1130510300,V001,73
1130510300,V002,56
1130510400,C004,84
1130510400,C003,95
1130510400,C005,101
1130510400,C001,117
1130510400,C002,116
1130510400,C006,88
1130510400,C007,84
1130510400,C008,89
1130510400,C009,83
1130510400,E001,93
1130510400,P002,86
1130510400,M001,90
1130510400,P001,122
1130510400,U001,72
1130510400,U002,94
1130510400,U004,100
1130510400,U003,94
1130510400,U007,80
1130510400,U005,87
1130510400,U006,82
1130510400,U011,44
1130510400,U009,81
1130510400,U008,86
1130510400,U012,84
1130510400,U013,81
1130510400,U010,126
1130510400,U015,96
1130510400,U014,120
1130510400,U016,103
1130510400,U018,70
1130510400,U017,98
1130510400,U019,85
1130510400,U020,111
1130510400,U021,119
1130510400,U022,71
1130510400,U023,88
1130510400,U024,93
1130510400,U027,85
1130510400,U025,123
1130510400,U026,121
1130510400,U029,60
1130510400,U028,69
1130510400,U030,91
1130510400,U033,103
1130510400,U031,90
1130510400,U032,105
1130510400,U034,105
1130510400,U035,99
1130510400,U037,108
1130510400,U038,105
1130510400,U036,99
1130510400,U039,95
1130510400,U040,81
1130510400,U041,69
1130510400,U042,93
1130510400,U043,102
1130510400,U044,78
1130510400,U045,52
1130510400,U046,83
1130510400,V001,93
1130510400,U047,96
1130510400,V002,74
1132010500,B001,53
1132010500,C003,88
1132010500,C005,81
1132010500,C002,92
1132010500,C004,63
1132010500,C001,102
1132010500,C006,68
1132010500,C008,61
1132010500,C007,68
1132010500,E001,80
1132010500,C009,76
1132010500,M001,71
1132010500,U001,55
1132010500,P002,78
1132010500,P001,105
1132010500,U002,80
1132010500,U003,71
1132010500,U004,83
1132010500,U007,60
1132010500,U005,71
1132010500,U006,61
1132010500,U011,28
1132010500,U009,61
1132010500,U012,68
1132010500,U008,52
1132010500,U010,103
1132010500,U013,62
1132010500,U016,83
1132010500,U014,91
1132010500,U015,73
1132010500,U018,67
1132010500,U017,82
1132010500,U019,70
1132010500,U021,103
1132010500,U022,55
1132010500,U020,97
1132010500,U023,67
1132010500,U024,74
1132010500,U027,77
1132010500,U025,109
1132010500,U028,56
1132010500,U029,41
1132010500,U026,107
1132010500,U030,76
1132010500,U031,73
1132010500,U033,97
1132010500,U032,89
1132010500,U034,92
1132010500,U035,92
1132010500,U036,85
1132010500,U037,91
1132010500,U038,88
1132010500,U039,79
1132010500,U040,84
1132010500,U041,50
1132010500,U042,55
1132010500,U045,42
1132010500,U044,55
1132010500,U043,88
1132010500,U046,69
1132010500,V001,75
1132010500,U047,83
1132010500,V002,57
1132010600,B001,53
1132010600,C003,92
1132010600,C005,87
1132010600,C004,62
1132010600,C001,102
1132010600,C002,92
1132010600,C006,65
1132010600,C008,65
1132010600,C007,68
1132010600,C009,76
1132010600,E001,80
1132010600,M001,77
1132010600,P002,78
1132010600,U001,56
1132010600,P001,105
1132010600,U002,80
1132010600,U003,71
1132010600,U004,77
1132010600,U006,60
1132010600,U005,71
1132010600,U007,70
1132010600,U009,67
1132010600,U011,36
1132010600,U008,51
1132010600,U012,68
1132010600,U010,104
1132010600,U013,66
1132010600,U014,89
1132010600,U016,89
1132010600,U015,72
1132010600,U018,59
1132010600,U017,83
1132010600,U019,62
1132010600,U020,97
1132010600,U022,55
1132010600,U021,103
1132010600,U023,66
1132010600,U024,69
1132010600,U025,109
1132010600,U029,48
1132010600,U027,54
1132010600,U028,56
1132010600,U026,107
1132010600,U030,70
1132010600,U031,73
1132010600,U032,89
1132010600,U034,92
1132010600,U035,96
1132010600,U036,104
1132010600,U037,91
1132010600,U038,88
1132010600,U039,79
1132010600,U041,45
1132010600,U040,75
1132010600,U042,54
1132010600,U043,88
1132010600,U045,51
1132010600,U044,55
1132010600,U046,69
1132010600,V001,83
1132010600,U033,69
1132010600,U047,83
1132010600,V002,58
1132010700,B001,57
1132010700,C003,90
1132010700,C001,104
1132010700,C004,58
1132010700,C002,99
1132010700,C005,86
1132010700,C008,47
1132010700,C006,57
1132010700,C007,71
1132010700,C009,72
1132010700,E001,83
1132010700,M001,58
1132010700,P002,77
1132010700,P001,114
1132010700,U001,71
1132010700,U003,79
1132010700,U002,81
1132010700,U004,69
1132010700,U005,79
1132010700,U006,56
1132010700,U007,64
1132010700,U008,47
1132010700,U009,66
1132010700,U011,48
1132010700,U010,112
1132010700,U012,71
1132010700,U013,57
1132010700,U015,68
1132010700,U016,88
1132010700,U014,100
1132010700,U018,72
1132010700,U017,88
1132010700,U019,60
1132010700,U022,72
1132010700,U023,62
1132010700,U024,64
1132010700,U021,106
1132010700,U020,102
1132010700,U027,81
1132010700,U029,46
1132010700,U028,67
1132010700,U025,111
1132010700,U026,109
1132010700,U030,62
1132010700,U031,77
1132010700,U033,96
1132010700,U034,89
1132010700,U032,90
1132010700,U035,94
1132010700,U036,75
1132010700,U037,96
1132010700,U038,89
1132010700,U039,84
1132010700,U041,36
1132010700,U040,62
1132010700,U042,50
1132010700,U043,78
1132010700,U045,44
1132010700,U044,67
1132010700,U046,73
1132010700,V001,75
1132010700,U047,88
1132010800,B001,74
1132010700,V002,61
1132010800,C001,119
1132010800,C003,108
1132010800,C004,73
1132010800,C005,105
1132010800,C002,113
1132010800,C006,74
1132010800,C008,61
1132010800,C007,88
1132010800,C009,87
1132010800,E001,100
1132010800,M001,73
1132010800,U001,76
1132010800,P001,126
1132010800,P002,93
1132010800,U002,100
1132010800,U003,91
1132010800,U004,99
1132010800,U005,92
1132010800,U006,71
1132010800,U007,88
1132010800,U008,62
1132010800,U009,85
1132010800,U011,66
1132010800,U012,89
1132010800,U010,124
1132010800,U013,83
1132010800,U015,83
1132010800,U014,110
1132010800,U016,107
1132010800,U018,91
1132010800,U017,103
1132010800,U019,75
1132010800,U021,123
1132010800,U020,118
1132010800,U022,76
1132010800,U024,79
1132010800,U023,77
1132010800,U029,65
1132010800,U025,126
1132010800,U028,86
1132010800,U027,75
1132010800,U026,124
1132010800,U030,73
1132010800,U033,118
1132010800,U034,113
1132010800,U031,94
1132010800,U032,110
1132010800,U036,92
1132010800,U035,113
1132010800,U037,111
1132010800,U038,109
1132010800,U039,100
1132010800,U041,59
1132010800,U040,77
1132010800,U042,65
1132010800,U043,95
1132010800,U044,76
1132010800,U045,66
1132010800,U046,90
1132010800,V001,120
1132010800,U047,104
1132010800,V002,78
1135010200,B001,53
1135010200,C001,95
1135010200,C003,73
1135010200,C004,49
1135010200,C002,85
1135010200,C008,15
1135010200,C006,50
1135010200,C005,70
1135010200,C007,69
1135010200,C009,63
1135010200,E001,75
1135010200,M001,42
1135010200,P002,68
1135010200,P001,104
1135010200,U001,54
1135010200,U003,72
1135010200,U002,74
1135010200,U004,62
1135010200,U006,57
1135010200,U008,28
1135010200,U005,71
1135010200,U007,48
1135010200,U009,50
1135010200,U011,49
1135010200,U010,103
1135010200,U012,69
1135010200,U013,48
1135010200,U015,55
1135010200,U014,94
1135010200,U018,56
1135010200,U016,72
1135010200,U017,81
1135010200,U019,37
1135010200,U020,93
1135010200,U022,56
1135010200,U023,63
1135010200,U024,52
1135010200,U021,110
1135010200,U025,102
1135010200,U027,64
1135010200,U029,43
1135010200,U028,51
1135010200,U026,100
1135010200,U030,55
1135010200,U032,83
1135010200,U031,74
1135010200,U033,79
1135010200,U034,82
1135010200,U035,78
1135010200,U036,67
1135010200,U037,87
1135010200,U038,81
1135010200,U039,75
1135010200,U040,57
1135010200,U041,35
1135010200,U042,45
1135010200,U043,70
1135010200,U044,50
1135010200,U045,45
1135010200,U046,65
1135010200,U047,79
1135010200,V001,56
1135010200,V002,59
1135010300,B001,73
1135010300,C001,107
1135010300,C003,84
1135010300,C004,61
1135010300,C005,93
1135010300,C002,100
1135010300,C006,54
1135010300,C008,47
1135010300,C007,88
1135010300,C009,75
1135010300,E001,80
1135010300,M001,55
1135010300,P002,73
1135010300,U001,76
1135010300,U002,78
1135010300,P001,109
1135010300,U003,75
1135010300,U004,66
1135010300,U006,58
1135010300,U005,76
1135010300,U008,49
1135010300,U009,73
1135010300,U007,54
1135010300,U011,79
1135010300,U012,73
1135010300,U010,107
1135010300,U013,51
1135010300,U014,100
1135010300,U019,15
1135010300,U016,87
1135010300,U017,85
1135010300,U018,76
1135010300,U020,97
1135010300,U021,114
1135010300,U023,67
1135010300,U022,75
1135010300,U024,15
1135010300,U015,49
1135010300,U027,87
1135010300,U028,58
1135010300,U029,66
1135010300,U026,112
1135010300,U025,113
1135010300,U030,59
1135010300,U034,86
1135010300,U031,79
1135010300,U033,95
1135010300,U032,87
1135010300,U035,87
1135010300,U036,71
1135010300,U037,92
1135010300,U038,85
1135010300,U039,84
1135010300,U041,43
1135010300,U040,58
1135010300,U042,53
1135010300,U043,75
1135010300,U044,62
1135010300,U045,69
1135010300,U046,70
1135010300,V001,72
1135010300,U047,83
1135010300,V002,78
1135010400,B001,59
1135010400,C003,79
1135010400,C001,97
1135010400,C002,95
1135010400,C004,57
1135010400,C005,76
1135010400,C006,44
1135010400,C007,75
1135010400,C009,71
1135010400,E001,70
1135010400,M001,48
1135010400,C008,30
1135010400,P002,68
1135010400,P001,112
1135010400,U001,60
1135010400,U002,68
1135010400,U003,78
1135010400,U004,56
1135010400,U006,70
1135010400,U005,78
1135010400,U007,49
1135010400,U008,32
1135010400,U009,56
1135010400,U011,65
1135010400,U012,75
1135010400,U013,46
1135010400,U010,106
1135010400,U015,46
1135010400,U014,100
1135010400,U018,62
1135010400,U019,30
1135010400,U017,80
1135010400,U016,77
1135010400,U020,92
1135010400,U021,104
1135010400,U022,62
1135010400,U023,63
1135010400,U027,70
1135010400,U024,33
1135010400,U028,56
1135010400,U025,107
1135010400,U026,108
1135010400,U030,50
1135010400,U029,52
1135010400,U032,78
1135010400,U031,74
1135010400,U033,85
1135010400,U034,76
1135010400,U035,84
1135010400,U036,62
1135010400,U041,32
1135010400,U037,83
1135010400,U038,76
1135010400,U039,88
1135010400,U040,62
1135010400,U042,51
1135010400,U043,65
1135010400,U044,56
1135010400,U045,62
1135010400,U046,64
1135010400,V001,63
1135010400,U047,78
1135010400,V002,65
1135010500,B001,56
1135010500,C001,105
1135010500,C003,80
1135010500,C004,60
1135010500,C002,95
1135010500,C005,83
1135010500,C006,60
1135010500,C008,60
1135010500,C007,70
1135010500,C009,79
1135010500,E001,82
1135010500,M001,60
1135010500,P002,81
1135010500,U001,58
1135010500,P001,108
1135010500,U002,82
1135010500,U004,72
1135010500,U006,58
1135010500,U003,73
1135010500,U005,74
1135010500,U007,62
1135010500,U008,61
1135010500,U009,62
1135010500,U011,56
1135010500,U010,106
1135010500,U012,71
1135010500,U013,57
1135010500,U015,64
1135010500,U014,92
1135010500,U017,85
1135010500,U016,85
1135010500,U019,61
1135010500,U018,62
1135010500,U020,100
1135010500,U024,62
1135010500,U022,58
1135010500,U021,105
1135010500,U023,64
1135010500,U029,49
1135010500,U028,58
1135010500,U026,110
1135010500,U027,72
1135010500,U025,112
1135010500,U030,65
1135010500,U034,95
1135010500,U033,86
1135010500,U031,76
1135010500,U032,92
1135010500,U035,85
1135010500,U036,88
1135010500,U038,91
1135010500,U039,82
1135010500,U037,94
1135010500,U040,64
1135010500,U041,38
1135010500,U043,91
1135010500,U042,52
1135010500,U044,58
1135010500,U045,52
1135010500,U046,72
1135010500,V001,78
1135010500,V002,60
1135010500,U047,86
1135010600,B001,59
1135010600,C001,109
1135010600,C003,83
1135010600,C002,98
1135010600,C004,79
1135010600,C005,86
1135010600,C006,51
1135010600,C007,74
1135010600,C008,50
1135010600,C009,82
1135010600,E001,86
1135010600,M001,55
1135010600,P002,77
1135010600,P001,111
1135010600,U001,62
1135010600,U002,74
1135010600,U003,77
1135010600,U004,62
1135010600,U005,77
1135010600,U006,70
1135010600,U007,58
1135010600,U009,66
1135010600,U008,60
1135010600,U011,62
1135010600,U012,74
1135010600,U010,110
1135010600,U015,49
1135010600,U016,88
1135010600,U014,97
1135010600,U013,55
1135010600,U017,90
1135010600,U019,32
1135010600,U018,66
1135010600,U020,102
1135010600,U021,109
1135010600,U024,36
1135010600,U022,61
1135010600,U023,57
1135010600,U027,78
1135010600,U026,114
1135010600,U025,115
1135010600,U029,52
1135010600,U028,62
1135010600,U030,56
1135010600,U034,82
1135010600,U032,84
1135010600,U033,90
1135010600,U031,80
1135010600,U035,89
1135010600,U036,68
1135010600,U037,89
1135010600,U041,31
1135010600,U038,82
1135010600,U039,85
1135010600,U040,63
1135010600,U043,71
1135010600,U045,56
1135010600,U042,56
1135010600,U044,61
1135010600,U046,76
1135010600,V001,69
1135010600,U047,88
1135010600,V002,64
1138010100,B001,65
1138010100,C002,38
1138010100,C001,78
1138010100,C003,57
1138010100,C005,63
1138010100,C004,78
1138010100,C007,73
1138010100,C006,83
1138010100,C008,89
1138010100,C009,72
1138010100,E001,75
1138010100,M001,83
1138010100,P002,59
1138010100,P001,53
1138010100,U002,86
1138010100,U001,77
1138010100,U003,52
1138010100,U005,57
1138010100,U004,82
1138010100,U006,76
1138010100,U007,72
1138010100,U010,51
1138010100,U008,86
1138010100,U012,79
1138010100,U009,70
1138010100,U011,90
1138010100,U014,44
1138010100,U013,77
1138010100,U016,75
1138010100,U015,97
1138010100,U017,53
1138010100,U020,36
1138010100,U019,92
1138010100,U018,94
1138010100,U022,68
1138010100,U021,83
1138010100,U023,81
1138010100,U024,93
1138010100,U025,84
1138010100,U026,83
1138010100,U027,87
1138010100,U028,86
1138010100,U029,90
1138010100,U030,88
1138010100,U031,53
1138010100,U032,89
1138010100,U033,54
1138010100,U035,49
1138010100,U036,86
1138010100,U034,92
1138010100,U037,88
1138010100,U039,63
1138010100,U038,70
1138010100,U040,82
1138010100,U041,93
1138010100,U042,75
1138010100,U043,89
1138010100,U044,77
1138010100,U045,89
1138010100,U046,69
1138010100,U047,48
1138010100,V001,70
1138010200,B001,53
1138010100,V002,62
1138010200,C002,36
1138010200,C001,87
1138010200,C003,52
1138010200,C004,75
1138010200,C007,63
1138010200,C005,38
1138010200,C006,86
1138010200,C008,84
1138010200,C009,71
1138010200,E001,70
1138010200,M001,80
1138010200,P002,70
1138010200,P001,82
1138010200,U001,65
1138010200,U002,70
1138010200,U003,44
1138010200,U004,78
1138010200,U005,50
1138010200,U006,73
1138010200,U007,73
1138010200,U008,81
1138010200,U010,80
1138010200,U009,48
1138010200,U012,61
1138010200,U011,79
1138010200,U014,41
1138010200,U013,74
1138010200,U016,40
1138010200,U015,94
1138010200,U017,60
1138010200,U018,69
1138010200,U019,89
1138010200,U021,98
1138010200,U020,35
1138010200,U022,53
1138010200,U023,92
1138010200,U024,90
1138010200,U027,60
1138010200,U025,100
1138010200,U026,93
1138010200,U028,69
1138010200,U029,74
1138010200,U030,84
1138010200,U031,67
1138010200,U032,82
1138010200,U033,54
1138010200,U034,87
1138010200,U035,56
1138010200,U036,80
1138010200,U037,81
1138010200,U038,99
1138010200,U039,60
1138010200,U040,82
1138010200,U042,71
1138010200,U041,84
1138010200,U043,83
1138010200,U044,77
1138010200,U045,78
1138010200,U047,57
1138010200,U046,65
1138010200,V001,65
1138010200,V002,50
1138010300,B001,58
1138010300,C003,58
1138010300,C002,48
1138010300,C005,44
1138010300,C001,74
1138010300,C004,88
1138010300,C007,58
1138010300,C006,101
1138010300,C009,85
1138010300,C008,101
1138010300,E001,74
1138010300,M001,92
1138010300,P001,73
1138010300,P002,68
1138010300,U001,67
1138010300,U002,74
1138010300,U003,49
1138010300,U004,92
1138010300,U005,55
1138010300,U007,80
1138010300,U006,90
1138010300,U009,51
1138010300,U008,95
1138010300,U010,70
1138010300,U012,65
1138010300,U011,99
1138010300,U014,53
1138010300,U013,85
1138010300,U016,50
1138010300,U015,106
1138010300,U017,62
1138010300,U018,80
1138010300,U020,38
1138010300,U019,101
1138010300,U021,87
1138010300,U022,57
1138010300,U023,97
1138010300,U024,102
1138010300,U025,80
1138010300,U027,65
1138010300,U026,79
1138010300,U028,87
1138010300,U030,88
1138010300,U029,76
1138010300,U031,63
1138010300,U032,84
1138010300,U033,64
1138010300,U034,101
1138010300,U036,96
1138010300,U035,65
1138010300,U037,83
1138010300,U038,81
1138010300,U039,65
1138010300,U040,89
1138010300,U042,88
1138010300,U041,99
1138010300,U043,99
1138010300,U044,82
1138010300,U045,97
1138010300,U046,78
1138010300,U047,53
1138010300,V001,69
1138010300,V002,47
1138010400,B001,57
1138010400,C002,50
1138010400,C003,56
1138010400,C001,80
1138010400,C005,47
1138010400,C004,78
1138010400,C007,66
1138010400,C006,84
1138010400,C008,88
1138010400,C009,74
1138010400,E001,73
1138010400,P001,85
1138010400,M001,83
1138010400,P002,61
1138010400,U001,68
1138010400,U002,73
1138010400,U003,56
1138010400,U005,63
1138010400,U004,82
1138010400,U006,76
1138010400,U007,72
1138010400,U009,61
1138010400,U010,83
1138010400,U008,85
1138010400,U012,64
1138010400,U011,88
1138010400,U014,58
1138010400,U013,77
1138010400,U015,97
1138010400,U016,51
1138010400,U017,66
1138010400,U018,83
1138010400,U020,40
1138010400,U019,93
1138010400,U022,56
1138010400,U021,91
1138010400,U023,82
1138010400,U024,93
1138010400,U025,86
1138010400,U027,63
1138010400,U026,85
1138010400,U028,72
1138010400,U029,77
1138010400,U030,87
1138010400,U031,68
1138010400,U032,75
1138010400,U033,59
1138010400,U034,91
1138010400,U035,58
1138010400,U036,83
1138010400,U037,75
1138010400,U038,72
1138010400,U039,70
1138010400,U040,81
1138010400,U041,87
1138010400,U043,86
1138010400,U042,74
1138010400,U044,68
1138010400,U045,88
1138010400,V001,68
1138010400,U046,68
1138010400,U047,57
1138010400,V002,53
1138010500,B001,57
1138010500,C002,44
1138010500,C003,62
1138010500,C001,76
1138010500,C005,47
1138010500,C004,98
1138010500,C007,57
1138010500,C006,103
1138010500,C008,88
1138010500,E001,73
1138010500,C009,75
1138010500,M001,94
1138010500,P001,80
1138010500,P002,70
1138010500,U001,68
1138010500,U002,73
1138010500,U003,56
1138010500,U004,82
1138010500,U005,61
1138010500,U006,77
1138010500,U009,65
1138010500,U007,83
1138010500,U008,85
1138010500,U010,78
1138010500,U012,64
1138010500,U011,101
1138010500,U013,88
1138010500,U014,44
1138010500,U015,108
1138010500,U016,62
1138010500,U017,64
1138010500,U020,28
1138010500,U018,88
1138010500,U019,104
1138010500,U021,89
1138010500,U022,57
1138010500,U023,103
1138010500,U024,104
1138010500,U025,82
1138010500,U027,64
1138010500,U026,82
1138010500,U028,73
1138010500,U029,78
1138010500,U030,89
1138010500,U031,66
1138010500,U033,64
1138010500,U032,92
1138010500,U035,66
1138010500,U036,84
1138010500,U034,91
1138010500,U038,108
1138010500,U037,92
1138010500,U039,75
1138010500,U041,101
1138010500,U043,87
1138010500,U042,75
1138010500,U044,84
1138010500,U047,55
1138010500,U045,100
1138010500,U046,68
1138010500,V001,69
1138010500,U040,92
1138010600,B001,57
1138010600,C002,40
1138010600,C003,56
1138010600,C001,72
1138010600,C005,42
1138010600,C004,78
1138010600,C007,56
1138010500,V002,46
1138010600,C006,84
1138010600,C008,88
1138010600,C009,74
1138010600,E001,73
1138010600,M001,90
1138010600,P001,70
1138010600,P002,66
1138010600,U002,73
1138010600,U001,68
1138010600,U003,50
1138010600,U004,82
1138010600,U005,56
1138010600,U007,77
1138010600,U006,76
1138010600,U009,52
1138010600,U008,85
1138010600,U010,68
1138010600,U012,64
1138010600,U011,83
1138010600,U013,83
1138010600,U014,48
1138010600,U016,44
1138010600,U015,103
1138010600,U017,60
1138010600,U018,73
1138010600,U020,33
1138010600,U019,99
1138010600,U021,84
1138010600,U022,56
1138010600,U023,98
1138010600,U024,100
1138010600,U025,78
1138010600,U027,63
1138010600,U026,77
1138010600,U028,72
1138010600,U029,77
1138010600,U030,87
1138010600,U031,61
1138010600,U032,74
1138010600,U033,60
1138010600,U035,61
1138010600,U034,91
1138010600,U036,83
1138010600,U037,74
1138010600,U038,79
1138010600,U039,63
1138010600,U040,86
1138010600,U041,96
1138010600,U042,74
1138010600,U043,86
1138010600,U044,68
1138010600,U045,82
1138010600,U047,50
1138010600,U046,68
1138010700,C002,26
1138010600,V001,68
1138010600,V002,45
1138010700,B001,74
1138010700,C001,75
1138010700,C003,62
1138010700,C005,46
1138010700,C004,81
1138010700,C007,69
1138010700,C006,101
1138010700,C009,77
1138010700,C008,91
1138010700,E001,76
1138010700,M001,93
1138010700,P001,88
1138010700,P002,69
1138010700,U002,76
1138010700,U001,71
1138010700,U003,52
1138010700,U004,85
1138010700,U007,81
1138010700,U006,79
1138010700,U005,58
1138010700,U009,64
1138010700,U008,88
1138010700,U010,86
1138010700,U012,67
1138010700,U011,100
1138010700,U013,86
1138010700,U016,50
1138010700,U015,106
1138010700,U017,60
1138010700,U014,31
1138010700,U020,36
1138010700,U018,87
1138010700,U019,102
1138010700,U021,88
1138010700,U022,73
1138010700,U024,103
1138010700,U023,85
1138010700,U027,66
1138010700,U025,90
1138010700,U026,89
1138010700,U028,75
1138010700,U029,80
1138010700,U030,79
1138010700,U031,64
1138010700,U032,90
1138010700,U033,62
1138010700,U034,94
1138010700,U035,60
1138010700,U036,86
1138010700,U037,89
1138010700,U038,82
1138010700,U039,68
1138010700,U040,90
1138010700,U042,77
1138010700,U043,89
1138010700,U044,71
1138010700,U041,99
1138010700,U045,91
1138010700,U047,54
1138010700,U046,71
1138010700,V001,71
1138010700,V002,56
1138010800,B001,58
1138010800,C002,32
1138010800,C001,70
1138010800,C005,48
1138010800,C003,58
1138010800,C004,84
1138010800,C007,57
1138010800,C006,97
1138010800,C009,81
1138010800,C008,97
1138010800,E001,74
1138010800,P001,68
1138010800,P002,64
1138010800,M001,88
1138010800,U001,69
1138010800,U002,70
1138010800,U003,55
1138010800,U004,88
1138010800,U005,61
1138010800,U007,76
1138010800,U006,83
1138010800,U009,59
1138010800,U010,66
1138010800,U008,91
1138010800,U012,65
1138010800,U011,95
1138010800,U014,37
1138010800,U013,81
1138010800,U016,55
1138010800,U015,102
1138010800,U017,58
1138010800,U020,21
1138010800,U018,83
1138010800,U021,83
1138010800,U022,57
1138010800,U019,97
1138010800,U023,88
1138010800,U024,98
1138010800,U025,76
1138010800,U027,65
1138010800,U026,75
1138010800,U028,83
1138010800,U029,79
1138010800,U031,59
1138010800,U033,62
1138010800,U032,80
1138010800,U030,84
1138010800,U034,97
1138010800,U035,57
1138010800,U036,92
1138010800,U038,77
1138010800,U037,79
1138010800,U039,61
1138010800,U040,85
1138010800,U041,95
1138010800,U043,95
1138010800,U042,84
1138010800,U044,78
1138010800,U047,49
1138010800,U046,74
1138010800,U045,93
1138010800,V001,70
1138010800,V002,46
1138010900,C003,61
1138010900,B001,69
1138010900,C001,71
1138010900,C004,82
1138010900,C002,35
1138010900,C005,45
1138010900,C007,70
1138010900,C006,97
1138010900,E001,77
1138010900,C009,82
1138010900,C008,97
1138010900,M001,89
1138010900,P001,70
1138010900,P002,65
1138010900,U001,72
1138010900,U002,70
1138010900,U003,53
1138010900,U004,89
1138010900,U005,59
1138010900,U006,80
1138010900,U007,77
1138010900,U009,58
1138010900,U008,91
1138010900,U010,68
1138010900,U012,68
1138010900,U014,41
1138010900,U011,96
1138010900,U013,82
1138010900,U015,102
1138010900,U016,56
1138010900,U017,54
1138010900,U020,25
1138010900,U018,82
1138010900,U019,98
1138010900,U021,83
1138010900,U023,85
1138010900,U022,59
1138010900,U024,99
1138010900,U025,77
1138010900,U026,76
1138010900,U027,67
1138010900,U028,84
1138010900,U029,87
1138010900,U030,87
1138010900,U031,60
1138010900,U033,58
1138010900,U032,80
1138010900,U034,98
1138010900,U035,51
1138010900,U036,92
1138010900,U037,80
1138010900,U038,78
1138010900,U039,64
1138010900,U040,86
1138010900,U043,95
1138010900,U042,85
1138010900,U041,95
1138010900,U044,78
1138010900,U045,94
1138010900,U047,49
1138010900,U046,75
1138010900,V001,72
1138010900,V002,70
1138011000,B001,58
1138011000,C002,36
1138011000,C001,64
1138011000,C003,58
1138011000,C005,53
1138011000,C004,80
1138011000,C006,91
1138011000,C007,66
1138011000,C008,91
1138011000,E001,76
1138011000,C009,75
1138011000,P001,57
1138011000,M001,82
1138011000,P002,58
1138011000,U001,74
1138011000,U002,64
1138011000,U003,53
1138011000,U004,83
1138011000,U005,58
1138011000,U006,78
1138011000,U007,71
1138011000,U010,55
1138011000,U008,85
1138011000,U009,62
1138011000,U012,67
1138011000,U011,90
1138011000,U013,76
1138011000,U015,96
1138011000,U014,34
1138011000,U016,57
1138011000,U017,54
1138011000,U020,38
1138011000,U019,92
1138011000,U018,84
1138011000,U021,77
1138011000,U022,65
1138011000,U023,84
1138011000,U024,92
1138011000,U025,70
1138011000,U027,66
1138011000,U026,70
1138011000,U028,77
1138011000,U029,83
1138011000,U030,78
1138011000,U031,54
1138011000,U033,55
1138011000,U035,50
1138011000,U032,74
1138011000,U036,86
1138011000,U034,92
1138011000,U037,73
1138011000,U039,56
1138011000,U038,71
1138011000,U040,80
1138011000,U041,89
1138011000,U042,78
1138011000,U043,89
1138011000,U044,72
1138011000,U045,88
1138011000,U047,43
1138011000,U046,69
1138011000,V001,71
1138011000,V002,56
1138011400,B001,74
1138011400,C002,69
1138011400,C001,115
1138011400,C003,73
1138011400,C005,64
1138011400,C004,95
1138011400,C007,74
1138011400,C006,113
1138011400,C008,115
1138011400,C009,91
1138011400,E001,90
1138011400,M001,100
1138011400,P001,102
1138011400,P002,78
1138011400,U001,85
1138011400,U002,90
1138011400,U003,72
1138011400,U005,77
1138011400,U004,99
1138011400,U006,92
1138011400,U007,100
1138011400,U009,75
1138011400,U008,102
1138011400,U010,100
1138011400,U012,81
1138011400,U011,106
1138011400,U014,74
1138011400,U013,94
1138011400,U016,66
1138011400,U015,114
1138011400,U017,83
1138011400,U018,96
1138011400,U020,57
1138011400,U019,110
1138011400,U021,108
1138011400,U022,73
1138011400,U024,111
1138011400,U023,99
1138011400,U025,103
1138011400,U027,80
1138011400,U026,101
1138011400,U028,97
1138011400,U029,103
1138011400,U030,104
1138011400,U031,85
1138011400,U032,109
1138011400,U033,81
1138011400,U035,83
1138011400,U036,100
1138011400,U034,108
1138011400,U037,108
1138011400,U038,89
1138011400,U039,88
1138011400,U041,104
1138011400,U040,109
1138011400,U042,92
1138011400,U043,103
1138011400,U045,104
1138011400,U044,85
1138011400,U047,74
1138011400,U046,85
1138011400,V001,85
1138011400,V002,63
1141010100,B001,41
1141010100,C002,56
1141010100,C001,64
1141010100,C005,39
1141010100,C004,66
1141010100,C007,44
1141010100,C006,61
1141010100,C003,40
1141010100,C009,50
1141010100,C008,69
1141010100,E001,58
1141010100,M001,60
1141010100,U003,17
1141010100,P001,64
1141010100,P002,47
1141010100,U001,53
1141010100,U002,58
1141010100,U005,17
1141010100,U004,60
1141010100,U006,57
1141010100,U007,48
1141010100,U009,57
1141010100,U008,66
1141010100,U010,62
1141010100,U012,48
1141010100,U011,67
1141010100,U014,53
1141010100,U013,53
1141010100,U016,45
1141010100,U017,39
1141010100,U015,74
1141010100,U018,61
1141010100,U019,69
1141010100,U020,56
1141010100,U022,48
1141010100,U021,81
1141010100,U023,70
1141010100,U024,70
1141010100,U025,77
1141010100,U027,56
1141010100,U026,68
1141010100,U029,57
1141010100,U028,62
1141010100,U030,53
1141010100,U031,44
1141010100,U032,61
1141010100,U033,42
1141010100,U036,60
1141010100,U037,60
1141010100,U034,68
1141010100,U038,76
1141010100,U039,26
1141010100,U040,74
1141010100,U041,75
1141010100,U035,38
1141010100,U042,55
1141010100,U043,63
1141010100,U044,53
1141010100,U046,47
1141010100,U045,64
1141010100,U047,45
1141010100,V001,57
1141010100,V002,34
1141010200,B001,42
1141010200,C001,61
1141010200,C002,58
1141010200,C004,67
1141010200,C005,41
1141010200,C007,48
1141010200,C006,63
1141010200,C008,71
1141010200,C009,55
1141010200,C003,39
1141010200,E001,59
1141010200,M001,62
1141010200,U003,20
1141010200,P001,63
1141010200,P002,45
1141010200,U001,55
1141010200,U005,18
1141010200,U002,55
1141010200,U004,62
1141010200,U006,59
1141010200,U007,50
1141010200,U009,74
1141010200,U008,68
1141010200,U010,61
1141010200,U012,50
1141010200,U011,69
1141010200,U013,55
1141010200,U014,55
1141010200,U015,76
1141010200,U016,47
1141010200,U017,38
1141010200,U018,63
1141010200,U019,71
1141010200,U022,49
1141010200,U020,59
1141010200,U021,77
1141010200,U023,71
1141010200,U024,72
1141010200,U027,57
1141010200,U025,73
1141010200,U026,67
1141010200,U028,63
1141010200,U029,59
1141010200,U030,55
1141010200,U031,40
1141010200,U032,69
1141010200,U033,49
1141010200,U036,62
1141010200,U039,27
1141010200,U037,65
1141010200,U038,76
1141010200,U034,71
1141010200,U040,76
1141010200,U041,76
1141010200,U042,57
1141010200,U035,43
1141010200,U043,65
1141010200,U046,48
1141010200,U045,67
1141010200,U044,55
1141010200,V001,59
1141010200,U047,41
1141010200,V002,37
1141010300,B001,43
1141010300,C002,58
1141010300,C001,62
1141010300,C005,43
1141010300,C007,40
1141010300,C004,68
1141010300,C006,62
1141010300,C003,40
1141010300,E001,54
1141010300,C009,50
1141010300,C008,66
1141010300,M001,61
1141010300,U003,29
1141010300,P002,45
1141010300,P001,62
1141010300,U002,54
1141010300,U001,45
1141010300,U005,26
1141010300,U004,57
1141010300,U006,55
1141010300,U007,50
1141010300,U009,58
1141010300,U008,63
1141010300,U010,60
1141010300,U012,47
1141010300,U011,66
1141010300,U013,54
1141010300,U014,55
1141010300,U016,46
1141010300,U017,38
1141010300,U015,75
1141010300,U018,58
1141010300,U019,70
1141010300,U020,52
1141010300,U021,72
1141010300,U022,50
1141010300,U023,71
1141010300,U024,71
1141010300,U025,74
1141010300,U026,64
1141010300,U027,57
1141010300,U028,50
1141010300,U031,38
1141010300,U029,55
1141010300,U030,52
1141010300,U032,59
1141010300,U033,45
1141010300,U036,61
1141010300,U034,66
1141010300,U037,58
1141010300,U038,74
1141010300,U039,28
1141010300,U040,76
1141010300,U041,65
1141010300,U042,53
1141010300,U035,41
1141010300,U043,65
1141010300,U044,45
1141010300,U045,62
1141010300,U046,43
1141010300,U047,43
1141010300,V002,29
1141010300,V001,49
1141010400,B001,41
1141010400,C001,62
1141010400,C002,50
1141010400,C004,66
1141010400,C007,39
1141010400,C005,37
1141010400,C006,61
1141010400,C008,86
1141010400,C003,41
1141010400,C009,50
1141010400,E001,57
1141010400,M001,60
1141010400,U003,24
1141010400,P001,63
1141010400,P002,42
1141010400,U001,53
1141010400,U002,54
1141010400,U005,23
1141010400,U006,57
1141010400,U004,59
1141010400,U007,48
1141010400,U009,59
1141010400,U008,65
1141010400,U012,46
1141010400,U010,62
1141010400,U011,67
1141010400,U013,53
1141010400,U014,48
1141010400,U016,47
1141010400,U017,46
1141010400,U015,73
1141010400,U018,60
1141010400,U019,69
1141010400,U020,51
1141010400,U022,48
1141010400,U021,76
1141010400,U023,70
1141010400,U024,70
1141010400,U025,75
1141010400,U027,55
1141010400,U026,68
1141010400,U028,62
1141010400,U029,57
1141010400,U030,53
1141010400,U031,40
1141010400,U033,40
1141010400,U032,56
1141010400,U036,60
1141010400,U034,67
1141010400,U038,72
1141010400,U037,56
1141010400,U040,74
1141010400,U042,55
1141010400,U041,74
1141010400,U035,36
1141010400,U043,63
1141010400,U044,54
1141010400,U045,65
1141010400,U046,46
1141010400,U039,31
1141010400,V002,32
1141010400,U047,44
1141010400,V001,56
1141010500,B001,43
1141010500,C001,65
1141010500,C002,51
1141010500,C004,68
1141010500,C005,41
1141010500,C007,42
1141010500,C006,63
1141010500,C009,52
1141010500,C003,38
1141010500,C008,71
1141010500,E001,60
1141010500,M001,62
1141010500,U003,15
1141010500,P001,66
1141010500,P002,48
1141010500,U001,56
1141010500,U005,21
1141010500,U002,60
1141010500,U004,62
1141010500,U007,50
1141010500,U006,60
1141010500,U009,67
1141010500,U008,68
1141010500,U010,63
1141010500,U012,51
1141010500,U011,69
1141010500,U013,55
1141010500,U014,48
1141010500,U015,76
1141010500,U016,43
1141010500,U017,41
1141010500,U018,68
1141010500,U019,71
1141010500,U020,51
1141010500,U021,82
1141010500,U022,43
1141010500,U023,68
1141010500,U024,72
1141010500,U025,78
1141010500,U027,51
1141010500,U026,70
1141010500,U028,57
1141010500,U029,59
1141010500,U030,55
1141010500,U031,45
1141010500,U032,62
1141010500,U033,38
1141010500,U036,62
1141010500,U034,70
1141010500,U037,61
1141010500,U038,77
1141010500,U039,36
1141010500,U040,77
1141010500,U035,33
1141010500,U041,77
1141010500,U042,57
1141010500,U043,65
1141010500,U045,73
1141010500,U047,46
1141010500,U044,51
1141010500,U046,49
1141010500,V001,59
1141010600,B001,50
1141010500,V002,38
1141010600,C002,53
1141010600,C001,67
1141010600,C005,42
1141010600,C007,48
1141010600,C006,70
1141010600,C004,75
1141010600,C003,41
1141010600,C008,79
1141010600,C009,59
1141010600,E001,67
1141010600,M001,69
1141010600,U003,20
1141010600,P002,51
1141010600,P001,73
1141010600,U001,58
1141010600,U002,62
1141010600,U005,21
1141010600,U004,68
1141010600,U007,57
1141010600,U006,66
1141010600,U009,73
1141010600,U008,76
1141010600,U010,69
1141010600,U012,54
1141010600,U011,77
1141010600,U013,62
1141010600,U014,51
1141010600,U016,49
1141010600,U015,82
1141010600,U017,47
1141010600,U018,73
1141010600,U020,54
1141010600,U021,85
1141010600,U022,49
1141010600,U023,75
1141010600,U019,78
1141010600,U024,79
1141010600,U025,84
1141010600,U026,76
1141010600,U027,57
1141010600,U028,63
1141010600,U029,68
1141010600,U030,62
1141010600,U031,48
1141010600,U032,65
1141010600,U035,38
1141010600,U034,76
1141010600,U036,69
1141010600,U039,15
1141010600,U037,64
1141010600,U040,84
1141010600,U033,40
1141010600,U041,83
1141010600,U042,66
1141010600,U043,72
1141010600,U045,79
1141010600,U044,60
1141010600,U046,55
1141010600,U047,53
1141010600,V001,62
1141010600,V002,37
1141010700,B001,45
1141010700,C002,55
1141010700,C001,68
1141010700,C004,72
1141010600,U038,80
1141010700,C005,37
1141010700,C003,39
1141010700,C006,73
1141010700,C007,49
1141010700,E001,62
1141010700,C008,78
1141010700,M001,72
1141010700,P001,69
1141010700,C009,63
1141010700,U003,22
1141010700,P002,52
1141010700,U001,56
1141010700,U002,62
1141010700,U005,26
1141010700,U004,70
1141010700,U007,60
1141010700,U006,65
1141010700,U009,57
1141010700,U010,64
1141010700,U008,73
1141010700,U012,52
1141010700,U011,80
1141010700,U013,65
1141010700,U014,52
1141010700,U016,43
1141010700,U015,86
1141010700,U017,45
1141010700,U018,71
1141010700,U019,81
1141010700,U020,55
1141010700,U022,46
1141010700,U021,86
1141010700,U023,77
1141010700,U024,82
1141010700,U027,54
1141010700,U025,81
1141010700,U026,75
1141010700,U028,61
1141010700,U029,66
1141010700,U030,65
1141010700,U031,50
1141010700,U032,66
1141010700,U035,33
1141010700,U036,72
1141010700,U034,79
1141010700,U039,42
1141010700,U037,66
1141010700,U038,82
1141010700,U040,74
1141010700,U042,63
1141010700,U041,76
1141010700,U033,35
1141010700,U043,75
1141010700,U044,54
1141010700,U045,76
1141010700,U046,56
1141010700,U047,44
1141010700,V001,57
1141010700,V002,36
1141010800,B001,47
1141010800,C002,58
1141010800,C001,72
1141010800,C003,41
1141010800,C005,39
1141010800,C004,75
1141010800,C007,49
1141010800,C006,70
1141010800,C008,80
1141010800,C009,65
1141010800,E001,63
1141010800,M001,74
1141010800,P001,71
1141010800,U003,25
1141010800,P002,53
1141010800,U005,26
1141010800,U001,58
1141010800,U002,63
1141010800,U004,72
1141010800,U006,66
1141010800,U007,62
1141010800,U009,58
1141010800,U010,66
1141010800,U008,75
1141010800,U012,54
1141010800,U011,82
1141010800,U013,67
1141010800,U014,56
1141010800,U016,45
1141010800,U015,87
1141010800,U017,47
1141010800,U018,73
1141010800,U019,83
1141010800,U020,59
1141010800,U021,90
1141010800,U022,48
1141010800,U023,80
1141010800,U024,84
1141010800,U027,53
1141010800,U025,83
1141010800,U026,77
1141010800,U028,63
1141010800,U030,62
1141010800,U029,67
1141010800,U031,53
1141010800,U035,35
1141010800,U032,70
1141010800,U036,69
1141010800,U034,81
1141010800,U039,41
1141010800,U038,85
1141010800,U037,69
1141010800,U040,76
1141010800,U033,37
1141010800,U043,72
1141010800,U042,65
1141010800,U041,77
1141010800,V001,58
1141010800,U044,56
1141010800,U046,58
1141010800,U045,78
1141010800,U047,46
1141010900,C003,37
1141010900,B001,40
1141010800,V002,38
1141010900,C002,49
1141010900,C001,73
1141010900,C005,36
1141010900,C004,62
1141010900,C007,49
1141010900,C006,67
1141010900,C008,71
1141010900,C009,58
1141010900,E001,56
1141010900,M001,67
1141010900,P001,72
1141010900,P002,53
1141010900,U003,26
1141010900,U001,51
1141010900,U002,56
1141010900,U004,65
1141010900,U006,59
1141010900,U009,56
1141010900,U007,55
1141010900,U005,30
1141010900,U008,68
1141010900,U010,67
1141010900,U012,47
1141010900,U011,72
1141010900,U013,60
1141010900,U014,46
1141010900,U016,43
1141010900,U015,81
1141010900,U017,50
1141010900,U018,64
1141010900,U019,76
1141010900,U020,50
1141010900,U021,85
1141010900,U022,39
1141010900,U023,77
1141010900,U024,77
1141010900,U025,85
1141010900,U027,47
1141010900,U026,83
1141010900,U029,61
1141010900,U030,71
1141010900,U028,56
1141010900,U031,50
1141010900,U032,67
1141010900,U035,35
1141010900,U034,74
1141010900,U036,67
1141010900,U038,82
1141010900,U037,66
1141010900,U040,64
1141010900,U033,36
1141010900,U039,46
1141010900,U042,58
1141010900,U041,71
1141010900,U043,70
1141010900,U044,51
1141010900,U045,72
1141010900,U046,51
1141010900,U047,45
1141010900,V001,52
1141010900,V002,36
1141011000,B001,54
1141011000,C001,64
1141011000,C002,61
1141011000,C004,79
1141011000,C005,64
1141011000,C003,46
1141011000,C007,55
1141011000,C006,73
1141011000,C009,59
1141011000,C008,76
1141011000,E001,63
1141011000,M001,70
1141011000,P001,70
1141011000,U003,33
1141011000,P002,59
1141011000,U005,26
1141011000,U001,55
1141011000,U002,63
1141011000,U004,67
1141011000,U006,64
1141011000,U009,85
1141011000,U007,59
1141011000,U008,73
1141011000,U010,65
1141011000,U012,56
1141011000,U011,75
1141011000,U013,64
1141011000,U014,58
1141011000,U017,35
1141011000,U015,84
1141011000,U016,61
1141011000,U018,68
1141011000,U019,80
1141011000,U021,77
1141011000,U020,58
1141011000,U022,50
1141011000,U024,80
1141011000,U023,70
1141011000,U025,70
1141011000,U026,70
1141011000,U027,68
1141011000,U029,64
1141011000,U028,59
1141011000,U030,61
1141011000,U031,46
1141011000,U032,70
1141011000,U035,38
1141011000,U033,44
1141011000,U039,17
1141011000,U036,70
1141011000,U034,76
1141011000,U037,65
1141011000,U038,87
1141011000,U040,87
1141011000,U043,73
1141011000,U042,63
1141011000,U041,74
1141011000,U044,54
1141011000,U045,71
1141011000,U047,44
1141011000,U046,53
1141011000,V001,58
1141011000,V002,44
1141011100,B001,41
1141011100,C001,75
1141011100,C002,38
1141011100,C005,25
1141011100,C004,63
1141011100,C003,40
1141011100,C007,50
1141011100,C006,69
1141011100,C009,59
1141011100,E001,58
1141011100,C008,72
1141011100,M001,68
1141011100,P002,55
1141011100,P001,80
1141011100,U001,53
1141011100,U002,58
1141011100,U003,32
1141011100,U004,66
1141011100,U005,38
1141011100,U007,57
1141011100,U006,61
1141011100,U009,46
1141011100,U008,69
1141011100,U011,88
1141011100,U010,78
1141011100,U012,49
1141011100,U014,35
1141011100,U013,62
1141011100,U015,82
1141011100,U017,49
1141011100,U016,32
1141011100,U018,68
1141011100,U019,77
1141011100,U020,39
1141011100,U021,86
1141011100,U022,40
1141011100,U023,80
1141011100,U024,78
1141011100,U025,88
1141011100,U026,84
1141011100,U027,48
1141011100,U028,57
1141011100,U029,62
1141011100,U030,72
1141011100,U032,68
1141011100,U031,53
1141011100,U033,41
1141011100,U034,75
1141011100,U035,42
1141011100,U036,68
1141011100,U038,85
1141011100,U037,69
1141011100,U039,48
1141011100,U040,66
1141011100,U042,59
1141011100,U041,72
1141011100,U043,71
1141011100,U045,73
1141011100,U044,52
1141011100,V001,53
1141011100,U046,53
1141011100,U047,56
1141011100,V002,38
1141011200,B001,49
1141011200,C002,48
1141011200,C001,61
1141011200,C003,41
1141011200,C004,80
1141011200,C005,50
1141011200,C007,56
1141011200,C006,73
1141011200,C008,76
1141011200,C009,59
1141011200,E001,63
1141011200,M001,70
1141011200,P002,59
1141011200,P001,71
1141011200,U001,61
1141011200,U002,63
1141011200,U007,59
1141011200,U004,66
1141011200,U006,64
1141011200,U010,64
1141011200,U008,72
1141011200,U009,63
1141011200,U005,41
1141011200,U003,36
1141011200,U011,75
1141011200,U012,56
1141011200,U013,64
1141011200,U014,45
1141011200,U015,84
1141011200,U016,51
1141011200,U018,67
1141011200,U019,79
1141011200,U020,55
1141011200,U021,74
1141011200,U017,35
1141011200,U022,50
1141011200,U023,70
1141011200,U024,80
1141011200,U025,67
1141011200,U027,58
1141011200,U026,66
1141011200,U028,59
1141011200,U030,61
1141011200,U029,64
1141011200,U031,56
1141011200,U035,15
1141011200,U033,38
1141011200,U032,72
1141011200,U039,36
1141011200,U036,70
1141011200,U034,75
1141011200,U037,72
1141011200,U038,77
1141011200,U040,88
1141011200,U042,62
1141011200,U043,73
1141011200,U041,74
1141011200,U044,58
1141011200,U045,71
1141011200,U046,53
1141011200,V001,58
1141011200,V002,45
1141011300,B001,43
1141011200,U047,39
1141011300,C003,35
1141011300,C002,46
1141011300,C001,72
1141011300,C005,41
1141011300,C004,82
1141011300,C007,49
1141011300,C009,59
1141011300,C006,70
1141011300,C008,77
1141011300,E001,61
1141011300,M001,69
1141011300,P001,60
1141011300,U001,55
1141011300,P002,52
1141011300,U002,61
1141011300,U004,69
1141011300,U006,79
1141011300,U007,65
1141011300,U009,57
1141011300,U008,79
1141011300,U010,58
1141011300,U003,29
1141011300,U011,81
1141011300,U005,34
1141011300,U012,56
1141011300,U013,63
1141011300,U014,40
1141011300,U016,44
1141011300,U015,83
1141011300,U018,74
1141011300,U020,56
1141011300,U019,78
1141011300,U021,86
1141011300,U022,45
1141011300,U017,36
1141011300,U023,76
1141011300,U024,87
1141011300,U025,84
1141011300,U026,80
1141011300,U027,52
1141011300,U028,63
1141011300,U029,74
1141011300,U033,15
1141011300,U035,27
1141011300,U030,62
1141011300,U031,49
1141011300,U032,66
1141011300,U034,82
1141011300,U039,38
1141011300,U037,65
1141011300,U036,70
1141011300,U038,71
1141011300,U040,72
1141011300,U042,69
1141011300,U041,90
1141011300,U043,73
1141011300,U044,53
1141011300,U045,74
1141011300,U047,37
1141011300,U046,59
1141011300,V001,56
1141011300,V002,39
1141011400,C003,41
1141011400,C002,47
1141011400,B001,49
1141011400,C001,74
1141011400,C004,89
1141011400,C005,50
1141011400,C007,56
1141011400,C006,77
1141011400,C008,83
1141011400,C009,71
1141011400,E001,67
1141011400,M001,76
1141011400,P002,59
1141011400,P001,68
1141011400,U001,61
1141011400,U002,67
1141011400,U003,36
1141011400,U005,41
1141011400,U004,79
1141011400,U006,86
1141011400,U007,71
1141011400,U008,86
1141011400,U010,66
1141011400,U009,63
1141011400,U011,88
1141011400,U012,63
1141011400,U014,44
1141011400,U013,69
1141011400,U016,51
1141011400,U015,90
1141011400,U018,81
1141011400,U020,64
1141011400,U019,85
1141011400,U021,93
1141011400,U022,52
1141011400,U023,83
1141011400,U024,85
1141011400,U025,77
1141011400,U017,43
1141011400,U026,76
1141011400,U027,59
1141011400,U028,70
1141011400,U033,15
1141011400,U030,73
1141011400,U029,80
1141011400,U035,15
1141011400,U032,73
1141011400,U031,56
1141011400,U036,76
1141011400,U037,72
1141011400,U038,78
1141011400,U034,88
1141011400,U039,44
1141011400,U040,79
1141011400,U042,76
1141011400,U043,79
1141011400,U041,96
1141011400,U044,59
1141011400,U045,81
1141011400,U046,65
1141011400,U047,45
1141011400,V001,63
1141011400,V002,46
1141011500,B001,50
1141011500,C002,52
1141011500,C001,75
1141011500,C004,79
1141011500,C005,48
1141011500,C006,74
1141011500,C003,42
1141011500,C007,53
1141011500,C008,84
1141011500,C009,63
1141011500,P001,72
1141011500,E001,68
1141011500,M001,73
1141011500,P002,58
1141011500,U001,64
1141011500,U003,33
1141011500,U002,68
1141011500,U004,72
1141011500,U006,72
1141011500,U007,61
1141011500,U005,38
1141011500,U009,68
1141011500,U008,81
1141011500,U010,70
1141011500,U012,59
1141011500,U011,82
1141011500,U014,52
1141011500,U013,66
1141011500,U016,54
1141011500,U015,86
1141011500,U017,44
1141011500,U018,83
1141011500,U019,88
1141011500,U020,60
1141011500,U022,54
1141011500,U021,83
1141011500,U023,80
1141011500,U024,83
1141011500,U025,88
1141011500,U027,62
1141011500,U026,81
1141011500,U028,71
1141011500,U029,72
1141011500,U030,66
1141011500,U033,33
1141011500,U031,53
1141011500,U035,33
1141011500,U032,70
1141011500,U036,73
1141011500,U034,80
1141011500,U039,46
1141011500,U037,69
1141011500,U038,69
1141011500,U042,70
1141011500,U040,82
1141011500,U041,82
1141011500,U043,76
1141011500,U044,62
1141011500,U045,84
1141011500,U047,47
1141011500,U046,59
1141011500,V001,63
1141011500,V002,42
1141011600,C003,39
1141011600,C002,46
1141011600,B001,47
1141011600,C001,59
1141011600,C004,70
1141011600,C005,46
1141011600,C007,58
1141011600,C006,74
1141011600,C009,60
1141011600,C008,76
1141011600,E001,63
1141011600,M001,71
1141011600,P002,62
1141011600,P001,60
1141011600,U001,59
1141011600,U002,64
1141011600,U003,34
1141011600,U005,39
1141011600,U006,65
1141011600,U004,67
1141011600,U007,59
1141011600,U008,73
1141011600,U010,49
1141011600,U009,64
1141011600,U011,76
1141011600,U012,57
1141011600,U013,64
1141011600,U014,40
1141011600,U016,49
1141011600,U015,85
1141011600,U017,31
1141011600,U018,68
1141011600,U019,80
1141011600,U020,53
1141011600,U021,72
1141011600,U022,49
1141011600,U023,73
1141011600,U024,81
1141011600,U026,64
1141011600,U025,65
1141011600,U027,57
1141011600,U028,68
1141011600,U029,78
1141011600,U030,62
1141011600,U031,50
1141011600,U032,71
1141011600,U036,71
1141011600,U034,76
1141011600,U037,70
1141011600,U039,38
1141011600,U033,36
1141011600,U038,76
1141011600,U040,77
1141011600,U042,63
1141011600,U035,31
1141011600,U041,74
1141011600,U043,74
1141011600,U044,57
1141011600,U045,78
1141011600,U046,53
1141011600,V001,59
1141011700,B001,55
1141011600,V002,47
1141011700,C001,73
1141011700,C002,32
1141011700,C003,47
1141011700,C005,39
1141011700,C004,90
1141011600,U047,29
1141011700,C007,66
1141011700,C009,72
1141011700,C006,114
1141011700,C008,92
1141011700,E001,72
1141011700,M001,84
1141011700,P001,69
1141011700,P002,72
1141011700,U001,67
1141011700,U002,75
1141011700,U003,42
1141011700,U004,79
1141011700,U005,47
1141011700,U007,72
1141011700,U006,77
1141011700,U010,67
1141011700,U009,57
1141011700,U008,85
1141011700,U012,63
1141011700,U014,30
1141011700,U011,98
1141011700,U013,77
1141011700,U016,43
1141011700,U015,98
1141011700,U017,41
1141011700,U018,78
1141011700,U019,93
1141011700,U020,52
1141011700,U021,78
1141011700,U022,58
1141011700,U023,83
1141011700,U024,94
1141011700,U025,85
1141011700,U027,63
1141011700,U026,71
1141011700,U028,76
1141011700,U033,43
1141011700,U030,74
1141011700,U029,85
1141011700,U031,55
1141011700,U032,79
1141011700,U036,83
1141011700,U037,80
1141011700,U034,88
1141011700,U038,73
1141011700,U035,39
1141011700,U039,45
1141011700,U040,98
1141011700,U042,75
1141011700,U041,91
1141011700,U043,86
1141011700,U044,74
1141011700,U045,85
1141011700,U047,44
1141011700,U046,65
1141011700,V001,68
1141011700,V002,63
1141011800,B001,57
1141011800,C002,39
1141011800,C005,34
1141011800,C001,91
1141011800,C003,57
1141011800,C004,79
1141011800,C007,66
1141011800,C006,85
1141011800,C009,75
1141011800,C008,89
1141011800,E001,74
1141011800,P001,84
1141011800,M001,84
1141011800,P002,71
1141011800,U001,69
1141011800,U002,74
1141011800,U003,51
1141011800,U004,82
1141011800,U005,56
1141011800,U006,77
1141011800,U007,73
1141011800,U009,54
1141011800,U008,85
1141011800,U010,82
1141011800,U011,95
1141011800,U012,65
1141011800,U013,77
1141011800,U015,98
1141011800,U017,58
1141011800,U018,75
1141011800,U020,53
1141011800,U016,40
1141011800,U019,93
1141011800,U014,43
1141011800,U021,102
1141011800,U022,56
1141011800,U023,99
1141011800,U024,94
1141011800,U025,103
1141011800,U026,107
1141011800,U027,64
1141011800,U028,73
1141011800,U029,82
1141011800,U030,88
1141011800,U031,72
1141011800,U032,84
1141011800,U033,56
1141011800,U035,57
1141011800,U034,91
1141011800,U036,84
1141011800,U038,104
1141011800,U037,98
1141011800,U039,63
1141011800,U040,81
1141011800,U041,88
1141011800,U043,87
1141011800,U042,75
1141011800,U044,68
1141011800,U045,82
1141011800,U046,68
1141011800,V001,69
1141011800,U047,59
1141011800,V002,54
1141011900,B001,60
1141011900,C003,50
1141011900,C001,83
1141011900,C005,54
1141011900,C004,76
1141011900,C006,81
1141011900,C007,71
1141011900,C008,87
1141011900,C009,74
1141011900,M001,87
1141011900,E001,80
1141011900,P001,61
1141011900,U001,69
1141011900,U002,80
1141011900,U003,46
1141011900,C002,31
1141011900,U005,60
1141011900,U006,74
1141011900,P002,63
1141011900,U007,75
1141011900,U008,89
1141011900,U009,70
1141011900,U010,59
1141011900,U012,71
1141011900,U011,94
1141011900,U014,29
1141011900,U013,80
1141011900,U016,60
1141011900,U017,49
1141011900,U015,100
1141011900,U004,82
1141011900,U018,89
1141011900,U020,34
1141011900,U019,96
1141011900,U021,81
1141011900,U022,59
1141011900,U024,97
1141011900,U023,80
1141011900,U025,74
1141011900,U027,73
1141011900,U026,73
1141011900,U028,82
1141011900,U029,79
1141011900,U030,102
1141011900,U031,58
1141011900,U033,50
1141011900,U032,82
1141011900,U035,43
1141011900,U034,91
1141011900,U036,90
1141011900,U037,82
1141011900,U038,104
1141011900,U039,57
1141011900,U040,84
1141011900,U042,74
1141011900,U041,94
1141011900,U043,94
1141011900,U044,77
1141011900,U045,92
1141011900,U047,48
1141011900,U046,68
1141011900,V001,76
1141012000,C002,24
1141011900,V002,61
1141012000,B001,60
1141012000,C003,53
1141012000,C001,67
1141012000,C005,41
1141012000,C004,100
1141012000,C006,84
1141012000,C007,68
1141012000,C008,94
1141012000,C009,74
1141012000,E001,76
1141012000,P001,71
1141012000,M001,80
1141012000,P002,56
1141012000,U002,77
1141012000,U001,72
1141012000,U003,48
1141012000,U005,53
1141012000,U004,81
1141012000,U006,77
1141012000,U007,82
1141012000,U010,69
1141012000,U008,87
1141012000,U009,58
1141012000,U014,21
1141012000,U012,67
1141012000,U011,99
1141012000,U013,73
1141012000,U016,50
1141012000,U015,94
1141012000,U017,43
1141012000,U018,92
1141012000,U020,41
1141012000,U022,63
1141012000,U021,80
1141012000,U019,98
1141012000,U023,82
1141012000,U024,89
1141012000,U027,71
1141012000,U025,73
1141012000,U026,73
1141012000,U028,80
1141012000,U029,87
1141012000,U030,76
1141012000,U031,50
1141012000,U032,82
1141012000,U035,44
1141012000,U034,90
1141012000,U036,89
1141012000,U037,82
1141012000,U033,49
1141012000,U038,66
1141012000,U039,53
1141012000,U040,90
1141012000,U041,88
1141012000,U042,77
1141012000,U043,92
1141012000,U044,70
1141012000,U045,92
1141012000,U046,67
1141012000,U047,46
1141012000,V001,71
1141012000,V002,63
1144010100,B001,44
1144010100,C001,55
1144010100,C003,46
1144010100,C002,56
1144010100,C004,70
1144010100,C005,51
1144010100,C007,50
1144010100,C006,62
1144010100,C009,55
1144010100,C008,70
1144010100,E001,58
1144010100,M001,61
1144010100,P001,58
1144010100,P002,40
1144010100,U001,56
1144010100,U003,30
1144010100,U002,51
1144010100,U005,30
1144010100,U004,61
1144010100,U007,49
1144010100,U006,58
1144010100,U009,58
1144010100,U008,66
1144010100,U010,57
1144010100,U012,49
1144010100,U011,68
1144010100,U014,54
1144010100,U013,54
1144010100,U015,75
1144010100,U016,46
1144010100,U018,62
1144010100,U019,70
1144010100,U021,72
1144010100,U020,50
1144010100,U017,39
1144010100,U022,37
1144010100,U023,61
1144010100,U024,71
1144010100,U025,67
1144010100,U026,62
1144010100,U027,58
1144010100,U028,53
1144010100,U029,58
1144010100,U030,54
1144010100,U033,47
1144010100,U032,51
1144010100,U034,71
1144010100,U036,61
1144010100,U037,48
1144010100,U038,58
1144010100,U039,29
1144010100,U031,35
1144010100,U035,41
1144010100,U040,58
1144010100,U042,56
1144010100,U041,75
1144010100,U043,64
1144010100,U044,48
1144010100,U045,65
1144010100,U047,39
1144010100,V001,58
1144010100,U046,48
1144010100,V002,39
1144010200,B001,46
1144010200,C003,43
1144010200,C001,49
1144010200,C002,59
1144010200,C004,72
1144010200,C005,63
1144010200,C007,52
1144010200,C006,67
1144010200,C009,56
1144010200,C008,75
1144010200,E001,60
1144010200,M001,66
1144010200,P002,42
1144010200,P001,59
1144010200,U001,58
1144010200,U002,57
1144010200,U003,32
1144010200,U005,33
1144010200,U004,65
1144010200,U006,63
1144010200,U007,55
1144010200,U009,63
1144010200,U010,58
1144010200,U008,69
1144010200,U011,73
1144010200,U012,58
1144010200,U013,60
1144010200,U014,56
1144010200,U015,80
1144010200,U016,51
1144010200,U019,75
1144010200,U018,67
1144010200,U021,74
1144010200,U020,52
1144010200,U017,30
1144010200,U022,53
1144010200,U024,76
1144010200,U023,66
1144010200,U025,62
1144010200,U027,61
1144010200,U026,65
1144010200,U029,77
1144010200,U030,59
1144010200,U028,67
1144010200,U031,33
1144010200,U032,58
1144010200,U033,47
1144010200,U034,73
1144010200,U036,66
1144010200,U037,52
1144010200,U038,55
1144010200,U035,41
1144010200,U040,64
1144010200,U042,61
1144010200,U041,73
1144010200,U043,69
1144010200,U039,35
1144010200,U044,60
1144010200,U045,71
1144010200,U046,52
1144010200,U047,38
1144010200,V001,63
1144010200,V002,41
1144010300,B001,54
1144010300,C001,55
1144010300,C002,56
1144010300,C003,54
1144010300,C004,65
1144010300,C005,63
1144010300,C006,70
1144010300,C007,47
1144010300,C008,74
1144010300,C009,59
1144010300,E001,62
1144010300,P001,63
1144010300,M001,65
1144010300,P002,41
1144010300,U001,57
1144010300,U002,52
1144010300,U003,39
1144010300,U004,69
1144010300,U005,39
1144010300,U006,63
1144010300,U009,81
1144010300,U007,54
1144010300,U010,61
1144010300,U008,68
1144010300,U011,72
1144010300,U012,53
1144010300,U013,59
1144010300,U015,79
1144010300,U014,53
1144010300,U017,36
1144010300,U016,54
1144010300,U019,74
1144010300,U020,51
1144010300,U018,67
1144010300,U021,74
1144010300,U022,45
1144010300,U024,75
1144010300,U025,68
1144010300,U023,70
1144010300,U026,71
1144010300,U027,68
1144010300,U031,28
1144010300,U028,60
1144010300,U030,62
1144010300,U029,66
1144010300,U033,56
1144010300,U032,57
1144010300,U035,47
1144010300,U034,77
1144010300,U036,70
1144010300,U037,56
1144010300,U038,54
1144010300,U039,43
1144010300,U040,63
1144010300,U041,72
1144010300,U042,61
1144010300,U043,73
1144010300,U044,55
1144010300,U045,70
1144010300,U046,56
1144010300,U047,37
1144010300,V001,55
1144010300,V002,36
1144010400,B001,54
1144010400,C001,54
1144010400,C003,51
1144010400,C002,66
1144010400,C004,80
1144010400,C005,68
1144010400,C007,53
1144010400,C006,72
1144010400,C008,78
1144010400,C009,61
1144010400,E001,66
1144010400,P001,61
1144010400,P002,46
1144010400,M001,69
1144010400,U002,57
1144010400,U001,66
1144010400,U003,40
1144010400,U005,41
1144010400,U004,70
1144010400,U007,58
1144010400,U006,68
1144010400,U009,67
1144010400,U010,59
1144010400,U008,72
1144010400,U011,77
1144010400,U012,59
1144010400,U013,63
1144010400,U014,64
1144010400,U015,83
1144010400,U017,37
1144010400,U016,54
1144010400,U018,71
1144010400,U021,76
1144010400,U019,79
1144010400,U020,55
1144010400,U022,61
1144010400,U023,71
1144010400,U024,79
1144010400,U025,66
1144010400,U026,70
1144010400,U027,68
1144010400,U030,63
1144010400,U028,75
1144010400,U029,68
1144010400,U031,40
1144010400,U032,54
1144010400,U033,57
1144010400,U034,78
1144010400,U035,50
1144010400,U036,71
1144010400,U037,54
1144010400,U039,43
1144010400,U038,59
1144010400,U040,67
1144010400,U041,76
1144010400,U043,74
1144010400,U042,66
1144010400,U044,59
1144010400,U045,75
1144010400,U047,41
1144010400,U046,57
1144010400,V001,67
1144010400,V002,42
1144010500,B001,53
1144010500,C001,55
1144010500,C002,60
1144010500,C003,56
1144010500,C004,71
1144010500,C005,62
1144010500,C006,72
1144010500,C007,56
1144010500,C008,80
1144010500,C009,61
1144010500,E001,55
1144010500,P001,61
1144010500,M001,71
1144010500,P002,47
1144010500,U001,59
1144010500,U002,63
1144010500,U003,41
1144010500,U005,41
1144010500,U004,71
1144010500,U006,68
1144010500,U007,59
1144010500,U010,60
1144010500,U009,69
1144010500,U008,77
1144010500,U011,78
1144010500,U012,62
1144010500,U014,57
1144010500,U013,64
1144010500,U015,84
1144010500,U016,56
1144010500,U019,80
1144010500,U017,39
1144010500,U020,51
1144010500,U018,72
1144010500,U021,76
1144010500,U022,47
1144010500,U023,72
1144010500,U025,68
1144010500,U024,81
1144010500,U026,72
1144010500,U027,63
1144010500,U028,63
1144010500,U029,68
1144010500,U030,64
1144010500,U031,42
1144010500,U032,54
1144010500,U033,52
1144010500,U035,49
1144010500,U036,72
1144010500,U034,79
1144010500,U037,51
1144010500,U038,61
1144010500,U039,47
1144010500,U040,68
1144010500,U041,86
1144010500,U043,75
1144010500,U042,67
1144010500,U044,59
1144010500,U045,75
1144010500,U046,58
1144010500,V001,68
1144010500,U047,31
1144010500,V002,45
1144010600,B001,56
1144010600,C001,59
1144010600,C003,59
1144010600,C002,62
1144010600,C005,69
1144010600,C004,74
1144010600,C006,76
1144010600,C007,65
1144010600,C009,65
1144010600,C008,83
1144010600,E001,58
1144010600,M001,74
1144010600,P001,65
1144010600,P002,50
1144010600,U001,63
1144010600,U002,57
1144010600,U003,44
1144010600,U005,44
1144010600,U004,74
1144010600,U006,72
1144010600,U007,63
1144010600,U010,63
1144010600,U009,72
1144010600,U008,80
1144010600,U012,71
1144010600,U011,81
1144010600,U013,67
1144010600,U014,75
1144010600,U015,88
1144010600,U016,59
1144010600,U019,83
1144010600,U018,75
1144010600,U020,60
1144010600,U021,80
1144010600,U017,46
1144010600,U022,51
1144010600,U023,75
1144010600,U024,84
1144010600,U025,71
1144010600,U027,67
1144010600,U026,75
1144010600,U030,68
1144010600,U029,72
1144010600,U028,67
1144010600,U031,45
1144010600,U033,58
1144010600,U035,57
1144010600,U032,58
1144010600,U034,82
1144010600,U036,75
1144010600,U037,54
1144010600,U039,55
1144010600,U038,64
1144010600,U040,71
1144010600,U041,89
1144010600,U043,78
1144010600,U042,70
1144010600,U044,62
1144010600,U045,79
1144010600,V001,71
1144010600,U046,61
1144010600,V002,54
1144010700,B001,49
1144010700,C001,52
1144010700,C003,52
1144010700,C002,60
1144010600,U047,38
1144010700,C004,67
1144010700,C005,57
1144010700,C006,68
1144010700,C007,58
1144010700,C008,76
1144010700,C009,57
1144010700,P001,57
1144010700,E001,51
1144010700,P002,43
1144010700,M001,67
1144010700,U001,55
1144010700,U002,50
1144010700,U003,37
1144010700,U004,67
1144010700,U005,37
1144010700,U006,64
1144010700,U007,55
1144010700,U009,65
1144010700,U008,73
1144010700,U010,56
1144010700,U011,74
1144010700,U012,56
1144010700,U013,60
1144010700,U014,57
1144010700,U015,80
1144010700,U016,52
1144010700,U020,53
1144010700,U018,68
1144010700,U019,76
1144010700,U021,72
1144010700,U022,43
1144010700,U017,33
1144010700,U024,77
1144010700,U025,64
1144010700,U023,68
1144010700,U026,68
1144010700,U027,59
1144010700,U030,60
1144010700,U029,64
1144010700,U028,59
1144010700,U035,43
1144010700,U034,75
1144010700,U033,50
1144010700,U032,50
1144010700,U031,38
1144010700,U036,68
1144010700,U039,45
1144010700,U038,57
1144010700,U037,47
1144010700,U040,64
1144010700,U041,82
1144010700,U042,63
1144010700,U043,71
1144010700,U044,55
1144010700,U045,72
1144010700,U047,39
1144010700,U046,54
1144010700,V001,64
1144010700,V002,47
1144010800,B001,50
1144010800,C003,49
1144010800,C002,47
1144010800,C001,60
1144010800,C005,54
1144010800,C004,64
1144010800,C007,48
1144010800,C008,73
1144010800,C006,73
1144010800,C009,62
1144010800,E001,59
1144010800,M001,64
1144010800,P002,41
1144010800,P001,69
1144010800,U001,56
1144010800,U002,58
1144010800,U004,69
1144010800,U003,38
1144010800,U005,38
1144010800,U007,53
1144010800,U006,62
1144010800,U009,71
1144010800,U010,67
1144010800,U008,67
1144010800,U012,51
1144010800,U011,72
1144010800,U017,15
1144010800,U014,44
1144010800,U015,78
1144010800,U013,58
1144010800,U016,53
1144010800,U018,66
1144010800,U021,70
1144010800,U020,46
1144010800,U019,74
1144010800,U022,51
1144010800,U024,74
1144010800,U025,70
1144010800,U023,68
1144010800,U026,62
1144010800,U027,66
1144010800,U028,60
1144010800,U030,60
1144010800,U029,65
1144010800,U031,36
1144010800,U032,56
1144010800,U033,46
1144010800,U036,68
1144010800,U034,78
1144010800,U037,55
1144010800,U038,54
1144010800,U035,34
1144010800,U040,62
1144010800,U041,71
1144010800,U042,61
1144010800,U043,71
1144010800,U039,34
1144010800,U044,54
1144010800,U045,70
1144010800,U046,55
1144010800,U047,32
1144010800,V001,54
1144010800,V002,38
1144010900,C001,57
1144010900,B001,58
1144010900,C002,51
1144010900,C003,52
1144010900,C004,69
1144010900,C005,58
1144010900,C007,59
1144010900,C006,78
1144010900,C008,78
1144010900,C009,60
1144010900,E001,66
1144010900,M001,69
1144010900,P001,73
1144010900,P002,46
1144010900,U001,61
1144010900,U002,57
1144010900,U003,44
1144010900,U004,67
1144010900,U005,45
1144010900,U006,67
1144010900,U007,58
1144010900,U009,76
1144010900,U010,71
1144010900,U008,72
1144010900,U012,56
1144010900,U011,77
1144010900,U017,15
1144010900,U013,63
1144010900,U014,48
1144010900,U015,83
1144010900,U016,62
1144010900,U020,51
1144010900,U021,75
1144010900,U018,71
1144010900,U019,79
1144010900,U022,56
1144010900,U023,73
1144010900,U024,79
1144010900,U025,69
1144010900,U026,77
1144010900,U027,72
1144010900,U031,38
1144010900,U030,67
1144010900,U029,70
1144010900,U028,65
1144010900,U032,61
1144010900,U033,49
1144010900,U036,75
1144010900,U034,77
1144010900,U037,60
1144010900,U038,59
1144010900,U035,37
1144010900,U040,67
1144010900,U041,76
1144010900,U042,66
1144010900,U043,78
1144010900,U039,37
1144010900,U044,59
1144010900,U045,75
1144010900,U046,53
1144010900,U047,37
1144010900,V002,47
1144010900,V001,59
1144011000,B001,43
1144011000,C002,47
1144011000,C001,53
1144011000,C003,44
1144011000,C005,48
1144011000,C004,61
1144011000,C007,50
1144011000,C006,68
1144011000,C008,71
1144011000,C009,54
1144011000,E001,58
1144011000,M001,65
1144011000,P001,64
1144011000,P002,58
1144011000,U001,50
1144011000,U002,60
1144011000,U003,40
1144011000,U005,40
1144011000,U004,61
1144011000,U006,59
1144011000,U007,54
1144011000,U008,68
1144011000,U010,61
1144011000,U012,51
1144011000,U009,66
1144011000,U011,70
1144011000,U013,59
1144011000,U017,15
1144011000,U014,44
1144011000,U016,52
1144011000,U015,79
1144011000,U018,63
1144011000,U020,47
1144011000,U021,66
1144011000,U022,45
1144011000,U019,75
1144011000,U024,75
1144011000,U023,65
1144011000,U025,59
1144011000,U026,59
1144011000,U027,55
1144011000,U029,59
1144011000,U028,54
1144011000,U030,56
1144011000,U031,46
1144011000,U032,59
1144011000,U036,65
1144011000,U034,70
1144011000,U037,57
1144011000,U038,61
1144011000,U039,39
1144011000,U033,40
1144011000,U040,63
1144011000,U035,34
1144011000,U041,69
1144011000,U042,57
1144011000,U044,49
1144011000,U045,66
1144011000,U046,48
1144011000,V001,53
1144011100,B001,56
1144011000,U043,68
1144011100,C001,59
1144011000,V002,40
1144011100,C003,62
1144011000,U047,29
1144011100,C002,51
1144011100,C004,70
1144011100,C005,58
1144011100,C007,62
1144011100,C006,79
1144011100,C008,77
1144011100,C009,63
1144011100,E001,69
1144011100,M001,70
1144011100,P002,46
1144011100,P001,73
1144011100,U001,62
1144011100,U002,60
1144011100,U003,43
1144011100,U004,70
1144011100,U005,44
1144011100,U006,68
1144011100,U007,59
1144011100,U009,76
1144011100,U008,73
1144011100,U010,71
1144011100,U012,57
1144011100,U011,77
1144011100,U014,48
1144011100,U017,30
1144011100,U013,64
1144011100,U015,84
1144011100,U016,62
1144011100,U018,72
1144011100,U021,72
1144011100,U020,48
1144011100,U019,79
1144011100,U022,57
1144011100,U023,74
1144011100,U024,79
1144011100,U025,71
1144011100,U026,75
1144011100,U027,72
1144011100,U030,66
1144011100,U029,71
1144011100,U028,65
1144011100,U031,42
1144011100,U032,62
1144011100,U033,46
1144011100,U035,43
1144011100,U036,74
1144011100,U037,61
1144011100,U034,79
1144011100,U038,59
1144011100,U039,42
1144011100,U040,67
1144011100,U042,66
1144011100,U041,77
1144011100,U043,77
1144011100,U044,60
1144011100,U045,76
1144011100,U047,34
1144011100,U046,57
1144011100,V001,60
1144011100,V002,51
1144011200,B001,62
1144011200,C001,58
1144011200,C003,57
1144011200,C002,54
1144011200,C004,74
1144011200,C005,65
1144011200,C007,58
1144011200,C006,82
1144011200,C008,82
1144011200,C009,62
1144011200,E001,68
1144011200,P001,64
1144011200,M001,74
1144011200,P002,50
1144011200,U001,66
1144011200,U002,55
1144011200,U003,44
1144011200,U004,74
1144011200,U005,44
1144011200,U007,62
1144011200,U006,72
1144011200,U009,83
1144011200,U010,64
1144011200,U008,76
1144011200,U012,61
1144011200,U011,81
1144011200,U014,54
1144011200,U013,67
1144011200,U015,87
1144011200,U016,59
1144011200,U017,37
1144011200,U018,76
1144011200,U019,83
1144011200,U021,75
1144011200,U020,52
1144011200,U022,61
1144011200,U024,84
1144011200,U023,78
1144011200,U025,71
1144011200,U026,79
1144011200,U027,72
1144011200,U031,45
1144011200,U028,69
1144011200,U030,67
1144011200,U029,75
1144011200,U032,65
1144011200,U035,50
1144011200,U033,52
1144011200,U036,75
1144011200,U034,87
1144011200,U037,65
1144011200,U039,54
1144011200,U038,63
1144011200,U040,71
1144011200,U041,81
1144011200,U042,70
1144011200,U043,78
1144011200,U044,64
1144011200,U045,79
1144011200,U047,31
1144011200,U046,63
1144011200,V001,63
1144011200,V002,48
1144011300,B001,50
1144011300,C002,45
1144011300,C001,54
1144011300,C003,53
1144011300,C005,57
1144011300,C004,65
1144011300,C007,49
1144011300,C006,74
1144011300,C008,74
1144011300,E001,59
1144011300,C009,62
1144011300,P002,41
1144011300,M001,65
1144011300,P001,62
1144011300,U001,57
1144011300,U002,47
1144011300,U003,38
1144011300,U005,38
1144011300,U004,70
1144011300,U006,63
1144011300,U007,53
1144011300,U008,68
1144011300,U009,75
1144011300,U010,58
1144011300,U012,52
1144011300,U011,72
1144011300,U014,47
1144011300,U013,58
1144011300,U015,79
1144011300,U017,31
1144011300,U016,54
1144011300,U018,67
1144011300,U021,66
1144011300,U019,74
1144011300,U020,43
1144011300,U022,52
1144011300,U023,69
1144011300,U024,75
1144011300,U025,67
1144011300,U026,71
1144011300,U027,67
1144011300,U030,61
1144011300,U029,66
1144011300,U028,60
1144011300,U031,36
1144011300,U032,57
1144011300,U033,46
1144011300,U035,43
1144011300,U036,69
1144011300,U034,79
1144011300,U037,56
1144011300,U038,54
1144011300,U039,44
1144011300,U040,62
1144011300,U042,61
1144011300,U041,72
1144011300,U043,72
1144011300,U047,29
1144011300,U044,55
1144011300,U045,70
1144011300,U046,56
1144011300,V001,54
1144011300,V002,39
1144011400,B001,53
1144011400,C001,51
1144011400,C002,48
1144011400,C003,52
1144011400,C005,55
1144011400,C004,67
1144011400,C007,51
1144011400,C006,76
1144011400,C008,76
1144011400,C009,67
1144011400,E001,61
1144011400,M001,67
1144011400,P001,65
1144011400,P002,43
1144011400,U001,59
1144011400,U002,49
1144011400,U003,40
1144011400,U005,40
1144011400,U004,74
1144011400,U006,65
1144011400,U007,56
1144011400,U009,73
1144011400,U008,70
1144011400,U010,60
1144011400,U012,54
1144011400,U011,74
1144011400,U014,45
1144011400,U017,33
1144011400,U013,61
1144011400,U015,81
1144011400,U016,59
1144011400,U018,69
1144011400,U021,68
1144011400,U020,45
1144011400,U019,76
1144011400,U022,54
1144011400,U024,77
1144011400,U023,71
1144011400,U025,64
1144011400,U027,69
1144011400,U026,68
1144011400,U029,68
1144011400,U031,39
1144011400,U030,63
1144011400,U028,62
1144011400,U032,67
1144011400,U033,45
1144011400,U035,41
1144011400,U036,71
1144011400,U037,59
1144011400,U034,82
1144011400,U038,56
1144011400,U039,42
1144011400,U040,65
1144011400,U042,63
1144011400,U041,74
1144011400,U043,74
1144011400,U044,57
1144011400,U047,24
1144011400,U045,72
1144011400,U046,60
1144011400,V001,57
1144011400,V002,41
1144011500,B001,51
1144011500,C001,62
1144011500,C003,54
1144011500,C002,43
1144011500,C005,55
1144011500,C004,66
1144011500,C007,50
1144011500,C006,75
1144011500,C008,75
1144011500,C009,62
1144011500,E001,60
1144011500,M001,66
1144011500,P001,58
1144011500,P002,42
1144011500,U002,48
1144011500,U001,58
1144011500,U003,39
1144011500,U005,39
1144011500,U004,70
1144011500,U007,55
1144011500,U006,64
1144011500,U009,67
1144011500,U010,56
1144011500,U008,69
1144011500,U012,53
1144011500,U011,73
1144011500,U014,44
1144011500,U015,80
1144011500,U017,35
1144011500,U013,60
1144011500,U016,55
1144011500,U020,41
1144011500,U021,64
1144011500,U018,68
1144011500,U019,75
1144011500,U022,53
1144011500,U024,76
1144011500,U025,58
1144011500,U023,70
1144011500,U027,68
1144011500,U026,57
1144011500,U028,61
1144011500,U030,62
1144011500,U029,67
1144011500,U031,37
1144011500,U032,58
1144011500,U033,47
1144011500,U035,43
1144011500,U036,70
1144011500,U037,57
1144011500,U034,79
1144011500,U038,55
1144011500,U039,43
1144011500,U040,64
1144011500,U042,62
1144011500,U041,73
1144011500,U043,73
1144011500,U047,15
1144011500,U044,56
1144011500,U045,71
1144011500,U046,56
1144011500,V001,56
1144011500,V002,40
1144011600,C001,60
1144011600,B001,58
1144011600,C002,53
1144011600,C003,61
1144011600,C005,63
1144011600,C004,73
1144011600,C006,81
1144011600,C007,57
1144011600,C008,81
1144011600,C009,70
1144011600,E001,67
1144011600,M001,73
1144011600,P001,70
1144011600,P002,49
1144011600,U001,65
1144011600,U002,54
1144011600,U003,46
1144011600,U004,77
1144011600,U005,46
1144011600,U006,70
1144011600,U007,61
1144011600,U009,81
1144011600,U010,61
1144011600,U008,75
1144011600,U012,60
1144011600,U011,80
1144011600,U014,54
1144011600,U013,66
1144011600,U015,86
1144011600,U016,61
1144011600,U018,75
1144011600,U020,51
1144011600,U019,82
1144011600,U021,74
1144011600,U017,40
1144011600,U024,83
1144011600,U022,60
1144011600,U025,72
1144011600,U023,76
1144011600,U026,76
1144011600,U027,74
1144011600,U028,68
1144011600,U029,74
1144011600,U030,69
1144011600,U031,44
1144011600,U033,52
1144011600,U035,49
1144011600,U032,75
1144011600,U036,76
1144011600,U034,86
1144011600,U037,67
1144011600,U038,62
1144011600,U039,51
1144011600,U040,70
1144011600,U041,79
1144011600,U042,69
1144011600,U043,79
1144011600,U044,62
1144011600,U047,15
1144011600,U045,78
1144011600,U046,64
1144011600,V001,62
1144011600,V002,46
1144011700,B001,57
1144011700,C001,59
1144011700,C003,60
1144011700,C002,52
1144011700,C005,62
1144011700,C004,72
1144011700,C007,55
1144011700,C006,80
1144011700,C008,80
1144011700,C009,69
1144011700,E001,66
1144011700,P001,69
1144011700,M001,72
1144011700,P002,48
1144011700,U001,63
1144011700,U002,53
1144011700,U003,45
1144011700,U005,45
1144011700,U004,76
1144011700,U006,69
1144011700,U007,60
1144011700,U009,80
1144011700,U010,65
1144011700,U008,74
1144011700,U012,59
1144011700,U011,79
1144011700,U014,52
1144011700,U013,65
1144011700,U015,85
1144011700,U016,66
1144011700,U018,74
1144011700,U020,50
1144011700,U017,37
1144011700,U019,81
1144011700,U021,73
1144011700,U024,82
1144011700,U023,75
1144011700,U022,59
1144011700,U025,71
1144011700,U026,75
1144011700,U027,73
1144011700,U028,67
1144011700,U030,68
1144011700,U029,73
1144011700,U031,43
1144011700,U033,51
1144011700,U032,74
1144011700,U035,48
1144011700,U034,85
1144011700,U036,75
1144011700,U038,61
1144011700,U037,66
1144011700,U039,55
1144011700,U040,69
1144011700,U041,78
1144011700,U042,68
1144011700,U043,78
1144011700,U047,30
1144011700,U044,61
1144011700,U045,77
1144011700,U046,62
1144011700,V001,61
1144011700,V002,45
1144011800,B001,64
1144011800,C001,67
1144011800,C002,59
1144011800,C003,66
1144011800,C005,69
1144011800,C004,78
1144011800,C006,87
1144011800,C007,62
1144011800,C008,87
1144011800,E001,73
1144011800,C009,76
1144011800,M001,78
1144011800,P001,76
1144011800,P002,55
1144011800,U002,60
1144011800,U001,70
1144011800,U003,51
1144011800,U005,52
1144011800,U004,83
1144011800,U007,67
1144011800,U006,76
1144011800,U009,87
1144011800,U010,71
1144011800,U008,81
1144011800,U012,65
1144011800,U011,86
1144011800,U015,92
1144011800,U014,59
1144011800,U013,72
1144011800,U016,67
1144011800,U017,59
1144011800,U018,80
1144011800,U020,56
1144011800,U019,88
1144011800,U021,80
1144011800,U024,88
1144011800,U022,65
1144011800,U023,82
1144011800,U025,79
1144011800,U026,83
1144011800,U027,80
1144011800,U028,74
1144011800,U029,79
1144011800,U031,50
1144011800,U030,74
1144011800,U032,78
1144011800,U033,58
1144011800,U035,55
1144011800,U036,82
1144011800,U034,92
1144011800,U038,68
1144011800,U037,69
1144011800,U039,56
1144011800,U040,76
1144011800,U041,85
1144011800,U043,85
1144011800,U042,74
1144011800,U044,68
1144011800,U045,84
1144011800,U046,69
1144011800,V001,68
1144011800,V002,52
1144012000,B001,58
1144012000,C001,54
1144012000,C002,44
1144012000,C003,52
1144012000,C004,84
1144012000,C005,48
1144012000,C007,57
1144012000,C006,76
1144012000,C008,78
1144012000,C009,62
1144012000,E001,69
1144012000,P001,52
1144012000,P002,49
1144012000,U001,57
1144012000,M001,73
1144012000,U002,57
1144012000,U003,44
1144012000,U004,69
1144012000,U005,45
1144012000,U006,67
1144012000,U007,61
1144012000,U008,75
1144012000,U010,50
1144012000,U012,59
1144012000,U011,78
1144012000,U013,66
1144012000,U009,65
1144012000,U014,38
1144012000,U017,34
1144012000,U015,87
1144012000,U016,63
1144012000,U018,70
1144012000,U019,83
1144012000,U020,45
1144012000,U021,68
1144012000,U022,53
1144012000,U023,73
1144012000,U024,83
1144012000,U025,67
1144012000,U026,61
1144012000,U027,72
1144012000,U030,64
1144012000,U028,61
1144012000,U029,66
1144012000,U031,45
1144012000,U032,61
1144012000,U033,45
1144012000,U035,43
1144012000,U036,73
1144012000,U034,78
1144012000,U037,59
1144012000,U038,63
1144012000,U039,44
1144012000,U040,92
1144012000,U042,65
1144012000,U041,76
1144012000,U043,73
1144012000,U044,70
1144012000,U047,23
1144012000,U045,74
1144012000,U046,55
1144012000,V001,61
1144012100,B001,45
1144012000,V002,47
1144012100,C001,50
1144012100,C003,47
1144012100,C002,40
1144012100,C005,47
1144012100,C004,63
1144012100,C007,52
1144012100,C006,70
1144012100,C008,73
1144012100,C009,56
1144012100,E001,63
1144012100,P001,56
1144012100,M001,67
1144012100,P002,48
1144012100,U001,52
1144012100,U002,52
1144012100,U003,43
1144012100,U005,44
1144012100,U006,61
1144012100,U004,63
1144012100,U007,56
1144012100,U008,70
1144012100,U010,54
1144012100,U009,64
1144012100,U012,53
1144012100,U011,72
1144012100,U017,33
1144012100,U014,37
1144012100,U013,61
1144012100,U016,51
1144012100,U015,81
1144012100,U021,62
1144012100,U018,64
1144012100,U020,43
1144012100,U019,76
1144012100,U022,47
1144012100,U023,67
1144012100,U024,77
1144012100,U025,56
1144012100,U026,55
1144012100,U027,57
1144012100,U030,58
1144012100,U029,61
1144012100,U028,56
1144012100,U031,41
1144012100,U032,56
1144012100,U035,39
1144012100,U036,67
1144012100,U037,53
1144012100,U034,72
1144012100,U038,57
1144012100,U039,37
1144012100,U040,65
1144012100,U042,59
1144012100,U041,71
1144012100,U043,68
1144012100,U033,44
1144012100,U047,35
1144012100,U044,51
1144012100,U045,68
1144012100,U046,50
1144012100,V001,55
1144012100,V002,42
1144012200,B001,54
1144012200,C001,57
1144012200,C003,62
1144012200,C002,47
1144012200,C005,57
1144012200,C004,72
1144012200,C007,56
1144012200,C006,81
1144012200,C008,81
1144012200,C009,65
1144012200,E001,68
1144012200,P002,48
1144012200,P001,55
1144012200,M001,72
1144012200,U001,61
1144012200,U002,53
1144012200,U003,54
1144012200,U004,72
1144012200,U005,54
1144012200,U007,60
1144012200,U010,53
1144012200,U006,70
1144012200,U009,75
1144012200,U008,74
1144012200,U012,59
1144012200,U014,47
1144012200,U011,79
1144012200,U013,65
1144012200,U015,86
1144012200,U016,60
1144012200,U017,43
1144012200,U018,74
1144012200,U019,81
1144012200,U020,43
1144012200,U021,67
1144012200,U022,56
1144012200,U024,82
1144012200,U023,76
1144012200,U025,60
1144012200,U026,59
1144012200,U027,66
1144012200,U028,67
1144012200,U030,67
1144012200,U029,70
1144012200,U031,43
1144012200,U032,60
1144012200,U033,54
1144012200,U035,46
1144012200,U036,75
1144012200,U037,57
1144012200,U034,81
1144012200,U038,61
1144012200,U039,46
1144012200,U040,69
1144012200,U042,68
1144012200,U043,72
1144012200,U041,79
1144012200,U044,62
1144012200,U045,77
1144012200,U046,59
1144012200,U047,30
1144012200,V001,61
1144012200,V002,46
1144012300,B001,68
1144012300,C003,65
1144012300,C002,50
1144012300,C001,56
1144012300,C004,74
1144012300,C005,59
1144012300,C007,57
1144012300,C008,80
1144012300,C006,82
1144012300,C009,70
1144012300,E001,68
1144012300,P001,66
1144012300,M001,73
1144012300,P002,50
1144012300,U001,65
1144012300,U002,55
1144012300,U003,54
1144012300,U005,54
1144012300,U004,78
1144012300,U006,71
1144012300,U007,62
1144012300,U009,77
1144012300,U008,76
1144012300,U010,64
1144012300,U012,61
1144012300,U011,81
1144012300,U014,48
1144012300,U015,87
1144012300,U013,67
1144012300,U016,74
1144012300,U017,44
1144012300,U018,75
1144012300,U020,41
1144012300,U019,83
1144012300,U021,68
1144012300,U022,61
1144012300,U024,84
1144012300,U023,77
1144012300,U025,65
1144012300,U026,65
1144012300,U027,77
1144012300,U028,69
1144012300,U029,75
1144012300,U031,45
1144012300,U030,72
1144012300,U032,65
1144012300,U033,55
1144012300,U035,49
1144012300,U036,77
1144012300,U037,65
1144012300,U034,87
1144012300,U038,63
1144012300,U039,58
1144012300,U040,71
1144012300,U041,80
1144012300,U043,80
1144012300,U044,63
1144012300,U042,70
1144012300,U045,79
1144012300,U046,64
1144012300,U047,39
1144012300,V001,63
1144012300,V002,47
1144012400,B001,57
1144012400,C002,41
1144012400,C001,58
1144012400,C003,49
1144012400,C004,75
1144012400,C005,48
1144012400,C007,60
1144012400,C006,79
1144012400,C009,65
1144012400,C008,81
1144012400,E001,72
1144012400,M001,77
1144012400,P001,65
1144012400,P002,53
1144012400,U001,60
1144012400,U002,72
1144012400,U005,49
1144012400,U003,44
1144012400,U007,65
1144012400,U004,72
1144012400,U006,74
1144012400,U008,78
1144012400,U010,63
1144012400,U012,62
1144012400,U009,66
1144012400,U011,81
1144012400,U013,70
1144012400,U016,53
1144012400,U017,39
1144012400,U015,90
1144012400,U020,53
1144012400,U021,71
1144012400,U014,39
1144012400,U019,86
1144012400,U022,60
1144012400,U023,79
1144012400,U024,87
1144012400,U025,64
1144012400,U027,67
1144012400,U028,64
1144012400,U029,70
1144012400,U018,73
1144012400,U031,47
1144012400,U032,64
1144012400,U030,67
1144012400,U026,64
1144012400,U035,41
1144012400,U034,81
1144012400,U036,76
1144012400,U037,80
1144012400,U038,63
1144012400,U033,46
1144012400,U040,77
1144012400,U041,79
1144012400,U042,68
1144012400,U043,76
1144012400,U044,68
1144012400,U045,77
1144012400,U046,58
1144012400,V001,64
1144012400,V002,50
1144012500,B001,59
1144012400,U039,49
1144012500,C001,60
1144012500,C002,45
1144012500,C003,51
1144012400,U047,43
1144012500,C005,58
1144012500,C007,62
1144012500,C004,78
1144012500,C006,87
1144012500,C008,87
1144012500,C009,71
1144012500,E001,73
1144012500,M001,78
1144012500,P001,52
1144012500,P002,54
1144012500,U001,71
1144012500,U002,60
1144012500,U003,54
1144012500,U004,78
1144012500,U005,56
1144012500,U006,76
1144012500,U007,67
1144012500,U010,50
1144012500,U009,74
1144012500,U008,81
1144012500,U012,65
1144012500,U011,85
1144012500,U014,43
1144012500,U015,92
1144012500,U013,72
1144012500,U016,61
1144012500,U017,48
1144012500,U018,80
1144012500,U020,42
1144012500,U019,87
1144012500,U022,61
1144012500,U021,73
1144012500,U024,88
1144012500,U023,82
1144012500,U025,66
1144012500,U027,69
1144012500,U026,66
1144012500,U028,80
1144012500,U029,90
1144012500,U030,74
1144012500,U031,50
1144012500,U033,48
1144012500,U032,70
1144012500,U035,43
1144012500,U034,87
1144012500,U036,82
1144012500,U037,64
1144012500,U038,67
1144012500,U039,50
1144012500,U040,76
1144012500,U042,74
1144012500,U043,78
1144012500,U041,85
1144012500,U044,68
1144012500,U045,84
1144012500,U046,65
1144012500,U047,41
1144012500,V001,68
1144012500,V002,52
1144012600,B001,62
1144012600,C002,44
1144012600,C001,67
1144012600,C003,54
1144012600,C005,64
1144012600,C004,75
1144012600,C007,69
1144012600,C006,81
1144012600,C008,94
1144012600,C009,70
1144012600,M001,85
1144012600,P001,63
1144012600,E001,70
1144012600,P002,61
1144012600,U001,74
1144012600,U002,67
1144012600,U003,57
1144012600,U004,84
1144012600,U005,59
1144012600,U006,74
1144012600,U007,74
1144012600,U010,61
1144012600,U008,88
1144012600,U009,68
1144012600,U011,92
1144012600,U012,72
1144012600,U013,79
1144012600,U015,99
1144012600,U016,61
1144012600,U017,52
1144012600,U014,38
1144012600,U018,87
1144012600,U020,42
1144012600,U019,94
1144012600,U021,80
1144012600,U022,63
1144012600,U023,79
1144012600,U024,95
1144012600,U025,76
1144012600,U026,76
1144012600,U027,77
1144012600,U028,80
1144012600,U029,86
1144012600,U030,79
1144012600,U031,47
1144012600,U033,50
1144012600,U032,66
1144012600,U035,46
1144012600,U034,93
1144012600,U036,79
1144012600,U037,68
1144012600,U039,53
1144012600,U038,63
1144012600,U040,83
1144012600,U041,92
1144012600,U042,73
1144012600,U043,82
1144012600,U045,90
1144012600,U044,75
1144012600,U047,44
1144012600,U046,70
1144012600,V001,65
1144012700,B001,74
1144012600,V002,59
1144012700,C001,66
1144012700,C003,83
1144012700,C002,60
1144012700,C005,82
1144012700,C004,93
1144012700,C007,81
1144012700,C006,94
1144012700,C008,102
1144012700,C009,85
1144012700,P001,72
1144012700,E001,66
1144012700,M001,97
1144012700,P002,74
1144012700,U001,81
1144012700,U002,65
1144012700,U005,68
1144012700,U004,93
1144012700,U003,68
1144012700,U006,90
1144012700,U007,86
1144012700,U009,95
1144012700,U010,70
1144012700,U008,99
1144012700,U012,82
1144012700,U014,58
1144012700,U011,101
1144012700,U013,91
1144012700,U015,111
1144012700,U016,83
1144012700,U017,63
1144012700,U020,62
1144012700,U018,94
1144012700,U019,105
1144012700,U021,81
1144012700,U022,76
1144012700,U024,108
1144012700,U023,99
1144012700,U025,79
1144012700,U026,87
1144012700,U027,89
1144012700,U028,85
1144012700,U030,82
1144012700,U029,90
1144012700,U031,69
1144012700,U032,78
1144012700,U033,71
1144012700,U035,66
1144012700,U034,102
1144012700,U036,99
1144012700,U037,66
1144012700,U039,66
1144012700,U038,73
1144012700,U040,92
1144012700,U042,89
1144012700,U043,81
1144012700,U041,98
1144012700,U044,80
1144012700,U047,56
1144012700,V001,74
1144012700,U045,97
1144012700,U046,79
1144012700,V002,71
1147010100,C003,74
1147010100,B001,68
1147010100,C002,75
1147010100,C001,36
1147010100,C004,87
1147010100,C005,82
1147010100,C007,73
1147010100,C006,103
1147010100,C008,96
1147010100,C009,85
1147010100,E001,69
1147010100,P001,52
1147010100,M001,89
1147010100,P002,65
1147010100,U001,77
1147010100,U002,78
1147010100,U003,59
1147010100,U004,97
1147010100,U005,59
1147010100,U006,85
1147010100,U007,77
1147010100,U010,57
1147010100,U008,93
1147010100,U009,87
1147010100,U012,82
1147010100,U011,103
1147010100,U013,82
1147010100,U014,78
1147010100,U015,109
1147010100,U016,74
1147010100,U017,63
1147010100,U019,101
1147010100,U018,90
1147010100,U020,71
1147010100,U021,68
1147010100,U022,65
1147010100,U025,45
1147010100,U026,42
1147010100,U024,105
1147010100,U023,91
1147010100,U027,84
1147010100,U030,91
1147010100,U031,65
1147010100,U029,87
1147010100,U028,84
1147010100,U033,84
1147010100,U032,67
1147010100,U035,66
1147010100,U036,90
1147010100,U034,95
1147010100,U039,66
1147010100,U037,63
1147010100,U038,71
1147010100,U040,88
1147010100,U041,117
1147010100,U043,79
1147010100,U042,83
1147010100,U044,80
1147010100,U046,79
1147010100,U045,101
1147010100,U047,60
1147010100,V001,83
1147010100,V002,62
1147010200,B001,67
1147010200,C001,60
1147010200,C002,59
1147010200,C003,67
1147010200,C005,76
1147010200,C004,85
1147010200,C007,74
1147010200,C006,87
1147010200,C008,94
1147010200,C009,78
1147010200,P001,54
1147010200,E001,68
1147010200,M001,85
1147010200,P002,61
1147010200,U001,74
1147010200,U002,57
1147010200,U003,55
1147010200,U005,55
1147010200,U004,85
1147010200,U006,83
1147010200,U007,74
1147010200,U010,52
1147010200,U008,91
1147010200,U009,83
1147010200,U012,75
1147010200,U011,99
1147010200,U014,57
1147010200,U013,78
1147010200,U016,70
1147010200,U017,60
1147010200,U015,99
1147010200,U019,94
1147010200,U018,86
1147010200,U020,61
1147010200,U021,73
1147010200,U022,62
1147010200,U024,95
1147010200,U025,73
1147010200,U023,86
1147010200,U026,61
1147010200,U027,90
1147010200,U030,79
1147010200,U028,78
1147010200,U029,83
1147010200,U031,56
1147010200,U032,73
1147010200,U033,64
1147010200,U034,94
1147010200,U035,58
1147010200,U036,86
1147010200,U037,56
1147010200,U038,66
1147010200,U039,58
1147010200,U040,81
1147010200,U041,100
1147010200,U043,73
1147010200,U042,81
1147010200,U044,73
1147010200,U047,56
1147010200,V001,70
1147010200,U045,97
1147010200,U046,71
1147010200,V002,64
1147010300,C003,87
1147010300,C001,42
1147010300,B001,74
1147010300,C002,74
1147010300,C004,101
1147010300,C005,83
1147010300,C006,94
1147010300,C007,78
1147010300,C008,110
1147010300,P001,42
1147010300,C009,83
1147010300,E001,88
1147010300,P002,68
1147010300,M001,92
1147010300,U002,67
1147010300,U001,81
1147010300,U003,62
1147010300,U005,62
1147010300,U004,93
1147010300,U007,81
1147010300,U006,90
1147010300,U010,44
1147010300,U008,107
1147010300,U009,90
1147010300,U012,81
1147010300,U011,112
1147010300,U013,86
1147010300,U014,71
1147010300,U015,106
1147010300,U016,78
1147010300,U017,79
1147010300,U018,94
1147010300,U021,85
1147010300,U020,71
1147010300,U019,101
1147010300,U022,69
1147010300,U024,102
1147010300,U025,49
1147010300,U023,93
1147010300,U026,43
1147010300,U027,93
1147010300,U030,86
1147010300,U028,85
1147010300,U031,64
1147010300,U029,90
1147010300,U032,75
1147010300,U033,83
1147010300,U035,78
1147010300,U036,93
1147010300,U034,100
1147010300,U037,76
1147010300,U038,79
1147010300,U039,67
1147010300,U040,89
1147010300,U041,107
1147010300,U042,97
1147010300,U043,83
1147010300,U044,80
1147010300,U045,110
1147010300,U047,64
1147010300,U046,79
1147010300,V001,91
1147010300,V002,71
1150010100,C001,69
1150010100,B001,75
1150010100,C002,67
1150010100,C003,67
1150010100,C004,84
1150010100,C005,74
1150010100,C007,73
1150010100,C006,85
1150010100,C008,94
1150010100,E001,57
1150010100,C009,83
1150010100,P001,52
1150010100,M001,91
1150010100,P002,67
1150010100,U002,56
1150010100,U001,78
1150010100,U003,62
1150010100,U005,56
1150010100,U004,80
1150010100,U006,82
1150010100,U007,79
1150010100,U008,90
1150010100,U009,92
1150010100,U012,80
1150010100,U011,98
1150010100,U013,84
1150010100,U010,39
1150010100,U014,64
1150010100,U016,78
1150010100,U017,64
1150010100,U015,105
1150010100,U018,91
1150010100,U019,100
1150010100,U021,79
1150010100,U020,62
1150010100,U022,77
1150010100,U025,82
1150010100,U024,101
1150010100,U023,88
1150010100,U026,98
1150010100,U027,90
1150010100,U028,83
1150010100,U030,73
1150010100,U029,88
1150010100,U032,58
1150010100,U031,62
1150010100,U033,64
1150010100,U035,59
1150010100,U034,86
1150010100,U037,58
1150010100,U036,86
1150010100,U039,65
1150010100,U038,64
1150010100,U042,80
1150010100,U041,89
1150010100,U040,87
1150010100,U043,72
1150010100,U044,81
1150010100,U047,55
1150010100,U046,76
1150010100,U045,96
1150010100,V001,65
1150010100,V002,62
1150010200,B001,81
1150010200,C001,68
1150010200,C002,64
1150010200,C003,65
1150010200,C004,86
1150010200,C005,72
1150010200,C006,94
1150010200,C007,80
1150010200,C009,78
1150010200,E001,66
1150010200,C008,96
1150010200,M001,89
1150010200,P002,65
1150010200,U002,53
1150010200,U001,84
1150010200,P001,38
1150010200,U003,56
1150010200,U005,56
1150010200,U007,77
1150010200,U004,85
1150010200,U006,84
1150010200,U010,33
1150010200,U008,93
1150010200,U012,75
1150010200,U011,96
1150010200,U013,82
1150010200,U014,59
1150010200,U009,87
1150010200,U015,102
1150010200,U016,75
1150010200,U017,58
1150010200,U019,100
1150010200,U020,56
1150010200,U021,75
1150010200,U018,86
1150010200,U022,74
1150010200,U023,90
1150010200,U024,99
1150010200,U025,66
1150010200,U026,68
1150010200,U027,88
1150010200,U028,84
1150010200,U030,82
1150010200,U029,83
1150010200,U031,60
1150010200,U032,58
1150010200,U033,62
1150010200,U035,57
1150010200,U034,94
1150010200,U036,87
1150010200,U037,55
1150010200,U038,65
1150010200,U039,58
1150010200,U040,85
1150010200,U041,86
1150010200,U042,82
1150010200,U043,69
1150010200,U044,79
1150010200,U045,94
1150010200,U047,53
1150010200,U046,71
1150010200,V001,68
1150010200,V002,70
1150010300,C001,57
1150010300,B001,70
1150010300,C003,73
1150010300,C002,72
1150010300,C004,88
1150010300,C005,79
1150010300,C006,90
1150010300,C008,97
1150010300,C007,74
1150010300,P001,28
1150010300,C009,79
1150010300,E001,64
1150010300,M001,88
1150010300,P002,64
1150010300,U001,77
1150010300,U002,63
1150010300,U003,58
1150010300,U004,88
1150010300,U005,58
1150010300,U007,77
1150010300,U006,86
1150010300,U010,26
1150010300,U008,94
1150010300,U009,86
1150010300,U012,77
1150010300,U011,95
1150010300,U013,81
1150010300,U014,70
1150010300,U016,73
1150010300,U015,102
1150010300,U017,65
1150010300,U018,89
1150010300,U019,97
1150010300,U021,74
1150010300,U020,67
1150010300,U022,65
1150010300,U024,98
1150010300,U023,89
1150010300,U025,65
1150010300,U026,59
1150010300,U027,81
1150010300,U029,86
1150010300,U028,81
1150010300,U030,82
1150010300,U031,59
1150010300,U032,70
1150010300,U033,69
1150010300,U035,64
1150010300,U034,96
1150010300,U036,89
1150010300,U037,60
1150010300,U038,70
1150010300,U039,63
1150010300,U040,86
1150010300,U041,103
1150010300,U043,92
1150010300,U042,84
1150010300,U044,76
1150010300,U045,93
1150010300,U046,75
1150010300,U047,60
1150010300,V001,73
1150010300,V002,67
1150010400,B001,79
1150010400,C001,77
1150010400,C002,74
1150010400,C003,74
1150010400,C005,86
1150010400,C004,92
1150010400,C007,83
1150010400,C006,93
1150010400,C008,101
1150010400,C009,90
1150010400,E001,65
1150010400,P001,45
1150010400,M001,98
1150010400,P002,74
1150010400,U002,64
1150010400,U001,86
1150010400,U003,68
1150010400,U004,88
1150010400,U005,68
1150010400,U006,90
1150010400,U007,87
1150010400,U010,42
1150010400,U008,98
1150010400,U012,82
1150010400,U009,103
1150010400,U014,71
1150010400,U011,105
1150010400,U013,92
1150010400,U016,84
1150010400,U015,112
1150010400,U017,71
1150010400,U019,108
1150010400,U021,86
1150010400,U020,69
1150010400,U018,99
1150010400,U022,84
1150010400,U023,96
1150010400,U024,108
1150010400,U025,81
1150010400,U026,74
1150010400,U027,98
1150010400,U028,90
1150010400,U029,95
1150010400,U030,81
1150010400,U031,70
1150010400,U032,65
1150010400,U033,76
1150010400,U036,99
1150010400,U035,71
1150010400,U034,93
1150010400,U037,65
1150010400,U038,72
1150010400,U039,73
1150010400,U040,95
1150010400,U041,97
1150010400,U042,88
1150010400,U043,80
1150010400,U044,88
1150010400,U046,84
1150010400,U047,62
1150010400,U045,104
1150010400,V001,73
1150010400,V002,73
1150010500,B001,74
1150010500,C002,57
1150010500,C001,73
1150010500,C003,76
1150010500,C005,73
1150010500,C004,90
1150010500,C007,72
1150010500,C006,92
1150010500,C008,100
1150010500,C009,85
1150010500,E001,64
1150010500,P001,64
1150010500,M001,90
1150010500,P002,66
1150010500,U002,63
1150010500,U001,80
1150010500,U003,62
1150010500,U004,86
1150010500,U005,62
1150010500,U007,79
1150010500,U006,88
1150010500,U008,97
1150010500,U010,50
1150010500,U009,90
1150010500,U012,76
1150010500,U011,97
1150010500,U014,67
1150010500,U013,84
1150010500,U015,104
1150010500,U016,77
1150010500,U017,60
1150010500,U018,93
1150010500,U019,99
1150010500,U021,81
1150010500,U020,55
1150010500,U022,68
1150010500,U024,100
1150010500,U023,94
1150010500,U026,71
1150010500,U025,80
1150010500,U027,92
1150010500,U028,84
1150010500,U029,89
1150010500,U030,80
1150010500,U031,62
1150010500,U032,64
1150010500,U036,93
1150010500,U033,82
1150010500,U034,92
1150010500,U035,77
1150010500,U037,64
1150010500,U038,70
1150010500,U039,65
1150010500,U040,88
1150010500,U041,96
1150010500,U043,78
1150010500,U042,86
1150010500,U044,80
1150010500,U045,95
1150010500,U046,78
1150010500,U047,55
1150010500,V001,72
1150010500,V002,62
1150010600,B001,77
1150010600,C001,56
1150010600,C003,83
1150010600,C002,73
1150010600,C005,84
1150010600,C004,95
1150010600,C007,81
1150010600,C006,97
1150010600,P001,32
1150010600,C008,105
1150010600,C009,86
1150010600,E001,72
1150010600,M001,95
1150010600,U001,84
1150010600,P002,72
1150010600,U002,70
1150010600,U003,65
1150010600,U004,96
1150010600,U005,66
1150010600,U007,84
1150010600,U006,93
1150010600,U008,102
1150010600,U009,93
1150010600,U012,84
1150010600,U013,89
1150010600,U011,103
1150010600,U014,70
1150010600,U015,109
1150010600,U016,81
1150010600,U017,66
1150010600,U018,97
1150010600,U019,105
1150010600,U021,82
1150010600,U024,105
1150010600,U022,72
1150010600,U010,40
1150010600,U025,69
1150010600,U026,65
1150010600,U027,88
1150010600,U023,96
1150010600,U029,93
1150010600,U030,89
1150010600,U031,67
1150010600,U033,80
1150010600,U032,77
1150010600,U020,64
1150010600,U034,104
1150010600,U035,74
1150010600,U036,96
1150010600,U038,77
1150010600,U037,71
1150010600,U039,70
1150010600,U028,88
1150010600,U041,111
1150010600,U040,93
1150010600,U042,91
1150010600,U043,87
1150010600,U047,64
1150010600,U044,84
1150010600,U045,100
1150010600,U046,83
1150010600,V001,81
1150010700,C003,83
1150010700,B001,82
1150010600,V002,74
1150010700,C001,55
1150010700,C002,64
1150010700,C005,79
1150010700,C004,97
1150010700,C007,79
1150010700,C006,101
1150010700,C008,109
1150010700,C009,90
1150010700,P001,50
1150010700,E001,69
1150010700,P002,73
1150010700,M001,96
1150010700,U002,68
1150010700,U001,88
1150010700,U003,70
1150010700,U004,100
1150010700,U005,70
1150010700,U007,85
1150010700,U006,93
1150010700,U010,51
1150010700,U008,106
1150010700,U009,97
1150010700,U012,82
1150010700,U011,104
1150010700,U013,90
1150010700,U014,71
1150010700,U015,110
1150010700,U016,85
1150010700,U017,66
1150010700,U018,101
1150010700,U020,61
1150010700,U019,106
1150010700,U021,98
1150010700,U022,77
1150010700,U024,106
1150010700,U025,62
1150010700,U026,55
1150010700,U023,101
1150010700,U027,100
1150010700,U028,92
1150010700,U030,93
1150010700,U029,97
1150010700,U031,68
1150010700,U032,69
1150010700,U033,80
1150010700,U034,107
1150010700,U036,101
1150010700,U035,75
1150010700,U037,69
1150010700,U038,75
1150010700,U039,71
1150010700,U040,90
1150010700,U041,101
1150010700,U042,92
1150010700,U043,83
1150010700,U044,88
1150010700,U047,61
1150010700,U046,84
1150010700,U045,102
1150010700,V001,77
1150010700,V002,69
1150010800,B001,87
1150010800,C002,70
1150010800,C001,67
1150010800,C003,95
1150010800,C004,105
1150010800,C005,86
1150010800,C007,85
1150010800,C006,106
1150010800,C008,114
1150010800,E001,78
1150010800,C009,99
1150010800,P001,50
1150010800,M001,103
1150010800,P002,79
1150010800,U001,93
1150010800,U002,77
1150010800,U003,83
1150010800,U004,101
1150010800,U005,83
1150010800,U007,92
1150010800,U006,103
1150010800,U010,52
1150010800,U008,111
1150010800,U009,103
1150010800,U012,89
1150010800,U011,110
1150010800,U013,97
1150010800,U014,80
1150010800,U015,117
1150010800,U016,98
1150010800,U017,73
1150010800,U019,112
1150010800,U018,106
1150010800,U020,68
1150010800,U021,110
1150010800,U022,89
1150010800,U024,113
1150010800,U023,109
1150010800,U025,74
1150010800,U026,63
1150010800,U027,113
1150010800,U030,94
1150010800,U029,103
1150010800,U028,97
1150010800,U031,75
1150010800,U032,78
1150010800,U033,91
1150010800,U035,86
1150010800,U036,114
1150010800,U034,106
1150010800,U037,78
1150010800,U038,85
1150010800,U039,80
1150010800,U040,100
1150010800,U041,110
1150010800,U042,101
1150010800,U043,93
1150010800,U044,97
1150010800,U045,109
1150010800,U046,93
1150010800,U047,68
1150010800,V001,82
1150010900,C001,61
1150010900,B001,81
1150010800,V002,75
1150010900,C003,84
1150010900,C002,70
1150010900,C005,73
1150010900,C007,85
1150010900,C006,101
1150010900,C004,99
1150010900,C008,108
1150010900,P001,44
1150010900,C009,89
1150010900,E001,75
1150010900,M001,99
1150010900,P002,75
1150010900,U002,74
1150010900,U001,87
1150010900,U003,69
1150010900,U004,99
1150010900,U005,69
1150010900,U007,87
1150010900,U006,96
1150010900,U010,47
1150010900,U008,105
1150010900,U009,97
1150010900,U012,88
1150010900,U013,92
1150010900,U011,106
1150010900,U014,67
1150010900,U016,84
1150010900,U015,113
1150010900,U017,60
1150010900,U020,55
1150010900,U018,100
1150010900,U021,85
1150010900,U019,108
1150010900,U022,76
1150010900,U024,109
1150010900,U025,75
1150010900,U026,63
1150010900,U023,100
1150010900,U027,91
1150010900,U028,91
1150010900,U029,97
1150010900,U031,70
1150010900,U030,92
1150010900,U032,80
1150010900,U033,70
1150010900,U034,107
1150010900,U036,100
1150010900,U035,74
1150010900,U037,74
1150010900,U038,81
1150010900,U039,74
1150010900,U041,114
1150010900,U040,96
1150010900,U042,95
1150010900,U043,103
1150010900,U046,86
1150010900,U044,87
1150010900,U045,104
1150010900,U047,55
1150010900,V001,84
1150011000,C001,84
1150010900,V002,77
1150011000,B001,104
1150011000,C002,100
1150011000,C003,111
1150011000,C005,91
1150011000,C004,122
1150011000,C007,93
1150011000,C008,131
1150011000,C006,124
1150011000,C009,113
1150011000,E001,83
1150011000,P001,67
1150011000,P002,98
1150011000,M001,122
1150011000,U001,110
1150011000,U003,92
1150011000,U002,82
1150011000,U004,122
1150011000,U005,92
1150011000,U010,65
1150011000,U006,120
1150011000,U007,110
1150011000,U008,128
1150011000,U012,111
1150011000,U009,109
1150011000,U013,115
1150011000,U011,125
1150011000,U014,98
1150011000,U016,107
1150011000,U017,88
1150011000,U015,136
1150011000,U020,74
1150011000,U019,131
1150011000,U022,98
1150011000,U018,123
1150011000,U021,108
1150011000,U024,131
1150011000,U023,123
1150011000,U026,78
1150011000,U025,103
1150011000,U027,122
1150011000,U028,115
1150011000,U030,115
1150011000,U029,120
1150011000,U032,84
1150011000,U031,93
1150011000,U033,108
1150011000,U036,123
1150011000,U037,84
1150011000,U034,112
1150011000,U035,103
1150011000,U038,90
1150011000,U039,95
1150011000,U041,116
1150011000,U040,118
1150011000,U042,118
1150011000,U043,98
1150011000,U044,110
1150011000,U047,82
1150011000,U046,109
1150011000,V001,91
1150011000,U045,123
1150011000,V002,82
1150011100,C001,111
1150011100,B001,120
1150011100,C002,104
1150011100,C003,135
1150011100,C004,138
1150011100,C005,119
1150011100,C007,119
1150011100,C006,140
1150011100,C008,148
1150011100,C009,133
1150011100,E001,112
1150011100,P001,92
1150011100,M001,137
1150011100,P002,113
1150011100,U002,111
1150011100,U001,127
1150011100,U003,117
1150011100,U004,134
1150011100,U005,117
1150011100,U006,136
1150011100,U007,125
1150011100,U008,145
1150011100,U009,137
1150011100,U010,102
1150011100,U012,122
1150011100,U011,144
1150011100,U013,130
1150011100,U014,113
1150011100,U015,150
1150011100,U016,132
1150011100,U017,106
1150011100,U018,140
1150011100,U019,146
1150011100,U021,129
1150011100,U020,101
1150011100,U022,123
1150011100,U024,146
1150011100,U023,142
1150011100,U026,102
1150011100,U025,118
1150011100,U027,147
1150011100,U030,128
1150011100,U028,131
1150011100,U029,136
1150011100,U031,108
1150011100,U032,112
1150011100,U033,132
1150011100,U035,126
1150011100,U036,147
1150011100,U034,140
1150011100,U037,112
1150011100,U038,118
1150011100,U039,113
1150011100,U040,134
1150011100,U042,135
1150011100,U041,144
1150011100,U043,126
1150011100,U044,131
1150011100,U047,102
1150011100,U045,142
1150011100,U046,126
1150011100,V001,120
1150011100,V002,109
1150011200,C002,177
1150011200,C001,159
1150011200,B001,176
1150011200,C003,182
1150011200,C004,193
1150011200,C005,189
1150011200,C007,180
1150011200,C006,218
1150011200,C009,184
1150011200,C008,203
1150011200,E001,167
1150011200,M001,193
1150011200,P002,170
1150011200,U002,166
1150011200,P001,138
1150011200,U001,182
1150011200,U003,164
1150011200,U004,199
1150011200,U005,164
1150011200,U006,199
1150011200,U008,200
1150011200,U010,139
1150011200,U007,182
1150011200,U011,239
1150011200,U009,191
1150011200,U012,182
1150011200,U014,174
1150011200,U013,187
1150011200,U017,174
1150011200,U015,244
1150011200,U016,179
1150011200,U019,232
1150011200,U018,237
1150011200,U021,200
1150011200,U020,156
1150011200,U022,170
1150011200,U023,195
1150011200,U024,209
1150011200,U025,158
1150011200,U026,146
1150011200,U027,194
1150011200,U030,192
1150011200,U028,186
1150011200,U029,191
1150011200,U031,165
1150011200,U032,168
1150011200,U033,185
1150011200,U034,195
1150011200,U035,180
1150011200,U036,195
1150011200,U037,184
1150011200,U038,187
1150011200,U039,172
1150011200,U042,190
1150011200,U041,218
1150011200,U043,181
1150011200,U040,197
1150011200,U044,187
1150011200,U046,181
1150011200,U045,237
1150011200,U047,157
1150011200,V001,184
1150011200,V002,164
1150011300,C001,67
1150011300,B001,88
1150011300,C003,103
1150011300,C002,71
1150011300,C005,87
1150011300,C007,86
1150011300,C004,106
1150011300,C006,107
1150011300,C008,115
1150011300,C009,100
1150011300,P001,53
1150011300,E001,79
1150011300,M001,104
1150011300,P002,80
1150011300,U001,94
1150011300,U002,78
1150011300,U003,84
1150011300,U004,101
1150011300,U005,84
1150011300,U006,104
1150011300,U007,93
1150011300,U009,104
1150011300,U010,54
1150011300,U008,112
1150011300,U011,111
1150011300,U012,90
1150011300,U013,98
1150011300,U014,81
1150011300,U016,99
1150011300,U015,118
1150011300,U017,74
1150011300,U018,107
1150011300,U019,114
1150011300,U020,69
1150011300,U021,96
1150011300,U022,91
1150011300,U024,114
1150011300,U023,110
1150011300,U025,75
1150011300,U026,70
1150011300,U027,114
1150011300,U029,104
1150011300,U028,98
1150011300,U030,95
1150011300,U031,76
1150011300,U032,91
1150011300,U034,107
1150011300,U033,89
1150011300,U036,115
1150011300,U035,81
1150011300,U037,79
1150011300,U038,86
1150011300,U039,81
1150011300,U040,102
1150011300,U041,111
1150011300,U043,94
1150011300,U042,102
1150011300,U044,98
1150011300,U045,110
1150011300,V001,87
1150011300,U046,94
1150011300,U047,69
1150011300,V002,76
1153010100,C002,68
1153010100,B001,81
1153010100,C003,78
1153010100,C001,35
1153010100,C004,85
1153010100,C005,78
1153010100,C007,81
1153010100,C006,86
1153010100,C008,94
1153010100,C009,81
1153010100,P001,55
1153010100,E001,66
1153010100,M001,89
1153010100,U001,77
1153010100,P002,69
1153010100,U003,68
1153010100,U002,61
1153010100,U004,81
1153010100,U005,68
1153010100,U007,78
1153010100,U006,82
1153010100,U008,91
1153010100,U009,93
1153010100,U010,67
1153010100,U012,78
1153010100,U011,95
1153010100,U013,83
1153010100,U015,106
1153010100,U014,66
1153010100,U016,80
1153010100,U017,60
1153010100,U018,90
1153010100,U020,64
1153010100,U021,65
1153010100,U022,68
1153010100,U019,98
1153010100,U025,48
1153010100,U024,103
1153010100,U023,88
1153010100,U026,52
1153010100,U027,81
1153010100,U030,74
1153010100,U028,82
1153010100,U029,86
1153010100,U031,62
1153010100,U032,50
1153010100,U033,65
1153010100,U034,92
1153010100,U035,62
1153010100,U036,92
1153010100,U037,63
1153010100,U038,61
1153010100,U039,62
1153010100,U041,100
1153010100,U042,81
1153010100,U040,89
1153010100,U043,78
1153010100,U044,77
1153010100,U047,53
1153010100,U045,93
1153010100,U046,75
1153010100,V001,67
1153010100,V002,70
1153010200,C003,82
1153010200,C001,31
1153010200,C002,78
1153010200,B001,67
1153010200,C004,86
1153010200,C007,74
1153010200,C005,90
1153010200,C006,88
1153010200,C008,95
1153010200,C009,80
1153010200,P001,76
1153010200,E001,65
1153010200,P002,68
1153010200,M001,91
1153010200,U001,81
1153010200,U002,63
1153010200,U003,64
1153010200,U004,83
1153010200,U005,64
1153010200,U007,79
1153010200,U006,84
1153010200,U010,65
1153010200,U008,92
1153010200,U009,94
1153010200,U012,77
1153010200,U011,97
1153010200,U013,84
1153010200,U014,75
1153010200,U015,108
1153010200,U016,82
1153010200,U017,75
1153010200,U018,91
1153010200,U019,100
1153010200,U021,64
1153010200,U020,83
1153010200,U022,69
1153010200,U025,45
1153010200,U026,47
1153010200,U023,90
1153010200,U024,104
1153010200,U027,83
1153010200,U030,76
1153010200,U028,83
1153010200,U029,90
1153010200,U031,64
1153010200,U032,52
1153010200,U033,81
1153010200,U035,61
1153010200,U034,91
1153010200,U036,95
1153010200,U037,54
1153010200,U038,56
1153010200,U039,61
1153010200,U040,90
1153010200,U041,101
1153010200,U042,82
1153010200,U043,80
1153010200,U044,79
1153010200,U045,95
1153010200,U047,66
1153010200,U046,74
1153010200,V001,68
1153010200,V002,64
1153010300,C001,36
1153010300,B001,68
1153010300,C003,83
1153010300,C002,83
1153010300,C004,87
1153010300,C006,81
1153010300,C005,94
1153010300,C007,78
1153010300,C008,101
1153010300,E001,61
1153010300,P001,81
1153010300,C009,84
1153010300,M001,92
1153010300,P002,74
1153010300,U002,55
1153010300,U001,86
1153010300,U004,75
1153010300,U003,68
1153010300,U005,68
1153010300,U007,80
1153010300,U006,85
1153010300,U010,82
1153010300,U009,96
1153010300,U008,94
1153010300,U011,98
1153010300,U012,77
1153010300,U014,80
1153010300,U013,85
1153010300,U015,106
1153010300,U016,83
1153010300,U017,80
1153010300,U020,88
1153010300,U018,93
1153010300,U019,94
1153010300,U021,59
1153010300,U022,71
1153010300,U025,44
1153010300,U023,91
1153010300,U024,102
1153010300,U026,46
1153010300,U027,84
1153010300,U030,69
1153010300,U029,95
1153010300,U028,85
1153010300,U031,65
1153010300,U032,45
1153010300,U033,68
1153010300,U034,88
1153010300,U035,65
1153010300,U036,85
1153010300,U037,46
1153010300,U038,49
1153010300,U039,65
1153010300,U040,91
1153010300,U041,94
1153010300,U043,81
1153010300,U042,83
1153010300,U044,80
1153010300,U047,71
1153010300,U045,96
1153010300,U046,78
1153010300,V001,61
1153010600,C001,17
1153010300,V002,68
1153010600,C003,87
1153010600,B001,86
1153010600,C002,76
1153010600,C004,91
1153010600,C005,100
1153010600,C006,102
1153010600,C007,86
1153010600,C008,100
1153010600,C009,89
1153010600,E001,74
1153010600,P001,59
1153010600,P002,70
1153010600,M001,95
1153010600,U001,99
1153010600,U002,75
1153010600,U003,76
1153010600,U005,77
1153010600,U004,94
1153010600,U007,84
1153010600,U006,88
1153010600,U010,61
1153010600,U009,92
1153010600,U008,97
1153010600,U012,92
1153010600,U011,101
1153010600,U013,89
1153010600,U014,74
1153010600,U015,112
1153010600,U016,79
1153010600,U017,72
1153010600,U020,78
1153010600,U021,73
1153010600,U018,95
1153010600,U019,104
1153010600,U025,38
1153010600,U022,93
1153010600,U026,42
1153010600,U023,94
1153010600,U024,109
1153010600,U027,87
1153010600,U028,107
1153010600,U030,89
1153010600,U029,118
1153010600,U031,73
1153010600,U032,68
1153010600,U033,74
1153010600,U035,70
1153010600,U036,95
1153010600,U034,100
1153010600,U037,67
1153010600,U038,74
1153010600,U039,81
1153010600,U040,92
1153010600,U041,115
1153010600,U042,87
1153010600,U043,90
1153010600,U044,83
1153010600,U045,99
1153010600,U046,83
1153010600,U047,61
1153010600,V001,81
1153010700,C001,28
1153010600,V002,75
1153010700,B001,62
1153010700,C002,66
1153010700,C003,77
1153010700,C004,81
1153010700,C005,75
1153010700,C006,100
1153010700,C007,68
1153010700,C008,90
1153010700,C009,71
1153010700,E001,63
1153010700,P001,59
1153010700,M001,85
1153010700,P002,61
1153010700,U002,58
1153010700,U001,76
1153010700,U004,90
1153010700,U005,59
1153010700,U003,59
1153010700,U006,78
1153010700,U007,74
1153010700,U010,61
1153010700,U009,89
1153010700,U008,87
1153010700,U011,91
1153010700,U012,72
1153010700,U015,102
1153010700,U014,63
1153010700,U016,77
1153010700,U017,57
1153010700,U021,69
1153010700,U018,86
1153010700,U020,61
1153010700,U013,79
1153010700,U022,64
1153010700,U019,94
1153010700,U023,84
1153010700,U024,99
1153010700,U025,15
1153010700,U026,34
1153010700,U027,77
1153010700,U028,78
1153010700,U030,84
1153010700,U029,85
1153010700,U031,58
1153010700,U032,57
1153010700,U034,89
1153010700,U033,63
1153010700,U035,60
1153010700,U037,55
1153010700,U036,89
1153010700,U038,64
1153010700,U039,59
1153010700,U040,85
1153010700,U042,77
1153010700,U043,73
1153010700,U041,93
1153010700,U044,73
1153010700,U045,89
1153010700,U047,54
1153010700,U046,73
1153010700,V001,76
1153010700,V002,58
1153010800,C001,35
1153010800,B001,71
1153010800,C003,86
1153010800,C002,77
1153010800,C004,90
1153010800,C005,86
1153010800,C006,97
1153010800,C007,78
1153010800,C008,100
1153010800,E001,74
1153010800,C009,89
1153010800,P001,68
1153010800,M001,95
1153010800,P002,72
1153010800,U002,72
1153010800,U001,86
1153010800,U004,92
1153010800,U003,81
1153010800,U005,82
1153010800,U006,88
1153010800,U007,84
1153010800,U009,99
1153010800,U010,69
1153010800,U008,97
1153010800,U012,81
1153010800,U011,101
1153010800,U013,89
1153010800,U014,74
1153010800,U015,112
1153010800,U016,86
1153010800,U017,68
1153010800,U018,96
1153010800,U019,104
1153010800,U020,72
1153010800,U021,73
1153010800,U026,31
1153010800,U025,37
1153010800,U022,74
1153010800,U023,94
1153010800,U024,109
1153010800,U027,87
1153010800,U029,95
1153010800,U028,88
1153010800,U030,85
1153010800,U031,68
1153010800,U032,61
1153010800,U033,74
1153010800,U034,100
1153010800,U036,100
1153010800,U035,70
1153010800,U037,63
1153010800,U038,65
1153010800,U039,70
1153010800,U040,94
1153010800,U042,87
1153010800,U041,110
1153010800,U043,86
1153010800,U044,83
1153010800,U047,65
1153010800,U045,99
1153010800,V001,77
1153010800,U046,83
1153010800,V002,68
1153010900,C001,40
1153010900,B001,76
1153010900,C003,91
1153010900,C002,102
1153010900,C005,114
1153010900,C004,95
1153010900,C006,98
1153010900,C007,82
1153010900,C008,104
1153010900,E001,78
1153010900,C009,93
1153010900,P001,63
1153010900,P002,76
1153010900,M001,99
1153010900,U002,73
1153010900,U001,90
1153010900,U003,73
1153010900,U005,74
1153010900,U004,90
1153010900,U006,92
1153010900,U007,88
1153010900,U010,64
1153010900,U009,103
1153010900,U008,101
1153010900,U012,86
1153010900,U011,105
1153010900,U013,93
1153010900,U014,99
1153010900,U015,116
1153010900,U016,90
1153010900,U017,95
1153010900,U020,76
1153010900,U018,100
1153010900,U019,108
1153010900,U021,82
1153010900,U026,37
1153010900,U022,78
1153010900,U025,44
1153010900,U024,113
1153010900,U023,98
1153010900,U027,91
1153010900,U028,92
1153010900,U029,99
1153010900,U030,86
1153010900,U031,72
1153010900,U032,62
1153010900,U033,99
1153010900,U034,104
1153010900,U035,74
1153010900,U036,102
1153010900,U037,61
1153010900,U038,67
1153010900,U039,74
1153010900,U040,96
1153010900,U042,91
1153010900,U041,112
1153010900,U043,90
1153010900,U044,87
1153010900,U045,103
1153010900,U047,69
1153010900,U046,87
1153010900,V001,78
1153010900,V002,72
1153011000,C001,39
1153011000,B001,68
1153011000,C003,83
1153011000,C002,73
1153011000,C005,83
1153011000,C004,87
1153011000,C006,89
1153011000,C007,75
1153011000,C008,97
1153011000,P001,70
1153011000,E001,69
1153011000,C009,86
1153011000,M001,92
1153011000,P002,69
1153011000,U002,64
1153011000,U001,82
1153011000,U003,66
1153011000,U004,84
1153011000,U005,66
1153011000,U006,85
1153011000,U007,80
1153011000,U010,72
1153011000,U009,96
1153011000,U008,94
1153011000,U012,78
1153011000,U011,98
1153011000,U013,85
1153011000,U014,71
1153011000,U015,109
1153011000,U016,83
1153011000,U017,65
1153011000,U018,92
1153011000,U019,102
1153011000,U020,69
1153011000,U021,71
1153011000,U022,71
1153011000,U026,27
1153011000,U025,41
1153011000,U024,105
1153011000,U023,91
1153011000,U027,84
1153011000,U029,92
1153011000,U030,77
1153011000,U028,85
1153011000,U031,65
1153011000,U032,53
1153011000,U033,70
1153011000,U034,97
1153011000,U035,67
1153011000,U036,93
1153011000,U037,55
1153011000,U038,57
1153011000,U039,67
1153011000,U040,91
1153011000,U041,103
1153011000,U042,83
1153011000,U043,93
1153011000,U044,80
1153011000,U045,96
1153011000,U047,62
1153011000,U046,80
1153011000,V001,69
1153011000,V002,65
1153011100,B001,79
1153011100,C001,41
1153011100,C002,83
1153011100,C003,100
1153011100,C005,92
1153011100,C006,92
1153011100,C004,98
1153011100,C007,89
1153011100,C008,107
1153011100,C009,96
1153011100,E001,72
1153011100,M001,109
1153011100,P001,72
1153011100,P002,85
1153011100,U002,67
1153011100,U004,87
1153011100,U001,97
1153011100,U003,75
1153011100,U005,75
1153011100,U006,95
1153011100,U007,90
1153011100,U010,74
1153011100,U008,104
1153011100,U009,110
1153011100,U012,89
1153011100,U015,117
1153011100,U014,80
1153011100,U013,95
1153011100,U011,107
1153011100,U016,94
1153011100,U017,74
1153011100,U020,78
1153011100,U019,105
1153011100,U018,110
1153011100,U021,74
1153011100,U026,32
1153011100,U024,113
1153011100,U025,42
1153011100,U022,81
1153011100,U023,101
1153011100,U027,94
1153011100,U030,80
1153011100,U031,76
1153011100,U028,101
1153011100,U029,106
1153011100,U032,56
1153011100,U033,80
1153011100,U034,99
1153011100,U036,96
1153011100,U035,76
1153011100,U037,58
1153011100,U038,60
1153011100,U039,76
1153011100,U040,99
1153011100,U041,105
1153011100,U043,95
1153011100,U042,94
1153011100,U044,90
1153011100,U047,71
1153011100,U045,105
1153011100,U046,89
1153011100,V001,72
1153011100,V002,79
1153011200,C001,39
1153011200,B001,75
1153011200,C003,91
1153011200,C002,82
1153011200,C004,95
1153011200,C006,91
1153011200,C005,90
1153011200,C007,88
1153011200,C008,104
1153011200,C009,95
1153011200,E001,71
1153011200,P001,77
1153011200,M001,108
1153011200,P002,84
1153011200,U001,90
1153011200,U002,66
1153011200,U003,84
1153011200,U004,86
1153011200,U005,85
1153011200,U007,88
1153011200,U006,92
1153011200,U009,103
1153011200,U008,101
1153011200,U010,78
1153011200,U012,88
1153011200,U011,105
1153011200,U015,116
1153011200,U013,93
1153011200,U014,79
1153011200,U016,90
1153011200,U017,73
1153011200,U019,104
1153011200,U018,100
1153011200,U020,76
1153011200,U021,81
1153011200,U026,27
1153011200,U022,78
1153011200,U025,40
1153011200,U024,112
1153011200,U023,98
1153011200,U027,91
1153011200,U028,92
1153011200,U030,79
1153011200,U029,105
1153011200,U031,72
1153011200,U032,55
1153011200,U033,79
1153011200,U034,98
1153011200,U035,75
1153011200,U036,95
1153011200,U037,57
1153011200,U038,59
1153011200,U039,75
1153011200,U040,96
1153011200,U041,104
1153011200,U043,94
1153011200,U042,91
1153011200,U044,87
1153011200,U045,103
1153011200,V001,71
1153011200,U047,70
1153011200,U046,88
1153011200,V002,78
1154510100,B001,64
1154510100,C001,47
1154510100,C003,79
1154510100,C002,69
1154510100,C006,85
1154510100,C004,83
1154510100,C005,85
1154510100,C007,71
1154510100,C008,92
1154510100,E001,65
1154510100,C009,82
1154510100,P001,81
1154510100,M001,88
1154510100,P002,65
1154510100,U001,78
1154510100,U002,60
1154510100,U003,62
1154510100,U004,80
1154510100,U005,62
1154510100,U007,76
1154510100,U006,81
1154510100,U010,83
1154510100,U009,91
1154510100,U008,89
1154510100,U012,82
1154510100,U011,94
1154510100,U015,110
1154510100,U013,81
1154510100,U014,67
1154510100,U016,79
1154510100,U017,60
1154510100,U018,88
1154510100,U020,75
1154510100,U021,66
1154510100,U019,98
1154510100,U022,66
1154510100,U026,47
1154510100,U025,53
1154510100,U024,107
1154510100,U023,87
1154510100,U027,80
1154510100,U031,61
1154510100,U030,73
1154510100,U028,80
1154510100,U029,87
1154510100,U032,49
1154510100,U035,63
1154510100,U033,66
1154510100,U034,92
1154510100,U036,89
1154510100,U037,51
1154510100,U038,53
1154510100,U039,63
1154510100,U040,84
1154510100,U041,99
1154510100,U042,79
1154510100,U043,77
1154510100,U044,76
1154510100,U047,58
1154510100,U045,92
1154510100,U046,76
1154510100,V001,65
1154510100,V002,61
1154510200,C001,58
1154510200,B001,77
1154510200,C002,75
1154510200,C003,85
1154510200,C005,85
1154510200,C004,95
1154510200,C006,94
1154510200,C007,91
1154510200,C008,106
1154510200,E001,62
1154510200,C009,88
1154510200,P001,74
1154510200,M001,99
1154510200,P002,82
1154510200,U002,75
1154510200,U001,84
1154510200,U003,73
1154510200,U004,89
1154510200,U005,73
1154510200,U007,88
1154510200,U006,93
1154510200,U009,112
1154510200,U008,102
1154510200,U010,95
1154510200,U012,85
1154510200,U011,106
1154510200,U015,117
1154510200,U014,73
1154510200,U013,93
1154510200,U016,99
1154510200,U017,67
1154510200,U018,96
1154510200,U019,109
1154510200,U020,71
1154510200,U021,59
1154510200,U022,78
1154510200,U023,99
1154510200,U025,57
1154510200,U026,61
1154510200,U024,113
1154510200,U027,92
1154510200,U030,83
1154510200,U029,93
1154510200,U031,74
1154510200,U028,88
1154510200,U032,57
1154510200,U033,72
1154510200,U035,69
1154510200,U034,88
1154510200,U036,104
1154510200,U037,68
1154510200,U038,60
1154510200,U039,69
1154510200,U041,109
1154510200,U040,99
1154510200,U042,92
1154510200,U043,90
1154510200,U044,88
1154510200,U046,82
1154510200,U045,104
1154510200,U047,60
1154510200,V001,75
1154510200,V002,80
1154510300,B001,78
1154510300,C003,81
1154510300,C002,86
1154510300,C001,64
1154510300,C004,98
1154510300,C005,81
1154510300,C007,75
1154510300,C006,98
1154510300,C008,107
1154510300,E001,72
1154510300,C009,99
1154510300,P001,84
1154510300,P002,79
1154510300,M001,102
1154510300,U002,86
1154510300,U001,92
1154510300,U003,70
1154510300,U004,93
1154510300,U005,76
1154510300,U006,95
1154510300,U007,90
1154510300,U008,104
1154510300,U010,101
1154510300,U009,95
1154510300,U012,78
1154510300,U011,108
1154510300,U014,83
1154510300,U015,119
1154510300,U013,95
1154510300,U016,93
1154510300,U017,77
1154510300,U018,96
1154510300,U020,81
1154510300,U021,71
1154510300,U019,111
1154510300,U022,80
1154510300,U025,65
1154510300,U024,116
1154510300,U026,70
1154510300,U023,101
1154510300,U027,94
1154510300,U029,101
1154510300,U028,94
1154510300,U030,86
1154510300,U031,75
1154510300,U032,64
1154510300,U033,83
1154510300,U035,80
1154510300,U034,98
1154510300,U036,107
1154510300,U037,78
1154510300,U038,71
1154510300,U039,79
1154510300,U040,98
1154510300,U041,112
1154510300,U043,91
1154510300,U042,94
1154510300,U044,90
1154510300,U047,71
1154510300,U045,106
1154510300,U046,92
1154510300,V001,78
1154510300,V002,65
1156010100,C001,41
1156010100,B001,52
1156010100,C002,66
1156010100,C003,61
1156010100,C004,71
1156010100,C005,60
1156010100,C007,54
1156010100,C006,90
1156010100,C008,80
1156010100,C009,70
1156010100,E001,60
1156010100,M001,76
1156010100,P002,53
1156010100,P001,58
1156010100,U002,49
1156010100,U001,66
1156010100,U003,50
1156010100,U005,50
1156010100,U004,77
1156010100,U007,64
1156010100,U006,69
1156010100,U010,68
1156010100,U009,79
1156010100,U008,77
1156010100,U012,58
1156010100,U011,82
1156010100,U013,69
1156010100,U014,64
1156010100,U015,93
1156010100,U017,63
1156010100,U016,67
1156010100,U018,76
1156010100,U020,62
1156010100,U019,85
1156010100,U021,59
1156010100,U022,55
1156010100,U024,89
1156010100,U023,75
1156010100,U025,53
1156010100,U026,47
1156010100,U027,68
1156010100,U029,75
1156010100,U028,68
1156010100,U030,80
1156010100,U031,49
1156010100,U032,49
1156010100,U033,61
1156010100,U034,85
1156010100,U035,56
1156010100,U036,81
1156010100,U037,47
1156010100,U038,55
1156010100,U039,56
1156010100,U040,75
1156010100,U041,83
1156010100,U042,67
1156010100,U043,65
1156010100,U044,64
1156010100,U045,80
1156010100,U046,64
1156010100,U047,54
1156010100,V001,59
1156010100,V002,44
1156010200,B001,52
1156010200,C003,54
1156010200,C001,44
1156010200,C002,58
1156010200,C004,71
1156010200,C005,60
1156010200,C007,56
1156010200,C006,71
1156010200,C008,81
1156010200,C009,60
1156010200,E001,45
1156010200,P001,48
1156010200,M001,69
1156010200,P002,46
1156010200,U001,58
1156010200,U002,44
1156010200,U004,70
1156010200,U003,40
1156010200,U005,40
1156010200,U006,69
1156010200,U007,58
1156010200,U010,46
1156010200,U009,67
1156010200,U008,77
1156010200,U012,58
1156010200,U011,82
1156010200,U013,63
1156010200,U014,55
1156010200,U015,83
1156010200,U016,55
1156010200,U017,43
1156010200,U018,71
1156010200,U021,66
1156010200,U019,79
1156010200,U020,55
1156010200,U022,46
1156010200,U023,71
1156010200,U024,79
1156010200,U025,57
1156010200,U026,52
1156010200,U027,68
1156010200,U030,63
1156010200,U028,62
1156010200,U029,67
1156010200,U031,41
1156010200,U032,46
1156010200,U033,57
1156010200,U034,78
1156010200,U035,53
1156010200,U037,44
1156010200,U036,70
1156010200,U038,51
1156010200,U039,48
1156010200,U040,67
1156010200,U042,67
1156010200,U043,74
1156010200,U041,85
1156010200,U044,58
1156010200,U045,80
1156010200,U047,41
1156010200,V001,55
1156010200,V002,48
1156010300,B001,62
1156010200,U046,57
1156010300,C001,42
1156010300,C003,64
1156010300,C002,67
1156010300,C005,74
1156010300,C004,78
1156010300,C006,81
1156010300,C007,66
1156010300,C008,87
1156010300,C009,70
1156010300,E001,57
1156010300,P001,54
1156010300,M001,79
1156010300,P002,56
1156010300,U002,54
1156010300,U001,68
1156010300,U003,49
1156010300,U005,50
1156010300,U004,80
1156010300,U007,68
1156010300,U008,84
1156010300,U010,60
1156010300,U009,77
1156010300,U011,89
1156010300,U012,68
1156010300,U013,73
1156010300,U014,65
1156010300,U015,93
1156010300,U016,65
1156010300,U017,63
1156010300,U006,76
1156010300,U018,81
1156010300,U020,65
1156010300,U021,72
1156010300,U019,89
1156010300,U022,56
1156010300,U025,57
1156010300,U023,81
1156010300,U024,89
1156010300,U026,61
1156010300,U027,75
1156010300,U028,72
1156010300,U030,73
1156010300,U031,51
1156010300,U032,51
1156010300,U033,74
1156010300,U035,56
1156010300,U034,88
1156010300,U036,80
1156010300,U037,49
1156010300,U038,56
1156010300,U039,58
1156010300,U040,76
1156010300,U029,77
1156010300,U041,95
1156010300,U042,74
1156010300,U043,72
1156010300,U045,87
1156010300,U044,71
1156010300,V001,68
1156010300,U046,67
1156010300,U047,55
1156010400,B001,54
1156010300,V002,58
1156010400,C001,38
1156010400,C002,61
1156010400,C003,63
1156010400,C005,68
1156010400,C004,73
1156010400,C006,80
1156010400,C007,56
1156010400,C008,82
1156010400,C009,71
1156010400,E001,61
1156010400,P001,61
1156010400,M001,77
1156010400,P002,54
1156010400,U002,51
1156010400,U001,68
1156010400,U003,48
1156010400,U004,79
1156010400,U005,49
1156010400,U006,70
1156010400,U007,66
1156010400,U010,59
1156010400,U009,76
1156010400,U008,79
1156010400,U012,59
1156010400,U011,83
1156010400,U014,59
1156010400,U013,71
1156010400,U015,94
1156010400,U017,58
1156010400,U016,64
1156010400,U018,78
1156010400,U019,86
1156010400,U020,57
1156010400,U021,68
1156010400,U022,56
1156010400,U025,50
1156010400,U026,54
1156010400,U024,91
1156010400,U023,76
1156010400,U027,69
1156010400,U031,50
1156010400,U030,72
1156010400,U029,77
1156010400,U028,70
1156010400,U032,47
1156010400,U033,68
1156010400,U034,87
1156010400,U035,58
1156010400,U036,79
1156010400,U037,46
1156010400,U038,53
1156010400,U039,60
1156010400,U040,77
1156010400,U042,69
1156010400,U041,85
1156010400,U043,66
1156010400,U044,65
1156010400,U045,81
1156010400,U046,65
1156010400,U047,49
1156010400,V001,64
1156010500,C001,37
1156010400,V002,46
1156010500,B001,55
1156010500,C002,62
1156010500,C003,65
1156010500,C005,69
1156010500,C004,74
1156010500,C007,57
1156010500,C006,81
1156010500,C008,83
1156010500,P001,59
1156010500,C009,70
1156010500,E001,62
1156010500,M001,79
1156010500,U002,52
1156010500,P002,56
1156010500,U001,69
1156010500,U003,50
1156010500,U004,80
1156010500,U005,50
1156010500,U006,72
1156010500,U007,67
1156010500,U008,80
1156010500,U009,78
1156010500,U010,57
1156010500,U012,60
1156010500,U011,85
1156010500,U014,60
1156010500,U013,72
1156010500,U015,96
1156010500,U017,59
1156010500,U016,65
1156010500,U018,79
1156010500,U019,88
1156010500,U021,61
1156010500,U020,58
1156010500,U022,57
1156010500,U023,78
1156010500,U024,92
1156010500,U025,50
1156010500,U026,56
1156010500,U027,71
1156010500,U030,73
1156010500,U031,52
1156010500,U029,78
1156010500,U028,71
1156010500,U032,54
1156010500,U033,69
1156010500,U035,65
1156010500,U034,88
1156010500,U036,81
1156010500,U037,52
1156010500,U038,58
1156010500,U039,61
1156010500,U040,78
1156010500,U041,86
1156010500,U043,68
1156010500,U042,70
1156010500,U044,67
1156010500,U045,83
1156010500,U046,66
1156010500,U047,50
1156010500,V001,71
1156010500,V002,47
1156010600,B001,56
1156010600,C001,42
1156010600,C002,58
1156010600,C003,59
1156010600,C005,65
1156010600,C004,74
1156010600,C007,60
1156010600,C006,75
1156010600,C008,83
1156010600,C009,64
1156010600,E001,49
1156010600,P001,48
1156010600,P002,50
1156010600,M001,74
1156010600,U002,48
1156010600,U001,62
1156010600,U003,44
1156010600,U004,74
1156010600,U005,44
1156010600,U007,62
1156010600,U006,71
1156010600,U010,47
1156010600,U008,80
1156010600,U009,71
1156010600,U012,62
1156010600,U011,81
1156010600,U013,67
1156010600,U014,55
1156010600,U015,87
1156010600,U017,55
1156010600,U016,59
1156010600,U018,75
1156010600,U019,83
1156010600,U021,72
1156010600,U020,54
1156010600,U022,50
1156010600,U023,75
1156010600,U024,84
1156010600,U025,55
1156010600,U026,59
1156010600,U027,66
1156010600,U028,66
1156010600,U029,71
1156010600,U030,67
1156010600,U031,45
1156010600,U032,51
1156010600,U033,61
1156010600,U035,52
1156010600,U034,82
1156010600,U036,75
1156010600,U037,50
1156010600,U038,56
1156010600,U039,52
1156010600,U040,71
1156010600,U041,89
1156010600,U042,70
1156010600,U043,78
1156010600,U044,62
1156010600,U045,78
1156010600,U046,61
1156010600,U047,46
1156010600,V001,59
1156010600,V002,52
1156010700,B001,55
1156010700,C001,40
1156010700,C003,58
1156010700,C002,60
1156010700,C004,73
1156010700,C006,75
1156010700,C005,67
1156010700,C007,59
1156010700,C008,83
1156010700,C009,64
1156010700,P001,48
1156010700,M001,73
1156010700,E001,49
1156010700,P002,49
1156010700,U002,48
1156010700,U001,62
1156010700,U005,43
1156010700,U003,43
1156010700,U004,74
1156010700,U010,46
1156010700,U006,71
1156010700,U007,62
1156010700,U008,80
1156010700,U009,71
1156010700,U012,62
1156010700,U013,67
1156010700,U011,80
1156010700,U014,57
1156010700,U015,87
1156010700,U016,59
1156010700,U017,57
1156010700,U018,75
1156010700,U019,83
1156010700,U020,59
1156010700,U021,73
1156010700,U022,50
1156010700,U023,74
1156010700,U024,83
1156010700,U025,53
1156010700,U026,54
1156010700,U027,66
1156010700,U029,71
1156010700,U028,66
1156010700,U030,67
1156010700,U032,53
1156010700,U031,45
1156010700,U033,61
1156010700,U035,52
1156010700,U034,82
1156010700,U036,74
1156010700,U037,51
1156010700,U038,58
1156010700,U039,52
1156010700,U041,89
1156010700,U040,71
1156010700,U042,69
1156010700,U043,77
1156010700,U044,61
1156010700,U047,45
1156010700,U045,78
1156010700,U046,61
1156010700,V001,59
1156010700,V002,52
1156010800,B001,56
1156010800,C001,40
1156010800,C002,57
1156010800,C003,59
1156010800,C005,64
1156010800,C004,74
1156010800,C007,60
1156010800,C006,75
1156010800,C008,83
1156010800,C009,64
1156010800,E001,49
1156010800,P001,48
1156010800,M001,73
1156010800,P002,50
1156010800,U002,48
1156010800,U001,62
1156010800,U003,44
1156010800,U004,74
1156010800,U005,44
1156010800,U006,71
1156010800,U007,62
1156010800,U010,52
1156010800,U008,80
1156010800,U009,71
1156010800,U012,62
1156010800,U014,55
1156010800,U011,81
1156010800,U013,67
1156010800,U015,87
1156010800,U016,59
1156010800,U017,54
1156010800,U018,75
1156010800,U021,63
1156010800,U019,83
1156010800,U020,53
1156010800,U022,50
1156010800,U025,53
1156010800,U024,84
1156010800,U026,56
1156010800,U023,75
1156010800,U027,66
1156010800,U030,67
1156010800,U029,71
1156010800,U028,66
1156010800,U031,45
1156010800,U032,57
1156010800,U033,61
1156010800,U035,52
1156010800,U034,82
1156010800,U036,75
1156010800,U037,53
1156010800,U038,62
1156010800,U039,52
1156010800,U040,71
1156010800,U042,70
1156010800,U041,89
1156010800,U043,78
1156010800,U044,62
1156010800,U047,45
1156010800,U046,61
1156010800,U045,78
1156010800,V001,59
1156010800,V002,52
1156010900,B001,61
1156010900,C002,55
1156010900,C001,40
1156010900,C003,67
1156010900,C005,62
1156010900,C004,76
1156010900,C007,64
1156010900,C006,77
1156010900,C009,72
1156010900,C008,86
1156010900,E001,53
1156010900,M001,80
1156010900,P001,52
1156010900,P002,56
1156010900,U002,52
1156010900,U001,67
1156010900,U003,46
1156010900,U004,79
1156010900,U005,46
1156010900,U007,68
1156010900,U006,74
1156010900,U008,83
1156010900,U010,50
1156010900,U012,69
1156010900,U009,80
1156010900,U014,53
1156010900,U013,73
1156010900,U011,87
1156010900,U016,61
1156010900,U015,93
1156010900,U017,52
1156010900,U018,80
1156010900,U020,51
1156010900,U021,75
1156010900,U019,89
1156010900,U022,52
1156010900,U023,77
1156010900,U024,89
1156010900,U025,52
1156010900,U026,56
1156010900,U027,76
1156010900,U030,69
1156010900,U028,72
1156010900,U029,77
1156010900,U031,51
1156010900,U032,52
1156010900,U033,62
1156010900,U035,58
1156010900,U036,76
1156010900,U034,88
1156010900,U037,52
1156010900,U038,63
1156010900,U039,54
1156010900,U040,76
1156010900,U042,72
1156010900,U041,85
1156010900,U043,67
1156010900,U044,67
1156010900,U045,85
1156010900,U047,43
1156010900,U046,65
1156010900,V001,61
1156011000,B001,57
1156010900,V002,53
1156011000,C002,71
1156011000,C001,48
1156011000,C003,55
1156011000,C005,60
1156011000,C006,71
1156011000,C007,56
1156011000,C004,83
1156011000,C008,79
1156011000,C009,60
1156011000,P001,56
1156011000,E001,49
1156011000,M001,70
1156011000,P002,46
1156011000,U002,48
1156011000,U001,58
1156011000,U003,40
1156011000,U004,70
1156011000,U005,40
1156011000,U007,58
1156011000,U006,67
1156011000,U010,54
1156011000,U008,76
1156011000,U009,68
1156011000,U012,62
1156011000,U011,77
1156011000,U013,63
1156011000,U014,69
1156011000,U015,83
1156011000,U017,42
1156011000,U016,55
1156011000,U018,71
1156011000,U019,79
1156011000,U021,73
1156011000,U020,56
1156011000,U022,47
1156011000,U024,80
1156011000,U023,71
1156011000,U025,61
1156011000,U026,64
1156011000,U027,71
1156011000,U028,62
1156011000,U029,68
1156011000,U031,41
1156011000,U030,63
1156011000,U032,58
1156011000,U033,54
1156011000,U035,51
1156011000,U036,71
1156011000,U037,49
1156011000,U034,78
1156011000,U038,55
1156011000,U039,49
1156011000,U040,67
1156011000,U042,66
1156011000,U041,85
1156011000,U043,74
1156011000,U044,58
1156011000,U047,42
1156011000,U046,57
1156011000,U045,75
1156011000,V001,59
1156011000,V002,45
1156011100,C001,41
1156011100,B001,60
1156011100,C002,58
1156011100,C003,65
1156011100,C004,77
1156011100,C005,68
1156011100,C006,82
1156011100,C007,67
1156011100,C008,87
1156011100,E001,64
1156011100,C009,71
1156011100,P001,51
1156011100,M001,80
1156011100,P002,56
1156011100,U002,53
1156011100,U001,67
1156011100,U003,50
1156011100,U004,79
1156011100,U005,50
1156011100,U006,75
1156011100,U007,68
1156011100,U010,55
1156011100,U008,83
1156011100,U009,78
1156011100,U012,68
1156011100,U013,73
1156011100,U014,65
1156011100,U011,88
1156011100,U016,65
1156011100,U017,50
1156011100,U015,94
1156011100,U018,80
1156011100,U019,89
1156011100,U021,63
1156011100,U020,54
1156011100,U022,57
1156011100,U023,81
1156011100,U024,90
1156011100,U025,54
1156011100,U026,57
1156011100,U027,72
1156011100,U028,71
1156011100,U031,51
1156011100,U030,73
1156011100,U029,76
1156011100,U032,54
1156011100,U033,55
1156011100,U035,52
1156011100,U036,81
1156011100,U034,88
1156011100,U037,52
1156011100,U038,59
1156011100,U039,52
1156011100,U040,77
1156011100,U041,95
1156011100,U042,73
1156011100,U043,69
1156011100,U044,66
1156011100,U047,43
1156011100,U045,83
1156011100,U046,65
1156011100,V001,71
1156011200,B001,59
1156011200,C001,44
1156011100,V002,57
1156011200,C002,56
1156011200,C003,62
1156011200,C005,66
1156011200,C007,66
1156011200,C006,79
1156011200,C004,77
1156011200,C008,86
1156011200,E001,62
1156011200,P001,49
1156011200,C009,69
1156011200,M001,77
1156011200,P002,53
1156011200,U001,66
1156011200,U002,52
1156011200,U003,47
1156011200,U004,77
1156011200,U005,47
1156011200,U007,66
1156011200,U006,74
1156011200,U008,83
1156011200,U010,60
1156011200,U009,75
1156011200,U012,66
1156011200,U013,71
1156011200,U014,62
1156011200,U011,84
1156011200,U015,91
1156011200,U016,63
1156011200,U017,48
1156011200,U020,52
1156011200,U018,79
1156011200,U021,61
1156011200,U019,86
1156011200,U022,54
1156011200,U025,55
1156011200,U024,87
1156011200,U023,78
1156011200,U026,60
1156011200,U027,70
1156011200,U029,75
1156011200,U028,70
1156011200,U031,48
1156011200,U030,71
1156011200,U032,57
1156011200,U033,53
1156011200,U035,50
1156011200,U034,86
1156011200,U036,78
1156011200,U037,54
1156011200,U038,62
1156011200,U039,50
1156011200,U040,75
1156011200,U041,92
1156011200,U043,69
1156011200,U042,73
1156011200,U044,64
1156011200,U045,82
1156011200,U046,63
1156011200,U047,41
1156011200,V001,70
1156011200,V002,56
1156011300,B001,52
1156011300,C003,61
1156011300,C001,44
1156011300,C002,50
1156011300,C005,60
1156011300,C004,70
1156011300,C007,59
1156011300,C006,77
1156011300,C008,80
1156011300,C009,63
1156011300,E001,56
1156011300,P001,48
1156011300,M001,74
1156011300,P002,50
1156011300,U002,48
1156011300,U003,47
1156011300,U001,59
1156011300,U005,47
1156011300,U004,70
1156011300,U006,68
1156011300,U007,62
1156011300,U010,50
1156011300,U008,76
1156011300,U009,75
1156011300,U012,60
1156011300,U011,79
1156011300,U014,47
1156011300,U013,67
1156011300,U015,88
1156011300,U016,62
1156011300,U017,41
1156011300,U018,71
1156011300,U020,46
1156011300,U021,55
1156011300,U019,83
1156011300,U022,54
1156011300,U023,74
1156011300,U024,84
1156011300,U026,47
1156011300,U025,58
1156011300,U027,64
1156011300,U028,63
1156011300,U030,65
1156011300,U031,45
1156011300,U029,68
1156011300,U032,48
1156011300,U033,47
1156011300,U035,44
1156011300,U036,78
1156011300,U034,79
1156011300,U037,50
1156011300,U038,50
1156011300,U039,44
1156011300,U040,71
1156011300,U041,78
1156011300,U042,66
1156011300,U043,64
1156011300,U044,58
1156011300,U045,75
1156011300,U047,35
1156011300,U046,57
1156011300,V001,64
1156011300,V002,49
1156011400,B001,57
1156011400,C003,66
1156011400,C001,49
1156011400,C002,55
1156011400,C004,75
1156011400,C005,64
1156011400,C007,63
1156011400,C006,82
1156011400,C008,84
1156011400,C009,68
1156011400,E001,61
1156011400,P001,50
1156011400,P002,55
1156011400,M001,79
1156011400,U002,46
1156011400,U001,63
1156011400,U003,51
1156011400,U004,75
1156011400,U005,52
1156011400,U006,72
1156011400,U010,48
1156011400,U007,67
1156011400,U008,81
1156011400,U009,76
1156011400,U012,65
1156011400,U013,72
1156011400,U014,56
1156011400,U011,84
1156011400,U016,67
1156011400,U015,92
1156011400,U017,46
1156011400,U018,76
1156011400,U019,88
1156011400,U021,59
1156011400,U020,50
1156011400,U022,58
1156011400,U023,78
1156011400,U025,62
1156011400,U024,89
1156011400,U026,52
1156011400,U027,69
1156011400,U028,67
1156011400,U030,70
1156011400,U029,72
1156011400,U032,53
1156011400,U031,50
1156011400,U033,52
1156011400,U035,48
1156011400,U034,84
1156011400,U037,53
1156011400,U036,82
1156011400,U038,54
1156011400,U039,48
1156011400,U040,75
1156011400,U042,71
1156011400,U043,62
1156011400,U041,82
1156011400,U044,63
1156011400,U045,79
1156011400,U046,61
1156011400,U047,39
1156011400,V001,61
1156011400,V002,53
1156011500,B001,55
1156011500,C001,50
1156011500,C002,53
1156011500,C003,64
1156011500,C005,62
1156011500,C004,73
1156011500,C007,61
1156011500,C008,83
1156011500,C006,74
1156011500,C009,66
1156011500,E001,46
1156011500,M001,76
1156011500,P001,49
1156011500,P002,53
1156011500,U002,45
1156011500,U001,61
1156011500,U003,45
1156011500,U004,73
1156011500,U005,45
1156011500,U007,65
1156011500,U006,70
1156011500,U010,47
1156011500,U008,79
1156011500,U012,62
1156011500,U009,72
1156011500,U013,70
1156011500,U014,50
1156011500,U011,81
1156011500,U016,60
1156011500,U015,90
1156011500,U021,61
1156011500,U020,48
1156011500,U019,86
1156011500,U022,56
1156011500,U024,87
1156011500,U023,77
1156011500,U017,44
1156011500,U025,62
1156011500,U027,66
1156011500,U026,54
1156011500,U028,65
1156011500,U029,70
1156011500,U030,62
1156011500,U031,48
1156011500,U032,47
1156011500,U033,50
1156011500,U035,46
1156011500,U034,82
1156011500,U036,76
1156011500,U037,47
1156011500,U018,74
1156011500,U038,53
1156011500,U039,46
1156011500,U040,74
1156011500,U043,61
1156011500,U042,69
1156011500,U041,79
1156011500,U044,61
1156011500,U047,37
1156011500,U046,59
1156011500,V001,54
1156011500,V002,51
1156011600,B001,50
1156011600,C001,50
1156011600,C002,48
1156011600,C003,59
1156011600,C005,59
1156011600,C007,56
1156011600,C004,68
1156011600,C006,75
1156011500,U045,77
1156011600,C009,61
1156011600,P001,50
1156011600,E001,44
1156011600,C008,77
1156011600,M001,72
1156011600,P002,48
1156011600,U001,56
1156011600,U003,42
1156011600,U002,43
1156011600,U004,68
1156011600,U005,42
1156011600,U007,60
1156011600,U006,66
1156011600,U008,74
1156011600,U010,47
1156011600,U009,69
1156011600,U012,58
1156011600,U013,65
1156011600,U014,45
1156011600,U011,77
1156011600,U015,85
1156011600,U016,63
1156011600,U017,39
1156011600,U021,57
1156011600,U018,69
1156011600,U020,43
1156011600,U022,52
1156011600,U019,81
1156011600,U024,82
1156011600,U025,50
1156011600,U023,72
1156011600,U026,49
1156011600,U027,62
1156011600,U028,60
1156011600,U030,63
1156011600,U029,66
1156011600,U031,43
1156011600,U032,44
1156011600,U033,45
1156011600,U035,42
1156011600,U034,77
1156011600,U036,72
1156011600,U037,44
1156011600,U039,41
1156011600,U038,51
1156011600,U040,69
1156011600,U042,64
1156011600,U043,59
1156011600,U041,76
1156011600,U044,56
1156011600,U045,73
1156011600,U047,33
1156011600,U046,54
1156011600,V001,52
1156011600,V002,46
1156011700,B001,56
1156011700,C001,54
1156011700,C003,65
1156011700,C002,54
1156011700,C004,74
1156011700,C005,64
1156011700,C007,62
1156011700,C006,77
1156011700,C008,83
1156011700,C009,67
1156011700,E001,50
1156011700,P001,54
1156011700,P002,54
1156011700,M001,77
1156011700,U001,62
1156011700,U002,49
1156011700,U003,48
1156011700,U005,48
1156011700,U004,74
1156011700,U007,66
1156011700,U006,71
1156011700,U010,52
1156011700,U008,80
1156011700,U012,63
1156011700,U009,82
1156011700,U013,71
1156011700,U011,83
1156011700,U014,51
1156011700,U016,69
1156011700,U015,91
1156011700,U017,45
1156011700,U018,75
1156011700,U020,49
1156011700,U021,62
1156011700,U019,87
1156011700,U022,57
1156011700,U023,77
1156011700,U024,88
1156011700,U025,66
1156011700,U026,55
1156011700,U027,68
1156011700,U031,49
1156011700,U030,65
1156011700,U028,66
1156011700,U032,50
1156011700,U029,71
1156011700,U035,47
1156011700,U033,51
1156011700,U034,83
1156011700,U037,50
1156011700,U036,78
1156011700,U038,56
1156011700,U039,47
1156011700,U042,70
1156011700,U040,75
1156011700,U041,82
1156011700,U043,64
1156011700,U044,62
1156011700,U045,78
1156011700,U046,60
1156011700,U047,38
1156011700,V001,57
1156011700,V002,52
1156011800,C001,35
1156011800,B001,71
1156011800,C002,66
1156011800,C003,77
1156011800,C004,78
1156011800,C005,75
1156011800,C006,78
1156011800,C007,73
1156011800,C008,87
1156011800,C009,79
1156011800,P001,60
1156011800,E001,63
1156011800,M001,83
1156011800,P002,66
1156011800,U001,74
1156011800,U003,57
1156011800,U002,53
1156011800,U004,73
1156011800,U005,57
1156011800,U006,76
1156011800,U007,71
1156011800,U010,72
1156011800,U008,84
1156011800,U009,87
1156011800,U012,76
1156011800,U014,63
1156011800,U013,76
1156011800,U011,89
1156011800,U015,100
1156011800,U016,81
1156011800,U017,57
1156011800,U018,87
1156011800,U020,61
1156011800,U021,66
1156011800,U019,91
1156011800,U022,69
1156011800,U023,82
1156011800,U024,96
1156011800,U025,48
1156011800,U026,51
1156011800,U027,75
1156011800,U030,66
1156011800,U031,56
1156011800,U028,78
1156011800,U029,83
1156011800,U032,42
1156011800,U033,63
1156011800,U035,60
1156011800,U034,89
1156011800,U036,82
1156011800,U037,48
1156011800,U038,46
1156011800,U039,59
1156011800,U040,88
1156011800,U041,91
1156011800,U042,74
1156011800,U043,71
1156011800,U044,71
1156011800,U045,87
1156011800,U047,50
1156011800,V001,58
1156011800,U046,72
1156011800,V002,62
1156011900,B001,72
1156011900,C003,69
1156011900,C002,67
1156011900,C001,36
1156011900,C004,80
1156011900,C007,71
1156011900,C005,79
1156011900,C006,86
1156011900,C008,90
1156011900,C009,76
1156011900,E001,63
1156011900,P001,57
1156011900,M001,85
1156011900,P002,63
1156011900,U001,84
1156011900,U004,83
1156011900,U002,60
1156011900,U003,58
1156011900,U005,58
1156011900,U006,78
1156011900,U007,73
1156011900,U010,63
1156011900,U008,87
1156011900,U009,80
1156011900,U012,77
1156011900,U011,91
1156011900,U013,78
1156011900,U014,64
1156011900,U015,102
1156011900,U016,68
1156011900,U017,64
1156011900,U018,84
1156011900,U020,58
1156011900,U021,62
1156011900,U019,94
1156011900,U022,79
1156011900,U023,84
1156011900,U025,48
1156011900,U024,98
1156011900,U026,52
1156011900,U027,77
1156011900,U028,78
1156011900,U029,80
1156011900,U030,73
1156011900,U031,55
1156011900,U032,54
1156011900,U033,60
1156011900,U035,56
1156011900,U036,84
1156011900,U034,89
1156011900,U037,54
1156011900,U039,56
1156011900,U038,60
1156011900,U042,76
1156011900,U040,84
1156011900,U041,90
1156011900,U043,74
1156011900,U044,73
1156011900,U047,55
1156011900,U045,89
1156011900,U046,69
1156011900,V001,65
1156011900,V002,60
1156012000,C001,32
1156012000,C002,65
1156012000,B001,69
1156012000,C003,66
1156012000,C004,78
1156012000,C005,77
1156012000,C006,84
1156012000,C007,69
1156012000,C008,88
1156012000,C009,74
1156012000,E001,61
1156012000,P001,55
1156012000,M001,83
1156012000,P002,61
1156012000,U001,82
1156012000,U002,59
1156012000,U003,56
1156012000,U004,81
1156012000,U005,56
1156012000,U007,71
1156012000,U006,76
1156012000,U008,85
1156012000,U010,61
1156012000,U009,78
1156012000,U012,75
1156012000,U011,89
1156012000,U013,76
1156012000,U014,62
1156012000,U015,100
1156012000,U016,66
1156012000,U017,62
1156012000,U020,56
1156012000,U021,60
1156012000,U018,82
1156012000,U019,92
1156012000,U022,76
1156012000,U025,45
1156012000,U023,82
1156012000,U026,49
1156012000,U024,96
1156012000,U027,75
1156012000,U031,53
1156012000,U030,72
1156012000,U029,79
1156012000,U028,76
1156012000,U032,52
1156012000,U033,58
1156012000,U035,55
1156012000,U036,81
1156012000,U034,87
1156012000,U037,51
1156012000,U038,58
1156012000,U039,54
1156012000,U042,74
1156012000,U040,82
1156012000,U041,88
1156012000,U043,72
1156012000,U044,71
1156012000,U045,87
1156012000,U047,53
1156012000,U046,67
1156012000,V001,64
1156012000,V002,58
1156012100,B001,55
1156012100,C001,42
1156012100,C002,53
1156012100,C003,64
1156012100,C005,62
1156012100,C004,73
1156012100,C007,61
1156012100,C006,80
1156012100,C008,82
1156012100,C009,66
1156012100,P001,51
1156012100,E001,56
1156012100,M001,77
1156012100,P002,53
1156012100,U001,61
1156012100,U002,53
1156012100,U003,50
1156012100,U004,73
1156012100,U005,50
1156012100,U007,65
1156012100,U006,71
1156012100,U010,49
1156012100,U008,79
1156012100,U009,74
1156012100,U012,63
1156012100,U013,70
1156012100,U014,50
1156012100,U011,82
1156012100,U015,90
1156012100,U016,68
1156012100,U017,44
1156012100,U018,74
1156012100,U019,86
1156012100,U020,48
1156012100,U021,55
1156012100,U022,57
1156012100,U023,77
1156012100,U024,87
1156012100,U025,54
1156012100,U026,58
1156012100,U027,67
1156012100,U030,68
1156012100,U028,65
1156012100,U031,48
1156012100,U029,70
1156012100,U032,48
1156012100,U033,50
1156012100,U034,82
1156012100,U035,47
1156012100,U036,77
1156012100,U037,53
1156012100,U038,50
1156012100,U039,46
1156012100,U040,74
1156012100,U041,80
1156012100,U043,67
1156012100,U042,69
1156012100,U044,61
1156012100,U046,59
1156012100,U045,78
1156012100,U047,38
1156012100,V001,64
1156012100,V002,51
1156012200,C001,36
1156012200,B001,75
1156012200,C002,61
1156012200,C003,72
1156012200,C005,70
1156012200,C004,82
1156012200,C007,74
1156012200,C006,88
1156012200,C008,91
1156012200,E001,63
1156012200,C009,74
1156012200,P001,59
1156012200,M001,84
1156012200,P002,61
1156012200,U002,61
1156012200,U001,69
1156012200,U003,61
1156012200,U004,81
1156012200,U005,62
1156012200,U007,73
1156012200,U006,79
1156012200,U010,66
1156012200,U008,88
1156012200,U009,82
1156012200,U012,70
1156012200,U011,92
1156012200,U014,58
1156012200,U015,103
1156012200,U013,78
1156012200,U016,76
1156012200,U017,52
1156012200,U018,82
1156012200,U020,56
1156012200,U021,62
1156012200,U019,95
1156012200,U022,64
1156012200,U023,85
1156012200,U025,48
1156012200,U024,100
1156012200,U026,52
1156012200,U027,78
1156012200,U029,78
1156012200,U030,76
1156012200,U028,73
1156012200,U031,59
1156012200,U032,69
1156012200,U033,58
1156012200,U035,54
1156012200,U034,90
1156012200,U036,85
1156012200,U037,57
1156012200,U038,64
1156012200,U039,54
1156012200,U040,86
1156012200,U041,88
1156012200,U042,78
1156012200,U043,74
1156012200,U044,69
1156012200,U045,90
1156012200,U046,67
1156012200,U047,45
1156012200,V001,72
1156012200,V002,63
1156012300,B001,62
1156012300,C001,43
1156012300,C002,60
1156012300,C003,69
1156012300,C004,83
1156012300,C005,69
1156012300,C007,66
1156012300,C006,98
1156012300,C008,93
1156012300,C009,73
1156012300,E001,63
1156012300,P001,55
1156012300,M001,84
1156012300,P002,60
1156012300,U002,60
1156012300,U003,60
1156012300,U001,68
1156012300,U004,80
1156012300,U005,60
1156012300,U006,81
1156012300,U007,72
1156012300,U008,90
1156012300,U010,67
1156012300,U009,87
1156012300,U012,70
1156012300,U011,89
1156012300,U014,57
1156012300,U013,77
1156012300,U015,98
1156012300,U016,75
1156012300,U017,51
1156012300,U020,55
1156012300,U021,62
1156012300,U018,81
1156012300,U019,93
1156012300,U022,64
1156012300,U024,93
1156012300,U025,55
1156012300,U023,87
1156012300,U026,59
1156012300,U027,85
1156012300,U028,73
1156012300,U030,75
1156012300,U029,78
1156012300,U031,55
1156012300,U032,61
1156012300,U033,57
1156012300,U034,89
1156012300,U035,54
1156012300,U036,84
1156012300,U037,60
1156012300,U038,66
1156012300,U039,53
1156012300,U040,80
1156012300,U041,88
1156012300,U043,74
1156012300,U042,79
1156012300,U044,68
1156012300,U046,66
1156012300,U045,85
1156012300,U047,45
1156012300,V001,78
1156012300,V002,58
1156012400,B001,66
1156012400,C001,50
1156012400,C003,69
1156012400,C002,60
1156012400,C005,69
1156012400,C004,84
1156012400,C006,86
1156012400,C007,70
1156012400,C008,93
1156012400,E001,62
1156012400,P001,52
1156012400,C009,73
1156012400,M001,84
1156012400,P002,60
1156012400,U001,72
1156012400,U002,59
1156012400,U003,54
1156012400,U004,80
1156012400,U005,54
1156012400,U007,72
1156012400,U006,82
1156012400,U009,82
1156012400,U008,90
1156012400,U010,61
1156012400,U012,69
1156012400,U011,91
1156012400,U013,77
1156012400,U014,57
1156012400,U015,98
1156012400,U016,69
1156012400,U017,51
1156012400,U018,85
1156012400,U020,55
1156012400,U019,93
1156012400,U021,61
1156012400,U022,61
1156012400,U025,62
1156012400,U024,94
1156012400,U023,85
1156012400,U026,63
1156012400,U027,76
1156012400,U029,82
1156012400,U031,55
1156012400,U030,77
1156012400,U028,77
1156012400,U032,61
1156012400,U033,57
1156012400,U036,85
1156012400,U034,88
1156012400,U035,53
1156012400,U037,59
1156012400,U038,66
1156012400,U039,53
1156012400,U040,81
1156012400,U041,99
1156012400,U042,80
1156012400,U043,88
1156012400,U044,72
1156012400,U045,89
1156012400,U046,66
1156012400,U047,44
1156012400,V001,78
1156012400,V002,62
1156012500,C001,44
1156012500,B001,62
1156012500,C002,67
1156012500,C003,64
1156012500,C004,79
1156012500,C005,70
1156012500,C006,81
1156012500,C007,66
1156012500,P001,48
1156012500,C009,70
1156012500,C008,89
1156012500,E001,55
1156012500,M001,79
1156012500,P002,56
1156012500,U001,68
1156012500,U002,54
1156012500,U003,50
1156012500,U004,80
1156012500,U005,50
1156012500,U007,68
1156012500,U006,77
1156012500,U008,86
1156012500,U010,56
1156012500,U009,77
1156012500,U012,68
1156012500,U013,73
1156012500,U011,87
1156012500,U014,61
1156012500,U015,93
1156012500,U016,65
1156012500,U017,52
1156012500,U018,81
1156012500,U019,89
1156012500,U020,65
1156012500,U021,66
1156012500,U022,56
1156012500,U024,89
1156012500,U025,57
1156012500,U023,81
1156012500,U026,53
1156012500,U027,72
1156012500,U028,72
1156012500,U029,77
1156012500,U030,73
1156012500,U031,51
1156012500,U032,58
1156012500,U034,88
1156012500,U033,67
1156012500,U035,55
1156012500,U036,80
1156012500,U037,56
1156012500,U038,65
1156012500,U039,54
1156012500,U040,77
1156012500,U041,95
1156012500,U042,76
1156012500,U043,84
1156012500,U044,68
1156012500,U045,84
1156012500,U047,51
1156012500,U046,67
1156012500,V001,65
1156012500,V002,58
1156012600,B001,61
1156012600,C001,47
1156012600,C002,60
1156012600,C003,64
1156012600,C005,70
1156012600,C004,79
1156012600,C006,81
1156012600,C007,65
1156012600,C008,88
1156012600,C009,69
1156012600,E001,55
1156012600,P001,47
1156012600,M001,79
1156012600,P002,55
1156012600,U002,54
1156012600,U001,67
1156012600,U003,49
1156012600,U004,79
1156012600,U005,49
1156012600,U006,77
1156012600,U007,67
1156012600,U010,55
1156012600,U008,85
1156012600,U009,77
1156012600,U012,68
1156012600,U011,86
1156012600,U013,72
1156012600,U014,67
1156012600,U015,93
1156012600,U016,64
1156012600,U017,52
1156012600,U018,80
1156012600,U021,65
1156012600,U019,88
1156012600,U020,65
1156012600,U022,56
1156012600,U023,80
1156012600,U024,89
1156012600,U025,60
1156012600,U026,52
1156012600,U027,71
1156012600,U029,77
1156012600,U028,71
1156012600,U030,72
1156012600,U031,50
1156012600,U032,61
1156012600,U033,67
1156012600,U034,87
1156012600,U035,54
1156012600,U036,80
1156012600,U037,59
1156012600,U039,54
1156012600,U038,68
1156012600,U040,76
1156012600,U042,75
1156012600,U041,94
1156012600,U043,83
1156012600,U044,67
1156012600,U046,66
1156012600,U047,51
1156012600,U045,84
1156012600,V001,64
1156012700,C002,59
1156012600,V002,57
1156012700,B001,61
1156012700,C001,49
1156012700,C003,68
1156012700,C005,62
1156012700,C004,79
1156012700,C007,68
1156012700,C006,86
1156012700,C008,89
1156012700,E001,65
1156012700,C009,72
1156012700,P001,54
1156012700,P002,56
1156012700,M001,79
1156012700,U001,68
1156012700,U003,56
1156012700,U002,52
1156012700,U005,56
1156012700,U004,79
1156012700,U007,68
1156012700,U006,77
1156012700,U010,59
1156012700,U008,86
1156012700,U009,80
1156012700,U012,69
1156012700,U013,73
1156012700,U011,87
1156012700,U014,52
1156012700,U016,71
1156012700,U015,93
1156012700,U017,48
1156012700,U018,81
1156012700,U020,51
1156012700,U021,64
1156012700,U019,89
1156012700,U022,63
1156012700,U023,83
1156012700,U024,89
1156012700,U026,65
1156012700,U027,73
1156012700,U029,77
1156012700,U030,74
1156012700,U025,63
1156012700,U031,51
1156012700,U032,57
1156012700,U033,59
1156012700,U035,53
1156012700,U034,88
1156012700,U036,87
1156012700,U037,53
1156012700,U028,72
1156012700,U038,59
1156012700,U039,53
1156012700,U043,68
1156012700,U040,81
1156012700,U042,75
1156012700,U041,87
1156012700,U044,67
1156012700,U047,43
1156012700,U045,84
1156012700,U046,66
1156012700,V001,73
1156012700,V002,58
1156012800,B001,59
1156012800,C003,60
1156012800,C002,57
1156012800,C001,48
1156012800,C004,78
1156012800,C005,60
1156012800,C007,66
1156012800,C006,86
1156012800,C008,87
1156012800,E001,58
1156012800,C009,70
1156012800,P001,48
1156012800,P002,54
1156012800,M001,78
1156012800,U002,48
1156012800,U001,65
1156012800,U003,48
1156012800,U004,77
1156012800,U005,48
1156012800,U007,66
1156012800,U006,76
1156012800,U010,45
1156012800,U008,84
1156012800,U009,78
1156012800,U012,67
1156012800,U013,71
1156012800,U014,51
1156012800,U011,85
1156012800,U016,63
1156012800,U015,91
1156012800,U017,53
1156012800,U018,78
1156012800,U019,92
1156012800,U020,49
1156012800,U021,66
1156012800,U022,61
1156012800,U023,82
1156012800,U024,91
1156012800,U026,64
1156012800,U025,60
1156012800,U027,75
1156012800,U030,74
1156012800,U029,75
1156012800,U028,70
1156012800,U031,49
1156012800,U032,50
1156012800,U033,54
1156012800,U034,86
1156012800,U035,51
1156012800,U036,79
1156012800,U037,47
1156012800,U038,57
1156012800,U039,50
1156012800,U040,74
1156012800,U042,74
1156012800,U043,63
1156012800,U041,81
1156012800,U044,65
1156012800,U047,41
1156012800,U045,82
1156012800,V001,60
1156012800,U046,63
1156012800,V002,55
1156012900,C003,61
1156012900,B001,57
1156012900,C002,55
1156012900,C001,57
1156012900,C004,76
1156012900,C005,66
1156012900,C007,70
1156012900,C006,84
1156012900,C008,85
1156012900,C009,68
1156012900,E001,56
1156012900,P001,45
1156012900,M001,79
1156012900,P002,55
1156012900,U002,46
1156012900,U001,63
1156012900,U005,46
1156012900,U003,46
1156012900,U004,75
1156012900,U007,68
1156012900,U006,74
1156012900,U010,43
1156012900,U008,82
1156012900,U012,65
1156012900,U009,74
1156012900,U013,72
1156012900,U011,87
1156012900,U014,52
1156012900,U016,61
1156012900,U017,48
1156012900,U015,98
1156012900,U020,51
1156012900,U019,90
1156012900,U021,65
1156012900,U018,76
1156012900,U022,53
1156012900,U023,80
1156012900,U024,94
1156012900,U025,70
1156012900,U026,57
1156012900,U027,73
1156012900,U030,72
1156012900,U029,72
1156012900,U028,73
1156012900,U032,48
1156012900,U031,50
1156012900,U033,58
1156012900,U034,84
1156012900,U037,45
1156012900,U036,77
1156012900,U035,49
1156012900,U038,55
1156012900,U039,48
1156012900,U040,77
1156012900,U042,72
1156012900,U041,79
1156012900,U043,61
1156012900,U044,74
1156012900,U047,43
1156012900,U045,85
1156012900,U046,61
1156012900,V001,58
1156012900,V002,60
1156013000,B001,60
1156013000,C001,57
1156013000,C003,67
1156013000,C002,55
1156013000,C005,66
1156013000,C004,98
1156013000,C007,83
1156013000,C008,85
1156013000,C006,82
1156013000,C009,71
1156013000,E001,54
1156013000,P001,47
1156013000,M001,79
1156013000,P002,55
1156013000,U002,53
1156013000,U001,66
1156013000,U003,58
1156013000,U005,59
1156013000,U004,78
1156013000,U006,76
1156013000,U010,45
1156013000,U007,67
1156013000,U008,82
1156013000,U009,84
1156013000,U012,66
1156013000,U013,72
1156013000,U014,52
1156013000,U011,86
1156013000,U015,93
1156013000,U016,80
1156013000,U017,48
1156013000,U019,88
1156013000,U021,67
1156013000,U018,79
1156013000,U020,51
1156013000,U022,62
1156013000,U025,70
1156013000,U026,73
1156013000,U024,89
1156013000,U023,83
1156013000,U027,88
1156013000,U031,50
1156013000,U030,73
1156013000,U028,74
1156013000,U029,76
1156013000,U032,58
1156013000,U033,64
1156013000,U035,57
1156013000,U036,86
1156013000,U037,55
1156013000,U034,87
1156013000,U039,58
1156013000,U038,64
1156013000,U040,75
1156013000,U042,75
1156013000,U041,86
1156013000,U043,69
1156013000,U044,69
1156013000,U047,43
1156013000,U046,64
1156013000,U045,84
1156013000,V001,68
1156013000,V002,72
1156013100,B001,70
1156013100,C001,67
1156013100,C003,76
1156013100,C002,64
1156013100,C005,76
1156013100,C004,108
1156013100,C007,93
1156013100,C008,95
1156013100,C006,92
1156013100,C009,81
1156013100,E001,64
1156013100,P001,56
1156013100,M001,89
1156013100,P002,65
1156013100,U002,63
1156013100,U001,76
1156013100,U003,68
1156013100,U005,68
1156013100,U004,88
1156013100,U007,77
1156013100,U006,85
1156013100,U010,54
1156013100,U008,91
1156013100,U012,76
1156013100,U009,94
1156013100,U011,96
1156013100,U014,62
1156013100,U013,82
1156013100,U016,90
1156013100,U015,102
1156013100,U017,58
1156013100,U020,60
1156013100,U019,98
1156013100,U018,89
1156013100,U021,76
1156013100,U022,71
1156013100,U024,99
1156013100,U023,92
1156013100,U025,79
1156013100,U026,83
1156013100,U027,98
1156013100,U030,83
1156013100,U029,85
1156013100,U028,84
1156013100,U031,60
1156013100,U032,64
1156013100,U033,73
1156013100,U035,68
1156013100,U034,97
1156013100,U037,64
1156013100,U036,92
1156013100,U038,70
1156013100,U039,68
1156013100,U040,85
1156013100,U042,85
1156013100,U041,95
1156013100,U043,79
1156013100,U044,78
1156013100,U047,52
1156013100,U046,74
1156013100,U045,94
1156013100,V001,72
1156013100,V002,82
1156013200,C001,44
1156013200,B001,57
1156013200,C003,66
1156013200,C002,74
1156013200,C004,76
1156013200,C006,79
1156013200,C005,76
1156013200,C007,71
1156013200,C008,86
1156013200,C009,72
1156013200,E001,59
1156013200,P001,61
1156013200,M001,81
1156013200,P002,61
1156013200,U001,71
1156013200,U002,54
1156013200,U003,52
1156013200,U004,74
1156013200,U005,52
1156013200,U006,74
1156013200,U007,69
1156013200,U010,59
1156013200,U008,83
1156013200,U009,80
1156013200,U012,77
1156013200,U011,87
1156013200,U013,74
1156013200,U014,71
1156013200,U015,98
1156013200,U016,68
1156013200,U017,56
1156013200,U018,82
1156013200,U019,92
1156013200,U021,56
1156013200,U020,67
1156013200,U022,58
1156013200,U025,58
1156013200,U024,94
1156013200,U026,54
1156013200,U023,80
1156013200,U027,73
1156013200,U030,67
1156013200,U028,75
1156013200,U031,63
1156013200,U029,80
1156013200,U032,43
1156013200,U033,68
1156013200,U034,90
1156013200,U035,65
1156013200,U036,83
1156013200,U037,47
1156013200,U038,47
1156013200,U039,67
1156013200,U041,92
1156013200,U040,78
1156013200,U042,72
1156013200,U043,69
1156013200,U044,69
1156013200,U047,54
1156013200,U045,85
1156013200,U046,69
1156013200,V001,59
1156013300,C001,48
1156013300,B001,67
1156013200,V002,60
1156013300,C002,65
1156013300,C003,76
1156013300,C005,74
1156013300,C007,82
1156013300,C006,81
1156013300,C004,85
1156013300,C008,94
1156013300,E001,56
1156013300,P001,63
1156013300,C009,78
1156013300,M001,89
1156013300,P002,71
1156013300,U002,55
1156013300,U001,73
1156013300,U003,62
1156013300,U004,75
1156013300,U005,62
1156013300,U006,82
1156013300,U007,77
1156013300,U008,91
1156013300,U010,72
1156013300,U009,92
1156013300,U012,88
1156013300,U011,95
1156013300,U013,82
1156013300,U014,62
1156013300,U016,80
1156013300,U015,106
1156013300,U017,56
1156013300,U021,55
1156013300,U018,86
1156013300,U020,60
1156013300,U019,94
1156013300,U022,69
1156013300,U024,102
1156013300,U023,88
1156013300,U025,52
1156013300,U026,50
1156013300,U027,81
1156013300,U028,77
1156013300,U030,69
1156013300,U031,73
1156013300,U029,83
1156013300,U032,45
1156013300,U033,62
1156013300,U034,82
1156013300,U035,59
1156013300,U036,85
1156013300,U037,46
1156013300,U038,49
1156013300,U039,58
1156013300,U040,86
1156013300,U042,81
1156013300,U041,94
1156013300,U043,78
1156013300,U044,73
1156013300,U045,93
1156013300,U047,50
1156013300,V001,61
1156013300,U046,71
1156013400,B001,66
1156013300,V002,70
1156013400,C002,60
1156013400,C003,72
1156013400,C001,58
1156013400,C005,72
1156013400,C004,85
1156013400,C007,79
1156013400,C006,93
1156013400,C008,95
1156013400,C009,77
1156013400,E001,65
1156013400,P001,57
1156013400,P002,61
1156013400,M001,85
1156013400,U002,55
1156013400,U001,72
1156013400,U003,55
1156013400,U005,55
1156013400,U004,84
1156013400,U007,74
1156013400,U010,55
1156013400,U006,83
1156013400,U008,92
1156013400,U009,83
1156013400,U012,74
1156013400,U013,78
1156013400,U014,62
1156013400,U011,96
1156013400,U016,70
1156013400,U017,60
1156013400,U015,107
1156013400,U020,63
1156013400,U021,74
1156013400,U019,99
1156013400,U018,85
1156013400,U022,62
1156013400,U024,103
1156013400,U025,72
1156013400,U023,89
1156013400,U026,74
1156013400,U027,82
1156013400,U030,81
1156013400,U028,83
1156013400,U029,82
1156013400,U031,63
1156013400,U032,57
1156013400,U033,69
1156013400,U035,63
1156013400,U034,93
1156013400,U036,86
1156013400,U037,54
1156013400,U038,64
1156013400,U039,57
1156013400,U040,92
1156013400,U041,88
1156013400,U043,71
1156013400,U042,81
1156013400,U044,78
1156013400,V001,68
1156013400,U047,54
1156013400,U046,70
1156013400,U045,94
1156013400,V002,69
1159010100,C003,62
1159010100,B001,47
1159010100,C001,54
1159010100,C002,61
1159010100,C004,66
1159010100,C005,72
1159010100,C007,62
1159010100,C006,68
1159010100,C008,75
1159010100,C009,64
1159010100,E001,40
1159010100,P001,52
1159010100,M001,70
1159010100,P002,48
1159010100,U001,61
1159010100,U002,39
1159010100,U003,44
1159010100,U004,63
1159010100,U005,44
1159010100,U007,59
1159010100,U006,63
1159010100,U009,74
1159010100,U010,54
1159010100,U008,72
1159010100,U011,76
1159010100,U012,57
1159010100,U013,64
1159010100,U014,58
1159010100,U015,87
1159010100,U016,61
1159010100,U017,52
1159010100,U018,71
1159010100,U019,79
1159010100,U021,62
1159010100,U020,56
1159010100,U022,49
1159010100,U024,84
1159010100,U023,69
1159010100,U025,55
1159010100,U026,55
1159010100,U027,62
1159010100,U028,63
1159010100,U029,70
1159010100,U030,56
1159010100,U031,43
1159010100,U032,35
1159010100,U033,78
1159010100,U035,54
1159010100,U034,68
1159010100,U037,35
1159010100,U036,72
1159010100,U038,41
1159010100,U039,53
1159010100,U040,70
1159010100,U042,62
1159010100,U041,72
1159010100,U043,55
1159010100,U044,58
1159010100,U045,74
1159010100,U046,58
1159010100,U047,49
1159010100,V001,49
1159010100,V002,51
1159010200,B001,56
1159010200,C001,64
1159010200,C002,71
1159010200,C003,80
1159010200,C005,84
1159010200,C004,75
1159010200,C006,72
1159010200,C007,69
1159010200,C008,84
1159010200,E001,52
1159010200,C009,78
1159010200,P001,62
1159010200,M001,80
1159010200,P002,59
1159010200,U002,47
1159010200,U001,78
1159010200,U004,67
1159010200,U003,61
1159010200,U005,55
1159010200,U006,73
1159010200,U007,68
1159010200,U009,93
1159010200,U008,81
1159010200,U010,64
1159010200,U012,69
1159010200,U011,86
1159010200,U013,73
1159010200,U014,68
1159010200,U015,97
1159010200,U016,81
1159010200,U017,68
1159010200,U021,61
1159010200,U018,80
1159010200,U019,85
1159010200,U020,81
1159010200,U022,59
1159010200,U024,94
1159010200,U023,79
1159010200,U026,59
1159010200,U025,65
1159010200,U027,72
1159010200,U028,72
1159010200,U032,38
1159010200,U030,60
1159010200,U029,87
1159010200,U031,61
1159010200,U037,35
1159010200,U035,72
1159010200,U034,83
1159010200,U033,77
1159010200,U036,76
1159010200,U038,44
1159010200,U039,62
1159010200,U041,86
1159010200,U042,71
1159010200,U040,76
1159010200,U043,65
1159010200,U044,68
1159010200,U047,67
1159010200,U046,71
1159010200,U045,84
1159010200,V001,52
1159010200,V002,63
1159010300,C003,67
1159010300,B001,57
1159010300,C001,57
1159010300,C002,78
1159010300,C006,64
1159010300,C007,55
1159010300,C004,70
1159010300,C005,68
1159010300,C008,85
1159010300,E001,44
1159010300,C009,70
1159010300,M001,73
1159010300,P001,63
1159010300,P002,45
1159010300,U002,39
1159010300,U001,63
1159010300,U004,59
1159010300,U003,50
1159010300,U005,55
1159010300,U007,62
1159010300,U006,74
1159010300,U009,79
1159010300,U010,62
1159010300,U008,86
1159010300,U012,61
1159010300,U011,81
1159010300,U015,89
1159010300,U013,67
1159010300,U014,76
1159010300,U016,67
1159010300,U017,72
1159010300,U019,77
1159010300,U018,76
1159010300,U021,48
1159010300,U020,67
1159010300,U022,59
1159010300,U024,86
1159010300,U026,55
1159010300,U023,81
1159010300,U025,63
1159010300,U027,78
1159010300,U030,52
1159010300,U028,67
1159010300,U032,27
1159010300,U029,73
1159010300,U031,47
1159010300,U037,21
1159010300,U033,66
1159010300,U034,75
1159010300,U035,61
1159010300,U036,68
1159010300,U038,33
1159010300,U039,61
1159010300,U040,71
1159010300,U042,72
1159010300,U041,78
1159010300,U043,66
1159010300,U044,63
1159010300,U047,53
1159010300,V001,44
1159010300,U045,79
1159010300,U046,63
1159010400,C003,64
1159010400,B001,54
1159010400,C001,57
1159010400,C002,63
1159010300,V002,44
1159010400,C005,65
1159010400,C007,52
1159010400,C004,68
1159010400,C006,69
1159010400,C008,77
1159010400,E001,44
1159010400,P001,58
1159010400,M001,70
1159010400,P002,42
1159010400,C009,66
1159010400,U002,43
1159010400,U003,47
1159010400,U001,60
1159010400,U004,64
1159010400,U005,51
1159010400,U006,65
1159010400,U007,59
1159010400,U010,58
1159010400,U009,76
1159010400,U008,74
1159010400,U011,77
1159010400,U012,58
1159010400,U013,64
1159010400,U015,84
1159010400,U014,61
1159010400,U016,63
1159010400,U017,55
1159010400,U020,64
1159010400,U021,51
1159010400,U018,73
1159010400,U019,82
1159010400,U022,55
1159010400,U024,80
1159010400,U023,72
1159010400,U025,58
1159010400,U026,57
1159010400,U027,64
1159010400,U030,57
1159010400,U029,69
1159010400,U031,43
1159010400,U028,64
1159010400,U032,30
1159010400,U037,27
1159010400,U034,75
1159010400,U033,63
1159010400,U035,58
1159010400,U036,77
1159010400,U038,37
1159010400,U039,57
1159010400,U040,66
1159010400,U041,77
1159010400,U043,57
1159010400,U042,64
1159010400,U044,61
1159010400,U045,75
1159010400,V001,54
1159010400,U047,50
1159010400,U046,70
1159010400,V002,41
1159010500,B001,63
1159010500,C003,70
1159010500,C001,64
1159010500,C002,71
1159010500,C004,75
1159010500,C005,70
1159010500,C007,59
1159010500,C008,85
1159010500,C006,76
1159010500,E001,48
1159010500,C009,69
1159010500,M001,77
1159010500,P002,48
1159010500,P001,66
1159010500,U002,46
1159010500,U001,69
1159010500,U003,59
1159010500,U004,71
1159010500,U005,53
1159010500,U007,65
1159010500,U006,73
1159010500,U008,81
1159010500,U010,65
1159010500,U009,83
1159010500,U012,65
1159010500,U011,84
1159010500,U015,91
1159010500,U013,70
1159010500,U014,68
1159010500,U017,62
1159010500,U016,70
1159010500,U018,82
1159010500,U020,71
1159010500,U021,61
1159010500,U022,71
1159010500,U024,87
1159010500,U025,65
1159010500,U023,79
1159010500,U026,64
1159010500,U028,86
1159010500,U019,89
1159010500,U029,78
1159010500,U030,64
1159010500,U032,33
1159010500,U027,79
1159010500,U031,50
1159010500,U034,79
1159010500,U033,70
1159010500,U037,26
1159010500,U035,65
1159010500,U036,84
1159010500,U039,64
1159010500,U040,73
1159010500,U038,47
1159010500,U043,61
1159010500,U044,68
1159010500,U045,101
1159010500,U042,71
1159010500,U041,80
1159010500,U046,77
1159010500,V001,56
1159010500,U047,57
1159010500,V002,48
1159010600,B001,56
1159010600,C001,67
1159010600,C003,67
1159010600,C002,71
1159010600,C004,63
1159010600,C005,73
1159010600,C006,68
1159010600,C007,54
1159010600,C008,86
1159010600,E001,58
1159010600,C009,58
1159010600,M001,75
1159010600,P001,63
1159010600,P002,50
1159010600,U002,43
1159010600,U001,62
1159010600,U004,63
1159010600,U003,62
1159010600,U005,56
1159010600,U007,63
1159010600,U006,62
1159010600,U009,75
1159010600,U008,82
1159010600,U010,65
1159010600,U012,58
1159010600,U011,81
1159010600,U013,68
1159010600,U015,89
1159010600,U014,70
1159010600,U016,74
1159010600,U017,57
1159010600,U021,63
1159010600,U018,75
1159010600,U020,69
1159010600,U019,82
1159010600,U022,58
1159010600,U024,85
1159010600,U023,67
1159010600,U025,68
1159010600,U026,71
1159010600,U027,72
1159010600,U028,66
1159010600,U030,56
1159010600,U029,71
1159010600,U031,49
1159010600,U034,71
1159010600,U032,45
1159010600,U033,69
1159010600,U035,69
1159010600,U036,75
1159010600,U038,40
1159010600,U037,38
1159010600,U039,66
1159010600,U040,72
1159010600,U041,77
1159010600,U042,72
1159010600,U043,58
1159010600,U044,62
1159010600,U045,79
1159010600,U046,64
1159010600,U047,55
1159010600,V001,49
1159010600,V002,44
1159010700,B001,57
1159010700,C001,60
1159010700,C003,66
1159010700,C002,79
1159010700,C004,73
1159010700,C005,70
1159010700,C006,58
1159010700,C007,55
1159010700,C008,78
1159010700,E001,42
1159010700,C009,63
1159010700,M001,75
1159010700,P001,74
1159010700,U002,33
1159010700,P002,51
1159010700,U001,63
1159010700,U004,52
1159010700,U003,70
1159010700,U005,74
1159010700,U006,72
1159010700,U007,61
1159010700,U009,76
1159010700,U008,80
1159010700,U012,55
1159010700,U010,76
1159010700,U011,84
1159010700,U013,75
1159010700,U015,83
1159010700,U014,76
1159010700,U016,70
1159010700,U017,70
1159010700,U021,46
1159010700,U018,76
1159010700,U019,71
1159010700,U020,70
1159010700,U022,58
1159010700,U024,79
1159010700,U023,75
1159010700,U025,66
1159010700,U026,58
1159010700,U027,69
1159010700,U030,46
1159010700,U032,25
1159010700,U028,67
1159010700,U029,72
1159010700,U031,50
1159010700,U034,68
1159010700,U033,80
1159010700,U035,75
1159010700,U037,33
1159010700,U038,21
1159010700,U036,62
1159010700,U039,72
1159010700,U043,61
1159010700,U040,83
1159010700,U042,71
1159010700,U041,71
1159010700,V001,38
1159010700,U046,57
1159010700,U045,79
1159010700,U044,63
1159010700,U047,56
1159010700,V002,45
1159010800,C001,58
1159010800,B001,80
1159010800,C003,68
1159010800,C002,75
1159010800,C004,77
1159010800,C005,78
1159010800,C007,71
1159010800,C006,79
1159010800,C008,86
1159010800,E001,60
1159010800,P001,77
1159010800,C009,73
1159010800,M001,81
1159010800,P002,61
1159010800,U002,54
1159010800,U003,53
1159010800,U001,71
1159010800,U004,73
1159010800,U005,53
1159010800,U006,71
1159010800,U007,70
1159010800,U010,75
1159010800,U008,83
1159010800,U009,95
1159010800,U011,87
1159010800,U012,78
1159010800,U014,76
1159010800,U013,75
1159010800,U015,98
1159010800,U016,68
1159010800,U017,59
1159010800,U018,79
1159010800,U020,68
1159010800,U019,95
1159010800,U021,55
1159010800,U022,59
1159010800,U023,80
1159010800,U024,91
1159010800,U025,71
1159010800,U026,58
1159010800,U027,70
1159010800,U030,67
1159010800,U031,53
1159010800,U029,80
1159010800,U028,71
1159010800,U032,43
1159010800,U033,74
1159010800,U034,86
1159010800,U035,64
1159010800,U036,84
1159010800,U037,48
1159010800,U038,47
1159010800,U039,61
1159010800,U040,75
1159010800,U042,73
1159010800,U041,93
1159010800,U043,64
1159010800,U044,66
1159010800,U045,85
1159010800,U046,69
1159010800,V001,59
1159010800,U047,55
1159010800,V002,60
1159010900,C001,54
1159010900,B001,73
1159010900,C002,71
1159010900,C003,82
1159010900,C004,83
1159010900,C005,80
1159010900,C006,79
1159010900,C007,72
1159010900,C008,93
1159010900,E001,54
1159010900,P001,69
1159010900,C009,84
1159010900,M001,95
1159010900,P002,71
1159010900,U002,51
1159010900,U001,79
1159010900,U003,68
1159010900,U005,68
1159010900,U004,73
1159010900,U006,81
1159010900,U007,83
1159010900,U010,76
1159010900,U008,89
1159010900,U009,92
1159010900,U012,75
1159010900,U011,94
1159010900,U013,88
1159010900,U014,68
1159010900,U015,105
1159010900,U016,86
1159010900,U017,62
1159010900,U018,92
1159010900,U021,51
1159010900,U020,66
1159010900,U019,93
1159010900,U022,75
1159010900,U025,61
1159010900,U023,87
1159010900,U024,101
1159010900,U026,58
1159010900,U027,80
1159010900,U030,67
1159010900,U031,63
1159010900,U029,89
1159010900,U028,84
1159010900,U032,43
1159010900,U033,68
1159010900,U035,65
1159010900,U034,80
1159010900,U036,88
1159010900,U037,50
1159010900,U038,48
1159010900,U039,64
1159010900,U040,85
1159010900,U041,93
1159010900,U042,79
1159010900,U043,77
1159010900,U044,76
1159010900,U045,96
1159010900,U047,56
1159010900,U046,77
1159010900,V001,59
1159010900,V002,62
1162010100,B001,67
1162010100,C001,65
1162010100,C003,92
1162010100,C002,82
1162010100,C004,81
1162010100,C006,84
1162010100,C005,93
1162010100,C007,66
1162010100,C008,109
1162010100,E001,54
1162010100,C009,81
1162010100,P001,80
1162010100,M001,98
1162010100,P002,70
1162010100,U002,54
1162010100,U001,74
1162010100,U003,75
1162010100,U004,77
1162010100,U005,80
1162010100,U006,77
1162010100,U007,87
1162010100,U010,87
1162010100,U009,104
1162010100,U008,106
1162010100,U012,69
1162010100,U011,99
1162010100,U014,79
1162010100,U015,100
1162010100,U013,92
1162010100,U016,92
1162010100,U017,73
1162010100,U020,77
1162010100,U018,87
1162010100,U019,97
1162010100,U022,69
1162010100,U021,32
1162010100,U024,104
1162010100,U023,85
1162010100,U025,79
1162010100,U026,71
1162010100,U027,84
1162010100,U028,78
1162010100,U030,72
1162010100,U032,42
1162010100,U029,83
1162010100,U031,72
1162010100,U034,73
1162010100,U033,91
1162010100,U035,87
1162010100,U037,47
1162010100,U036,81
1162010100,U039,75
1162010100,U040,95
1162010100,U041,87
1162010100,U042,96
1162010100,U043,70
1162010100,U038,39
1162010100,U044,73
1162010100,U046,75
1162010100,U045,93
1162010100,U047,67
1162010100,V001,56
1162010100,V002,56
1162010200,C001,75
1162010200,B001,82
1162010200,C002,92
1162010200,C003,96
1162010200,C005,101
1162010200,C007,81
1162010200,C006,101
1162010200,C004,90
1162010200,C008,114
1162010200,E001,63
1162010200,C009,96
1162010200,P001,90
1162010200,M001,101
1162010200,P002,87
1162010200,U002,60
1162010200,U001,89
1162010200,U004,92
1162010200,U003,85
1162010200,U005,90
1162010200,U007,97
1162010200,U006,102
1162010200,U008,111
1162010200,U010,111
1162010200,U009,102
1162010200,U012,84
1162010200,U011,109
1162010200,U015,115
1162010200,U013,95
1162010200,U014,89
1162010200,U016,109
1162010200,U017,83
1162010200,U021,40
1162010200,U018,102
1162010200,U020,87
1162010200,U019,114
1162010200,U022,84
1162010200,U023,112
1162010200,U024,122
1162010200,U026,79
1162010200,U025,82
1162010200,U027,99
1162010200,U030,82
1162010200,U032,52
1162010200,U028,93
1162010200,U031,82
1162010200,U029,98
1162010200,U033,102
1162010200,U035,86
1162010200,U034,88
1162010200,U037,58
1162010200,U036,97
1162010200,U038,62
1162010200,U039,85
1162010200,U042,101
1162010200,U040,110
1162010200,U041,102
1162010200,U043,85
1162010200,U044,88
1162010200,U047,76
1162010200,U046,90
1162010200,U045,106
1162010200,V001,72
1162010200,V002,71
1162010300,B001,70
1162010300,C003,80
1162010300,C001,77
1162010300,C002,85
1162010300,C005,84
1162010300,C004,77
1162010300,C007,68
1162010300,C006,79
1162010300,C008,100
1162010300,E001,58
1162010300,C009,71
1162010300,P001,82
1162010300,M001,89
1162010300,P002,61
1162010300,U002,61
1162010300,U001,76
1162010300,U004,74
1162010300,U003,71
1162010300,U005,79
1162010300,U006,75
1162010300,U007,77
1162010300,U009,89
1162010300,U008,96
1162010300,U010,84
1162010300,U012,71
1162010300,U011,95
1162010300,U013,82
1162010300,U015,102
1162010300,U014,80
1162010300,U016,88
1162010300,U017,70
1162010300,U021,64
1162010300,U018,89
1162010300,U020,82
1162010300,U019,93
1162010300,U024,99
1162010300,U022,71
1162010300,U023,81
1162010300,U026,83
1162010300,U025,92
1162010300,U027,86
1162010300,U028,80
1162010300,U029,85
1162010300,U030,67
1162010300,U031,63
1162010300,U032,53
1162010300,U033,82
1162010300,U034,80
1162010300,U036,93
1162010300,U035,83
1162010300,U037,58
1162010300,U038,54
1162010300,U039,87
1162010300,U040,86
1162010300,U041,93
1162010300,U043,77
1162010300,U042,86
1162010300,U044,76
1162010300,U045,93
1162010300,U046,78
1162010300,V001,59
1162010300,U047,68
1162010300,V002,58
1165010100,B001,65
1165010100,C001,67
1165010100,C003,72
1165010100,C002,83
1165010100,C004,72
1165010100,C005,76
1165010100,C006,61
1165010100,C007,63
1165010100,C009,72
1165010100,C008,82
1165010100,E001,32
1165010100,P001,82
1165010100,M001,78
1165010100,P002,59
1165010100,U002,36
1165010100,U001,71
1165010100,U004,56
1165010100,U003,66
1165010100,U005,69
1165010100,U006,70
1165010100,U007,67
1165010100,U008,83
1165010100,U009,84
1165010100,U010,80
1165010100,U011,88
1165010100,U012,60
1165010100,U013,72
1165010100,U014,81
1165010100,U015,87
1165010100,U016,76
1165010100,U017,75
1165010100,U019,74
1165010100,U018,84
1165010100,U020,79
1165010100,U022,66
1165010100,U021,56
1165010100,U024,83
1165010100,U023,87
1165010100,U025,73
1165010100,U026,69
1165010100,U027,75
1165010100,U030,49
1165010100,U028,75
1165010100,U029,80
1165010100,U032,53
1165010100,U031,58
1165010100,U034,64
1165010100,U033,80
1165010100,U036,72
1165010100,U035,77
1165010100,U037,44
1165010100,U038,45
1165010100,U039,77
1165010100,U040,75
1165010100,U042,75
1165010100,U041,75
1165010100,U043,61
1165010100,U044,69
1165010100,U045,88
1165010100,U046,65
1165010100,V001,41
1165010100,U047,68
1165010100,V002,53
1165010200,C003,67
1165010200,B001,74
1165010200,C002,82
1165010200,C001,77
1165010200,C004,67
1165010200,C005,71
1165010200,C006,61
1165010200,C007,63
1165010200,C008,81
1165010200,C009,71
1165010200,E001,38
1165010200,M001,73
1165010200,P002,61
1165010200,P001,74
1165010200,U002,48
1165010200,U001,65
1165010200,U003,80
1165010200,U004,55
1165010200,U005,64
1165010200,U007,62
1165010200,U006,65
1165010200,U010,76
1165010200,U012,56
1165010200,U008,83
1165010200,U009,84
1165010200,U011,85
1165010200,U015,86
1165010200,U013,67
1165010200,U014,79
1165010200,U016,71
1165010200,U017,73
1165010200,U019,74
1165010200,U018,78
1165010200,U021,65
1165010200,U020,82
1165010200,U022,59
1165010200,U023,77
1165010200,U024,82
1165010200,U025,79
1165010200,U027,70
1165010200,U026,82
1165010200,U028,69
1165010200,U030,49
1165010200,U029,74
1165010200,U032,52
1165010200,U031,66
1165010200,U033,74
1165010200,U034,63
1165010200,U035,91
1165010200,U036,65
1165010200,U037,57
1165010200,U038,50
1165010200,U039,70
1165010200,U040,81
1165010200,U041,68
1165010200,U043,56
1165010200,U042,74
1165010200,U044,63
1165010200,V001,41
1165010200,U046,64
1165010200,U045,82
1165010200,U047,71
1165010200,V002,50
1165010300,C003,82
1165010300,B001,73
1165010300,C001,81
1165010300,C002,89
1165010300,C006,79
1165010300,C005,85
1165010300,C004,81
1165010300,C007,72
1165010300,C008,104
1165010300,E001,42
1165010300,C009,81
1165010300,P001,86
1165010300,M001,93
1165010300,P002,61
1165010300,U001,80
1165010300,U002,39
1165010300,U004,74
1165010300,U003,75
1165010300,U006,79
1165010300,U005,83
1165010300,U007,81
1165010300,U009,93
1165010300,U008,100
1165010300,U010,88
1165010300,U012,75
1165010300,U011,98
1165010300,U013,86
1165010300,U015,99
1165010300,U016,92
1165010300,U014,95
1165010300,U017,83
1165010300,U021,68
1165010300,U019,94
1165010300,U018,93
1165010300,U020,86
1165010300,U022,75
1165010300,U023,84
1165010300,U024,95
1165010300,U026,87
1165010300,U025,87
1165010300,U027,85
1165010300,U029,89
1165010300,U030,67
1165010300,U028,84
1165010300,U032,62
1165010300,U031,67
1165010300,U034,74
1165010300,U036,82
1165010300,U033,86
1165010300,U035,86
1165010300,U037,62
1165010300,U038,57
1165010300,U039,91
1165010300,U040,89
1165010300,U041,87
1165010300,U042,90
1165010300,U043,71
1165010300,U044,79
1165010300,U046,75
1165010300,U047,72
1165010300,U045,97
1165010300,V001,66
1165010300,V002,62
1165010400,B001,78
1165010400,C003,87
1165010400,C002,102
1165010400,C001,97
1165010400,C006,80
1165010400,C004,86
1165010400,C005,90
1165010400,C007,82
1165010400,C008,100
1165010400,E001,58
1165010400,C009,90
1165010400,P002,73
1165010400,P001,94
1165010400,M001,93
1165010400,U002,62
1165010400,U001,85
1165010400,U004,75
1165010400,U005,83
1165010400,U003,86
1165010400,U006,85
1165010400,U007,81
1165010400,U008,102
1165010400,U009,103
1165010400,U010,96
1165010400,U012,75
1165010400,U011,105
1165010400,U013,86
1165010400,U015,105
1165010400,U014,99
1165010400,U016,91
1165010400,U017,93
1165010400,U019,93
1165010400,U018,97
1165010400,U021,85
1165010400,U020,101
1165010400,U022,78
1165010400,U024,102
1165010400,U023,97
1165010400,U025,99
1165010400,U026,101
1165010400,U027,90
1165010400,U030,68
1165010400,U028,89
1165010400,U029,94
1165010400,U032,71
1165010400,U031,85
1165010400,U034,83
1165010400,U033,93
1165010400,U035,91
1165010400,U036,84
1165010400,U038,70
1165010400,U037,76
1165010400,U039,89
1165010400,U040,90
1165010400,U041,88
1165010400,U043,76
1165010400,U042,94
1165010400,U045,101
1165010400,U044,83
1165010400,V001,60
1165010400,U046,84
1165010400,U047,91
1165010400,V002,69
1165010600,B001,48
1165010600,C003,57
1165010600,C002,72
1165010600,C001,70
1165010600,C005,61
1165010600,C004,57
1165010600,C006,59
1165010600,C007,53
1165010600,C008,72
1165010600,C009,60
1165010600,E001,33
1165010600,M001,63
1165010600,P001,66
1165010600,U002,33
1165010600,U001,55
1165010600,P002,44
1165010600,U003,53
1165010600,U004,54
1165010600,U005,54
1165010600,U006,55
1165010600,U007,52
1165010600,U009,74
1165010600,U008,66
1165010600,U010,68
1165010600,U012,46
1165010600,U011,70
1165010600,U013,57
1165010600,U015,77
1165010600,U016,61
1165010600,U014,69
1165010600,U017,64
1165010600,U018,68
1165010600,U021,61
1165010600,U019,73
1165010600,U022,50
1165010600,U020,72
1165010600,U023,60
1165010600,U024,73
1165010600,U027,60
1165010600,U026,73
1165010600,U025,71
1165010600,U028,59
1165010600,U029,64
1165010600,U030,47
1165010600,U032,43
1165010600,U031,56
1165010600,U033,63
1165010600,U034,63
1165010600,U035,62
1165010600,U036,65
1165010600,U037,48
1165010600,U038,42
1165010600,U039,60
1165010600,U040,61
1165010600,U041,63
1165010600,U042,67
1165010600,U043,55
1165010600,U044,53
1165010600,V001,39
1165010600,U045,71
1165010600,U047,61
1165010600,U046,58
1165010600,V002,42
1165010700,B001,54
1165010700,C003,61
1165010700,C002,70
1165010700,C001,65
1165010700,C004,61
1165010700,C005,64
1165010700,C006,55
1165010700,C007,46
1165010700,C008,76
1165010700,E001,33
1165010700,C009,55
1165010700,M001,67
1165010700,U002,23
1165010700,P002,37
1165010700,P001,61
1165010700,U001,66
1165010700,U004,50
1165010700,U003,54
1165010700,U005,54
1165010700,U007,56
1165010700,U009,78
1165010700,U006,59
1165010700,U008,77
1165010700,U010,63
1165010700,U011,74
1165010700,U012,50
1165010700,U013,61
1165010700,U014,68
1165010700,U015,80
1165010700,U016,65
1165010700,U017,64
1165010700,U018,72
1165010700,U019,68
1165010700,U021,70
1165010700,U020,76
1165010700,U022,61
1165010700,U023,72
1165010700,U025,66
1165010700,U026,69
1165010700,U027,64
1165010700,U024,77
1165010700,U030,43
1165010700,U029,68
1165010700,U031,53
1165010700,U032,39
1165010700,U033,69
1165010700,U034,63
1165010700,U036,59
1165010700,U035,64
1165010700,U028,63
1165010700,U037,44
1165010700,U038,38
1165010700,U039,64
1165010700,U040,65
1165010700,U041,69
1165010700,U042,73
1165010700,U043,50
1165010700,U045,75
1165010700,U044,57
1165010700,V001,35
1165010700,U046,54
1165010700,U047,57
1165010700,V002,35
1165010800,B001,57
1165010800,C003,66
1165010800,C001,75
1165010800,C002,81
1165010800,C007,61
1165010800,C004,65
1165010800,C008,81
1165010800,E001,15
1165010800,C005,69
1165010800,C009,68
1165010800,C006,64
1165010800,M001,72
1165010800,P001,71
1165010800,U002,26
1165010800,P002,52
1165010800,U001,63
1165010800,U004,58
1165010800,U003,62
1165010800,U005,62
1165010800,U006,64
1165010800,U007,60
1165010800,U009,82
1165010800,U008,74
1165010800,U010,74
1165010800,U012,54
1165010800,U011,79
1165010800,U013,65
1165010800,U014,78
1165010800,U016,70
1165010800,U015,86
1165010800,U017,67
1165010800,U021,65
1165010800,U018,76
1165010800,U019,74
1165010800,U020,81
1165010800,U022,59
1165010800,U024,82
1165010800,U023,69
1165010800,U025,81
1165010800,U026,78
1165010800,U027,69
1165010800,U029,73
1165010800,U028,68
1165010800,U030,52
1165010800,U031,56
1165010800,U032,52
1165010800,U034,64
1165010800,U033,72
1165010800,U035,70
1165010800,U036,72
1165010800,U037,53
1165010800,U038,48
1165010800,U039,68
1165010800,U040,69
1165010800,U043,57
1165010800,U042,76
1165010800,U041,66
1165010800,U044,62
1165010800,U045,80
1165010800,V001,44
1165010800,U047,70
1165010800,U046,61
1165010800,V002,48
1165010900,B001,61
1165010900,C003,77
1165010900,C002,96
1165010900,C001,96
1165010900,C004,93
1165010900,C005,88
1165010900,C006,79
1165010900,C007,60
1165010900,C008,99
1165010900,C009,82
1165010900,E001,59
1165010900,P002,57
1165010900,M001,101
1165010900,P001,93
1165010900,U002,65
1165010900,U001,74
1165010900,U004,82
1165010900,U003,68
1165010900,U005,72
1165010900,U007,83
1165010900,U006,87
1165010900,U009,95
1165010900,U008,96
1165010900,U010,94
1165010900,U011,100
1165010900,U012,74
1165010900,U013,94
1165010900,U015,93
1165010900,U014,93
1165010900,U016,83
1165010900,U017,85
1165010900,U018,92
1165010900,U021,84
1165010900,U019,98
1165010900,U020,102
1165010900,U022,68
1165010900,U024,100
1165010900,U023,91
1165010900,U025,98
1165010900,U026,100
1165010900,U027,76
1165010900,U028,83
1165010900,U029,92
1165010900,U030,67
1165010900,U032,71
1165010900,U031,75
1165010900,U033,83
1165010900,U034,68
1165010900,U036,72
1165010900,U035,80
1165010900,U037,90
1165010900,U038,89
1165010900,U039,76
1165010900,U041,91
1165010900,U040,93
1165010900,U043,61
1165010900,U042,85
1165010900,U044,85
1165010900,U045,98
1165010900,U046,75
1165010900,V001,72
1165010900,U047,82
1165010900,V002,61
1165011000,B001,51
1165011000,C003,66
1165011000,C001,86
1165011000,C002,85
1165011000,C004,83
1165011000,C005,78
1165011000,C006,69
1165011000,C007,50
1165011000,C008,89
1165011000,E001,49
1165011000,C009,91
1165011000,P002,46
1165011000,M001,90
1165011000,P001,83
1165011000,U002,55
1165011000,U001,63
1165011000,U004,64
1165011000,U003,86
1165011000,U005,62
1165011000,U007,73
1165011000,U006,77
1165011000,U009,85
1165011000,U010,84
1165011000,U008,85
1165011000,U012,64
1165011000,U011,90
1165011000,U013,84
1165011000,U016,73
1165011000,U015,93
1165011000,U014,83
1165011000,U017,75
1165011000,U018,82
1165011000,U021,74
1165011000,U019,88
1165011000,U020,92
1165011000,U022,58
1165011000,U023,80
1165011000,U024,89
1165011000,U027,66
1165011000,U025,87
1165011000,U026,90
1165011000,U028,73
1165011000,U029,82
1165011000,U030,57
1165011000,U031,64
1165011000,U032,60
1165011000,U034,72
1165011000,U033,73
1165011000,U035,97
1165011000,U036,73
1165011000,U037,80
1165011000,U038,59
1165011000,U039,66
1165011000,U042,75
1165011000,U041,81
1165011000,U040,82
1165011000,U043,65
1165011000,U044,75
1165011000,U045,88
1165011000,U046,73
1165011000,V001,62
1165011000,U047,72
1165011000,V002,50
1165011100,B001,76
1165011100,C003,85
1165011100,C002,100
1165011100,C001,95
1165011100,C004,84
1165011100,C005,88
1165011100,C006,78
1165011100,C007,80
1165011100,C009,89
1165011100,C008,99
1165011100,E001,56
1165011100,M001,91
1165011100,U002,60
1165011100,P002,71
1165011100,P001,92
1165011100,U001,83
1165011100,U003,84
1165011100,U004,73
1165011100,U005,81
1165011100,U006,83
1165011100,U007,80
1165011100,U008,100
1165011100,U010,94
1165011100,U009,101
1165011100,U012,73
1165011100,U011,103
1165011100,U015,104
1165011100,U013,85
1165011100,U016,89
1165011100,U014,97
1165011100,U017,91
1165011100,U018,96
1165011100,U019,92
1165011100,U021,83
1165011100,U020,100
1165011100,U022,76
1165011100,U024,100
1165011100,U023,95
1165011100,U025,97
1165011100,U026,100
1165011100,U027,88
1165011100,U029,92
1165011100,U030,66
1165011100,U028,87
1165011100,U032,70
1165011100,U031,83
1165011100,U033,91
1165011100,U034,81
1165011100,U035,90
1165011100,U036,82
1165011100,U037,75
1165011100,U038,68
1165011100,U039,88
1165011100,U041,86
1165011100,U040,89
1165011100,U042,92
1165011100,U043,74
1165011100,U044,81
1165011100,U045,99
1165011100,V001,58
1165011100,U047,89
1165011100,U046,82
1165011100,V002,68
1168010100,C003,68
1168010100,B001,64
1168010100,C001,71
1168010100,C002,88
1168010100,C004,71
1168010100,C006,60
1168010100,C005,71
1168010100,C007,67
1168010100,C008,75
1168010100,C009,64
1168010100,E001,31
1168010100,M001,96
1168010100,P001,86
1168010100,U002,42
1168010100,P002,51
1168010100,U001,70
1168010100,U004,59
1168010100,U003,73
1168010100,U005,73
1168010100,U006,70
1168010100,U007,75
1168010100,U008,76
1168010100,U009,83
1168010100,U010,82
1168010100,U012,56
1168010100,U011,86
1168010100,U013,75
1168010100,U016,71
1168010100,U014,85
1168010100,U015,79
1168010100,U017,79
1168010100,U021,58
1168010100,U018,83
1168010100,U022,65
1168010100,U020,83
1168010100,U019,66
1168010100,U024,73
1168010100,U023,75
1168010100,U026,76
1168010100,U025,77
1168010100,U027,70
1168010100,U028,74
1168010100,U029,79
1168010100,U030,48
1168010100,U032,54
1168010100,U031,62
1168010100,U034,52
1168010100,U033,74
1168010100,U035,81
1168010100,U036,60
1168010100,U037,59
1168010100,U038,49
1168010100,U039,78
1168010100,U040,77
1168010100,U042,85
1168010100,U043,49
1168010100,U041,65
1168010100,U044,70
1168010100,U046,54
1168010100,U045,86
1168010100,V001,30
1168010100,U047,72
1168010100,V002,57
1168010300,B001,65
1168010300,C003,73
1168010300,C001,86
1168010300,C002,88
1168010300,C005,77
1168010300,C006,62
1168010300,C004,66
1168010300,C007,69
1168010300,C008,83
1168010300,E001,40
1168010300,C009,58
1168010300,M001,79
1168010300,P001,81
1168010300,P002,71
1168010300,U002,45
1168010300,U001,71
1168010300,U003,73
1168010300,U004,57
1168010300,U005,73
1168010300,U006,64
1168010300,U007,68
1168010300,U008,74
1168010300,U010,83
1168010300,U009,90
1168010300,U012,62
1168010300,U011,87
1168010300,U013,73
1168010300,U015,88
1168010300,U016,77
1168010300,U014,85
1168010300,U017,79
1168010300,U021,72
1168010300,U019,76
1168010300,U018,84
1168010300,U020,88
1168010300,U022,66
1168010300,U023,70
1168010300,U024,84
1168010300,U025,87
1168010300,U026,91
1168010300,U027,76
1168010300,U028,75
1168010300,U030,50
1168010300,U029,80
1168010300,U034,62
1168010300,U033,80
1168010300,U032,61
1168010300,U031,72
1168010300,U035,79
1168010300,U036,66
1168010300,U037,66
1168010300,U038,60
1168010300,U039,75
1168010300,U043,51
1168010300,U042,64
1168010300,U041,76
1168010300,U040,73
1168010300,U044,69
1168010300,U046,55
1168010300,V001,47
1168010300,U045,85
1168010300,U047,77
1168010300,V002,56
1168010400,B001,54
1168010400,C003,65
1168010400,C002,79
1168010400,C001,79
1168010400,C004,54
1168010400,C005,68
1168010400,C006,63
1168010400,C007,75
1168010400,C008,73
1168010400,C009,47
1168010400,E001,49
1168010400,M001,70
1168010400,P002,56
1168010400,P001,75
1168010400,U001,68
1168010400,U002,55
1168010400,U004,43
1168010400,U003,61
1168010400,U005,61
1168010400,U007,64
1168010400,U006,52
1168010400,U008,75
1168010400,U012,53
1168010400,U009,81
1168010400,U010,78
1168010400,U011,78
1168010400,U013,64
1168010400,U015,78
1168010400,U016,68
1168010400,U014,77
1168010400,U017,67
1168010400,U019,66
1168010400,U018,75
1168010400,U021,73
1168010400,U020,79
1168010400,U022,61
1168010400,U024,74
1168010400,U023,68
1168010400,U026,85
1168010400,U025,80
1168010400,U027,67
1168010400,U028,66
1168010400,U030,42
1168010400,U029,81
1168010400,U032,55
1168010400,U031,63
1168010400,U034,59
1168010400,U033,71
1168010400,U035,67
1168010400,U036,61
1168010400,U037,58
1168010400,U038,51
1168010400,U039,63
1168010400,U040,74
1168010400,U041,66
1168010400,U042,52
1168010400,U043,47
1168010400,U044,62
1168010400,U046,47
1168010400,U045,76
1168010400,V001,33
1168010400,U047,68
1168010400,V002,64
1168010500,B001,72
1168010500,C001,73
1168010500,C003,73
1168010500,C002,89
1168010500,C004,59
1168010500,C005,75
1168010500,C006,66
1168010500,C007,64
1168010500,C008,76
1168010500,C009,51
1168010500,E001,45
1168010500,M001,73
1168010500,P001,69
1168010500,P002,55
1168010500,U002,44
1168010500,U001,86
1168010500,U004,51
1168010500,U003,71
1168010500,U006,57
1168010500,U005,71
1168010500,U007,68
1168010500,U008,77
1168010500,U010,71
1168010500,U012,62
1168010500,U009,90
1168010500,U011,100
1168010500,U015,78
1168010500,U013,73
1168010500,U016,77
1168010500,U014,86
1168010500,U017,68
1168010500,U021,70
1168010500,U019,69
1168010500,U020,84
1168010500,U018,93
1168010500,U022,79
1168010500,U024,86
1168010500,U023,68
1168010500,U025,84
1168010500,U026,82
1168010500,U027,76
1168010500,U028,84
1168010500,U029,89
1168010500,U030,50
1168010500,U031,67
1168010500,U032,57
1168010500,U034,56
1168010500,U033,76
1168010500,U035,82
1168010500,U036,58
1168010500,U038,63
1168010500,U037,54
1168010500,U039,69
1168010500,U040,93
1168010500,U043,41
1168010500,U041,70
1168010500,U042,61
1168010500,V001,35
1168010500,U044,75
1168010500,U047,66
1168010500,U046,56
1168010500,U045,93
1168010500,V002,53
1168010600,B001,69
1168010600,C003,78
1168010600,C001,86
1168010600,C002,93
1168010600,C004,65
1168010600,C005,81
1168010600,C006,64
1168010600,C007,73
1168010600,E001,44
1168010600,C008,84
1168010600,C009,57
1168010600,M001,84
1168010600,P001,83
1168010600,U002,49
1168010600,P002,69
1168010600,U001,75
1168010600,U004,59
1168010600,U003,74
1168010600,U005,74
1168010600,U006,63
1168010600,U007,72
1168010600,U008,73
1168010600,U012,66
1168010600,U010,85
1168010600,U009,94
1168010600,U013,77
1168010600,U015,85
1168010600,U011,91
1168010600,U014,90
1168010600,U016,82
1168010600,U019,77
1168010600,U017,83
1168010600,U020,92
1168010600,U021,72
1168010600,U018,88
1168010600,U022,71
1168010600,U023,68
1168010600,U024,85
1168010600,U026,90
1168010600,U027,81
1168010600,U025,89
1168010600,U028,79
1168010600,U029,85
1168010600,U030,52
1168010600,U032,60
1168010600,U033,84
1168010600,U031,76
1168010600,U034,64
1168010600,U036,66
1168010600,U035,82
1168010600,U037,65
1168010600,U038,64
1168010600,U039,80
1168010600,U041,77
1168010600,U043,52
1168010600,U040,80
1168010600,U042,62
1168010600,U044,73
1168010600,U045,92
1168010600,U046,59
1168010600,V001,53
1168010600,U047,82
1168010600,V002,60
1168010700,B001,45
1168010700,C003,53
1168010700,C002,68
1168010700,C001,75
1168010700,C006,53
1168010700,C005,57
1168010700,C004,53
1168010700,C007,49
1168010700,C008,68
1168010700,C009,46
1168010700,E001,38
1168010700,M001,59
1168010700,P001,72
1168010700,P002,42
1168010700,U002,38
1168010700,U001,51
1168010700,U003,50
1168010700,U004,54
1168010700,U005,50
1168010700,U007,48
1168010700,U006,51
1168010700,U009,70
1168010700,U008,62
1168010700,U012,42
1168010700,U010,74
1168010700,U011,67
1168010700,U013,53
1168010700,U014,66
1168010700,U015,73
1168010700,U016,57
1168010700,U017,59
1168010700,U018,64
1168010700,U019,69
1168010700,U021,66
1168010700,U020,68
1168010700,U022,46
1168010700,U023,60
1168010700,U024,70
1168010700,U025,77
1168010700,U027,56
1168010700,U026,78
1168010700,U028,55
1168010700,U029,74
1168010700,U030,41
1168010700,U031,52
1168010700,U032,48
1168010700,U033,60
1168010700,U034,64
1168010700,U035,58
1168010700,U036,62
1168010700,U037,53
1168010700,U038,47
1168010700,U039,56
1168010700,U040,59
1168010700,U041,61
1168010700,U043,60
1168010700,U042,67
1168010700,V001,23
1168010700,U044,49
1168010700,U046,51
1168010700,U045,67
1168010700,U047,57
1168010700,V002,36
1168010800,B001,49
1168010800,C001,67
1168010800,C003,60
1168010800,C002,75
1168010800,C004,56
1168010800,C005,63
1168010800,C006,40
1168010800,C007,56
1168010800,C009,52
1168010800,C008,61
1168010800,E001,31
1168010800,M001,58
1168010800,P002,38
1168010800,P001,67
1168010800,U002,26
1168010800,U001,67
1168010800,U004,35
1168010800,U003,60
1168010800,U005,61
1168010800,U006,55
1168010800,U007,60
1168010800,U009,76
1168010800,U008,62
1168010800,U010,69
1168010800,U012,48
1168010800,U011,81
1168010800,U013,58
1168010800,U014,72
1168010800,U015,66
1168010800,U017,67
1168010800,U016,64
1168010800,U019,54
1168010800,U018,67
1168010800,U021,62
1168010800,U020,74
1168010800,U022,62
1168010800,U024,62
1168010800,U023,57
1168010800,U025,74
1168010800,U026,65
1168010800,U027,63
1168010800,U029,76
1168010800,U028,64
1168010800,U030,28
1168010800,U032,35
1168010800,U031,54
1168010800,U034,51
1168010800,U033,66
1168010800,U036,45
1168010800,U035,67
1168010800,U037,40
1168010800,U038,34
1168010800,U039,63
1168010800,U040,66
1168010800,U041,54
1168010800,U042,54
1168010800,U043,48
1168010800,V001,15
1168010800,U046,39
1168010800,U044,56
1168010800,U045,72
1168010800,U047,59
1168010800,V002,45
1168011000,B001,56
1168011000,C003,59
1168011000,C001,80
1168011000,C002,74
1168011000,C005,62
1168011000,C004,58
1168011000,C006,64
1168011000,C007,51
1168011000,C008,73
1168011000,C009,58
1168011000,E001,43
1168011000,M001,65
1168011000,P001,77
1168011000,P002,40
1168011000,U001,56
1168011000,U002,43
1168011000,U003,55
1168011000,U004,62
1168011000,U005,55
1168011000,U006,56
1168011000,U007,53
1168011000,U008,67
1168011000,U009,75
1168011000,U012,47
1168011000,U010,79
1168011000,U011,72
1168011000,U013,58
1168011000,U014,71
1168011000,U015,78
1168011000,U016,62
1168011000,U017,64
1168011000,U018,69
1168011000,U019,71
1168011000,U021,71
1168011000,U022,52
1168011000,U020,73
1168011000,U023,62
1168011000,U024,75
1168011000,U027,61
1168011000,U025,82
1168011000,U026,83
1168011000,U028,60
1168011000,U030,52
1168011000,U029,65
1168011000,U032,54
1168011000,U031,57
1168011000,U033,65
1168011000,U035,63
1168011000,U034,74
1168011000,U036,77
1168011000,U037,59
1168011000,U038,60
1168011000,U039,71
1168011000,U041,64
1168011000,U040,62
1168011000,U042,79
1168011000,U043,65
1168011000,U044,54
1168011000,U046,59
1168011000,U045,73
1168011000,U047,62
1168011000,V001,34
1168011000,V002,41
1168011100,B001,64
1168011100,C003,89
1168011100,C001,97
1168011100,C002,98
1168011100,C004,79
1168011100,C005,92
1168011100,C006,85
1168011100,C007,62
1168011100,C008,96
1168011100,C009,70
1168011100,E001,56
1168011100,M001,95
1168011100,P001,93
1168011100,P002,59
1168011100,U002,61
1168011100,U001,87
1168011100,U004,68
1168011100,U003,70
1168011100,U005,85
1168011100,U007,84
1168011100,U006,77
1168011100,U010,94
1168011100,U008,87
1168011100,U009,97
1168011100,U011,102
1168011100,U013,89
1168011100,U015,82
1168011100,U014,95
1168011100,U016,85
1168011100,U017,92
1168011100,U019,89
1168011100,U018,100
1168011100,U021,84
1168011100,U020,104
1168011100,U022,70
1168011100,U023,83
1168011100,U012,77
1168011100,U025,105
1168011100,U027,79
1168011100,U026,101
1168011100,U028,91
1168011100,U024,88
1168011100,U030,64
1168011100,U029,96
1168011100,U031,87
1168011100,U032,71
1168011100,U034,68
1168011100,U033,85
1168011100,U035,82
1168011100,U036,60
1168011100,U037,76
1168011100,U038,76
1168011100,U039,88
1168011100,U040,95
1168011100,U043,48
1168011100,U041,93
1168011100,U042,77
1168011100,V001,64
1168011100,U045,100
1168011100,U046,64
1168011100,U047,93
1168011100,V002,63
1168011200,B001,93
1168011200,C001,110
1168011100,U044,85
1168011200,C002,116
1168011200,C003,101
1168011200,C004,90
1168011200,C005,105
1168011200,C006,93
1168011200,C007,97
1168011200,C008,107
1168011200,E001,68
1168011200,C009,82
1168011200,M001,108
1168011200,U002,73
1168011200,P001,105
1168011200,P002,95
1168011200,U001,99
1168011200,U003,98
1168011200,U004,72
1168011200,U005,98
1168011200,U006,89
1168011200,U007,96
1168011200,U012,90
1168011200,U008,98
1168011200,U010,108
1168011200,U009,118
1168011200,U011,115
1168011200,U015,94
1168011200,U013,101
1168011200,U014,114
1168011200,U016,105
1168011200,U017,103
1168011200,U019,100
1168011200,U021,96
1168011200,U018,112
1168011200,U020,116
1168011200,U022,94
1168011200,U024,100
1168011200,U023,101
1168011200,U026,113
1168011200,U025,110
1168011200,U027,104
1168011200,U028,103
1168011200,U030,75
1168011200,U029,108
1168011200,U032,83
1168011200,U031,100
1168011200,U034,74
1168011200,U033,108
1168011200,U036,78
1168011200,U035,103
1168011200,U037,89
1168011200,U038,88
1168011200,U039,99
1168011200,U040,97
1168011200,U043,60
1168011200,U041,100
1168011200,U042,88
1168011200,U044,97
1168011200,U046,75
1168011200,V001,70
1168011200,U045,115
1168011200,U047,105
1168011200,V002,84
1168011300,C003,91
1168011300,B001,83
1168011300,C001,102
1168011300,C002,106
1168011300,C004,81
1168011300,C006,84
1168011300,C005,95
1168011300,C007,87
1168011300,C008,96
1168011300,C009,72
1168011300,E001,58
1168011300,P001,96
1168011300,M001,97
1168011300,P002,84
1168011300,U002,63
1168011300,U001,89
1168011300,U004,67
1168011300,U003,88
1168011300,U005,88
1168011300,U006,88
1168011300,U007,86
1168011300,U008,87
1168011300,U009,108
1168011300,U010,98
1168011300,U012,80
1168011300,U011,105
1168011300,U013,91
1168011300,U015,90
1168011300,U016,95
1168011300,U014,103
1168011300,U017,94
1168011300,U021,89
1168011300,U019,89
1168011300,U020,106
1168011300,U018,102
1168011300,U022,84
1168011300,U024,96
1168011300,U023,98
1168011300,U025,104
1168011300,U026,103
1168011300,U027,94
1168011300,U030,66
1168011300,U028,93
1168011300,U029,98
1168011300,U031,90
1168011300,U034,67
1168011300,U032,73
1168011300,U033,98
1168011300,U036,71
1168011300,U035,94
1168011300,U037,78
1168011300,U038,78
1168011300,U039,91
1168011300,U040,94
1168011300,U041,91
1168011300,U043,50
1168011300,U042,84
1168011300,U044,89
1168011300,V001,62
1168011300,U046,75
1168011300,U045,106
1168011300,U047,95
1168011300,V002,74
1168011400,B001,72
1168011400,C003,81
1168011400,C001,89
1168011400,C002,96
1168011400,C004,69
1168011400,C005,84
1168011400,C006,67
1168011400,C007,76
1168011400,C009,62
1168011400,E001,47
1168011400,C008,88
1168011400,M001,87
1168011400,P001,86
1168011400,U002,52
1168011400,P002,74
1168011400,U001,78
1168011400,U003,77
1168011400,U004,63
1168011400,U005,77
1168011400,U006,68
1168011400,U007,75
1168011400,U008,89
1168011400,U009,97
1168011400,U010,88
1168011400,U012,69
1168011400,U011,94
1168011400,U013,80
1168011400,U015,81
1168011400,U014,93
1168011400,U016,85
1168011400,U017,87
1168011400,U019,81
1168011400,U021,75
1168011400,U018,91
1168011400,U020,95
1168011400,U022,74
1168011400,U024,87
1168011400,U023,73
1168011400,U025,93
1168011400,U026,93
1168011400,U027,84
1168011400,U029,88
1168011400,U028,82
1168011400,U030,55
1168011400,U031,79
1168011400,U032,63
1168011400,U034,72
1168011400,U033,87
1168011400,U036,59
1168011400,U035,85
1168011400,U037,68
1168011400,U038,67
1168011400,U039,83
1168011400,U040,83
1168011400,U041,81
1168011400,U043,44
1168011400,U042,67
1168011400,V001,59
1168011400,U045,95
1168011400,U046,63
1168011400,U044,76
1168011400,U047,85
1168011400,V002,63
1168011500,B001,72
1168011500,C003,81
1168011500,C001,88
1168011500,C002,96
1168011500,C006,65
1168011500,C004,68
1168011500,C005,84
1168011500,C007,76
1168011500,C008,85
1168011500,E001,47
1168011500,C009,61
1168011500,M001,87
1168011500,P001,83
1168011500,P002,74
1168011500,U001,78
1168011500,U002,52
1168011500,U003,75
1168011500,U004,60
1168011500,U005,75
1168011500,U007,75
1168011500,U006,67
1168011500,U008,76
1168011500,U010,86
1168011500,U012,69
1168011500,U009,97
1168011500,U011,94
1168011500,U015,76
1168011500,U013,80
1168011500,U014,93
1168011500,U016,84
1168011500,U017,81
1168011500,U019,78
1168011500,U021,75
1168011500,U018,91
1168011500,U020,95
1168011500,U022,74
1168011500,U023,72
1168011500,U024,82
1168011500,U026,92
1168011500,U025,88
1168011500,U027,83
1168011500,U030,53
1168011500,U028,82
1168011500,U029,87
1168011500,U031,79
1168011500,U032,63
1168011500,U034,59
1168011500,U033,87
1168011500,U035,81
1168011500,U036,54
1168011500,U037,68
1168011500,U038,67
1168011500,U039,78
1168011500,U040,70
1168011500,U041,79
1168011500,U043,39
1168011500,U042,67
1168011500,U044,76
1168011500,U046,58
1168011500,U045,95
1168011500,V001,48
1168011500,U047,84
1168011500,V002,63
1168011800,B001,59
1168011800,C003,67
1168011800,C001,76
1168011800,C002,82
1168011800,C004,67
1168011800,C005,71
1168011800,C006,65
1168011800,C007,63
1168011800,C008,82
1168011800,E001,34
1168011800,C009,75
1168011800,M001,74
1168011800,P002,53
1168011800,P001,73
1168011800,U002,39
1168011800,U001,65
1168011800,U003,64
1168011800,U004,60
1168011800,U005,64
1168011800,U006,65
1168011800,U007,62
1168011800,U008,76
1168011800,U010,74
1168011800,U009,84
1168011800,U012,56
1168011800,U011,81
1168011800,U013,67
1168011800,U015,85
1168011800,U016,71
1168011800,U014,80
1168011800,U017,73
1168011800,U018,78
1168011800,U021,62
1168011800,U019,75
1168011800,U020,82
1168011800,U022,60
1168011800,U023,71
1168011800,U024,84
1168011800,U026,79
1168011800,U025,78
1168011800,U027,70
1168011800,U028,69
1168011800,U030,53
1168011800,U029,74
1168011800,U031,66
1168011800,U032,49
1168011800,U033,74
1168011800,U034,65
1168011800,U035,72
1168011800,U036,64
1168011800,U037,55
1168011800,U038,54
1168011800,U039,70
1168011800,U041,68
1168011800,U040,70
1168011800,U042,78
1168011800,U043,49
1168011800,U046,51
1168011800,U044,63
1168011800,U045,81
1168011800,U047,71
1168011800,V001,41
1171010100,B001,51
1168011800,V002,50
1171010100,C001,75
1171010100,C003,67
1171010100,C002,83
1171010100,C004,59
1171010100,C005,71
1171010100,C007,57
1171010100,C006,50
1171010100,C009,47
1171010100,C008,71
1171010100,M001,68
1171010100,P001,75
1171010100,E001,38
1171010100,P002,63
1171010100,U002,39
1171010100,U004,44
1171010100,U001,57
1171010100,U003,60
1171010100,U005,60
1171010100,U006,57
1171010100,U007,57
1171010100,U008,71
1171010100,U010,76
1171010100,U009,70
1171010100,U012,58
1171010100,U013,62
1171010100,U011,78
1171010100,U014,80
1171010100,U016,78
1171010100,U015,66
1171010100,U017,69
1171010100,U018,70
1171010100,U021,62
1171010100,U019,64
1171010100,U020,83
1171010100,U022,53
1171010100,U023,63
1171010100,U024,72
1171010100,U025,82
1171010100,U026,81
1171010100,U027,67
1171010100,U029,67
1171010100,U028,61
1171010100,U030,38
1171010100,U032,58
1171010100,U034,47
1171010100,U031,63
1171010100,U033,74
1171010100,U035,68
1171010100,U036,48
1171010100,U038,53
1171010100,U037,63
1171010100,U039,65
1171010100,U040,60
1171010100,U041,64
1171010100,U043,41
1171010100,U042,57
1171010100,U044,57
1171010100,U046,41
1171010100,V001,40
1171010100,U047,71
1171010100,U045,74
1171010100,V002,47
1171010200,B001,61
1171010200,C003,78
1171010200,C001,100
1171010200,C002,93
1171010200,C004,78
1171010200,C006,63
1171010200,C005,88
1171010200,C007,68
1171010200,C008,79
1171010200,C009,58
1171010200,E001,63
1171010200,M001,79
1171010200,P001,113
1171010200,P002,73
1171010200,U001,68
1171010200,U002,66
1171010200,U003,78
1171010200,U004,44
1171010200,U007,75
1171010200,U006,97
1171010200,U005,79
1171010200,U008,91
1171010200,U009,81
1171010200,U012,68
1171010200,U011,96
1171010200,U010,111
1171010200,U013,72
1171010200,U015,84
1171010200,U016,90
1171010200,U014,91
1171010200,U017,79
1171010200,U018,91
1171010200,U019,72
1171010200,U021,87
1171010200,U022,63
1171010200,U020,93
1171010200,U023,71
1171010200,U024,81
1171010200,U027,80
1171010200,U025,106
1171010200,U026,105
1171010200,U028,81
1171010200,U030,45
1171010200,U029,77
1171010200,U032,75
1171010200,U034,56
1171010200,U031,73
1171010200,U033,85
1171010200,U035,79
1171010200,U036,50
1171010200,U038,73
1171010200,U037,80
1171010200,U039,75
1171010200,U041,72
1171010200,U040,90
1171010200,U043,61
1171010200,U042,80
1171010200,U044,73
1171010200,U045,94
1171010200,U046,51
1171010200,V001,60
1171010200,U047,82
1171010200,V002,58
1171010300,B001,63
1171010300,C003,76
1171010300,C001,94
1171010300,C002,100
1171010300,C004,72
1171010300,C006,62
1171010300,C005,86
1171010300,C007,70
1171010300,C008,73
1171010300,C009,64
1171010300,E001,59
1171010300,M001,78
1171010300,P001,91
1171010300,P002,68
1171010300,U001,69
1171010300,U002,64
1171010300,U004,49
1171010300,U003,70
1171010300,U005,70
1171010300,U007,66
1171010300,U006,70
1171010300,U008,75
1171010300,U009,94
1171010300,U010,94
1171010300,U012,70
1171010300,U011,85
1171010300,U013,71
1171010300,U015,67
1171010300,U014,97
1171010300,U016,81
1171010300,U017,85
1171010300,U019,66
1171010300,U018,82
1171010300,U021,82
1171010300,U020,93
1171010300,U022,65
1171010300,U023,65
1171010300,U024,73
1171010300,U027,85
1171010300,U026,102
1171010300,U025,96
1171010300,U028,74
1171010300,U030,44
1171010300,U029,89
1171010300,U034,29
1171010300,U032,72
1171010300,U031,75
1171010300,U033,88
1171010300,U036,45
1171010300,U035,85
1171010300,U037,80
1171010300,U038,74
1171010300,U039,82
1171010300,U040,80
1171010300,U043,41
1171010300,U041,66
1171010300,U042,70
1171010300,U045,83
1171010300,U044,67
1171010300,U046,58
1171010300,U047,79
1171010300,V001,58
1171010300,V002,59
1171010400,B001,59
1171010400,C003,76
1171010400,C001,85
1171010400,C002,91
1171010400,C004,67
1171010400,C006,67
1171010400,C005,92
1171010400,C007,66
1171010400,C009,56
1171010400,C008,80
1171010400,E001,51
1171010400,M001,77
1171010400,P001,81
1171010400,P002,71
1171010400,U002,54
1171010400,U001,66
1171010400,U004,48
1171010400,U003,75
1171010400,U005,75
1171010400,U006,65
1171010400,U007,65
1171010400,U008,102
1171010400,U009,79
1171010400,U010,88
1171010400,U012,66
1171010400,U011,86
1171010400,U013,70
1171010400,U015,76
1171010400,U016,86
1171010400,U014,89
1171010400,U017,77
1171010400,U019,73
1171010400,U021,74
1171010400,U018,79
1171010400,U020,91
1171010400,U023,81
1171010400,U024,82
1171010400,U025,86
1171010400,U022,61
1171010400,U026,93
1171010400,U027,78
1171010400,U028,70
1171010400,U029,75
1171010400,U030,55
1171010400,U032,73
1171010400,U031,71
1171010400,U034,43
1171010400,U033,83
1171010400,U035,76
1171010400,U036,51
1171010400,U037,70
1171010400,U038,66
1171010400,U039,73
1171010400,U043,36
1171010400,U040,100
1171010400,U041,73
1171010400,U042,75
1171010400,U044,71
1171010400,U046,49
1171010400,U045,83
1171010400,U047,80
1171010400,V001,51
1171010400,V002,56
1171010500,B001,59
1171010500,C001,80
1171010500,C003,79
1171010500,C002,86
1171010500,C004,72
1171010500,C006,69
1171010500,C005,82
1171010500,C007,70
1171010500,C009,56
1171010500,C008,75
1171010500,E001,62
1171010500,M001,77
1171010500,P001,77
1171010500,U001,66
1171010500,P002,62
1171010500,U002,50
1171010500,U004,51
1171010500,U003,70
1171010500,U006,70
1171010500,U005,70
1171010500,U007,65
1171010500,U008,80
1171010500,U009,78
1171010500,U010,79
1171010500,U012,67
1171010500,U011,86
1171010500,U013,70
1171010500,U015,67
1171010500,U016,81
1171010500,U014,83
1171010500,U017,77
1171010500,U018,84
1171010500,U021,74
1171010500,U019,68
1171010500,U020,81
1171010500,U022,61
1171010500,U024,73
1171010500,U023,65
1171010500,U025,82
1171010500,U027,82
1171010500,U026,93
1171010500,U028,70
1171010500,U029,75
1171010500,U030,57
1171010500,U034,40
1171010500,U032,63
1171010500,U031,69
1171010500,U033,83
1171010500,U035,76
1171010500,U036,45
1171010500,U037,66
1171010500,U038,66
1171010500,U039,73
1171010500,U040,77
1171010500,U043,34
1171010500,U041,68
1171010500,U042,70
1171010500,U044,69
1171010500,U045,82
1171010500,U046,49
1171010500,V001,46
1171010500,U047,74
1171010500,V002,59
1171010600,B001,63
1171010600,C001,80
1171010600,C002,97
1171010600,C003,82
1171010600,C004,67
1171010600,C005,85
1171010600,C006,75
1171010600,C007,73
1171010600,C008,89
1171010600,C009,64
1171010600,E001,59
1171010600,M001,81
1171010600,P001,77
1171010600,P002,64
1171010600,U001,70
1171010600,U002,53
1171010600,U004,56
1171010600,U003,80
1171010600,U005,80
1171010600,U007,69
1171010600,U006,66
1171010600,U008,90
1171010600,U010,78
1171010600,U012,70
1171010600,U011,90
1171010600,U009,83
1171010600,U013,74
1171010600,U015,73
1171010600,U016,86
1171010600,U014,95
1171010600,U017,85
1171010600,U018,101
1171010600,U021,74
1171010600,U022,65
1171010600,U019,80
1171010600,U020,93
1171010600,U023,77
1171010600,U024,79
1171010600,U026,91
1171010600,U025,92
1171010600,U027,85
1171010600,U028,74
1171010600,U029,79
1171010600,U030,52
1171010600,U032,66
1171010600,U031,75
1171010600,U034,45
1171010600,U033,88
1171010600,U036,51
1171010600,U035,85
1171010600,U037,63
1171010600,U038,64
1171010600,U039,81
1171010600,U040,70
1171010600,U041,78
1171010600,U042,70
1171010600,U043,43
1171010600,U044,75
1171010600,U046,57
1171010600,U045,86
1171010600,V001,44
1171010600,U047,86
1171010600,V002,62
1171010700,B001,73
1171010700,C001,82
1171010700,C003,82
1171010700,C002,97
1171010700,C004,73
1171010700,C005,86
1171010700,C006,69
1171010700,C007,78
1171010700,C008,76
1171010700,E001,49
1171010700,C009,57
1171010700,M001,88
1171010700,P001,79
1171010700,P002,64
1171010700,U002,54
1171010700,U001,80
1171010700,U004,51
1171010700,U003,71
1171010700,U005,71
1171010700,U006,72
1171010700,U007,77
1171010700,U008,81
1171010700,U009,99
1171010700,U010,81
1171010700,U012,71
1171010700,U011,95
1171010700,U013,82
1171010700,U016,86
1171010700,U014,90
1171010700,U017,78
1171010700,U015,68
1171010700,U019,69
1171010700,U018,93
1171010700,U021,75
1171010700,U020,97
1171010700,U023,66
1171010700,U022,75
1171010700,U024,75
1171010700,U025,84
1171010700,U026,94
1171010700,U027,85
1171010700,U029,89
1171010700,U028,84
1171010700,U030,57
1171010700,U031,81
1171010700,U034,43
1171010700,U032,64
1171010700,U033,88
1171010700,U035,78
1171010700,U036,47
1171010700,U037,69
1171010700,U038,69
1171010700,U039,74
1171010700,U040,78
1171010700,U043,34
1171010700,U041,69
1171010700,U042,72
1171010700,U044,78
1171010700,U046,50
1171010700,V001,49
1171010700,U045,97
1171010700,U047,86
1171010800,B001,61
1171010700,V002,65
1171010800,C003,83
1171010800,C002,93
1171010800,C001,83
1171010800,C006,76
1171010800,C004,74
1171010800,C005,87
1171010800,C007,68
1171010800,C008,77
1171010800,E001,50
1171010800,C009,58
1171010800,M001,79
1171010800,P001,80
1171010800,P002,64
1171010800,U002,55
1171010800,U001,68
1171010800,U004,57
1171010800,U003,72
1171010800,U005,72
1171010800,U007,67
1171010800,U006,72
1171010800,U008,82
1171010800,U010,82
1171010800,U009,80
1171010800,U012,72
1171010800,U011,88
1171010800,U015,69
1171010800,U013,72
1171010800,U016,83
1171010800,U014,90
1171010800,U017,79
1171010800,U019,70
1171010800,U021,76
1171010800,U018,80
1171010800,U020,93
1171010800,U022,63
1171010800,U023,67
1171010800,U024,75
1171010800,U025,85
1171010800,U026,95
1171010800,U027,86
1171010800,U030,48
1171010800,U029,77
1171010800,U028,72
1171010800,U032,65
1171010800,U031,73
1171010800,U033,85
1171010800,U034,44
1171010800,U035,78
1171010800,U036,47
1171010800,U037,68
1171010800,U038,68
1171010800,U039,75
1171010800,U040,79
1171010800,U041,70
1171010800,U043,37
1171010800,U042,72
1171010800,U044,71
1171010800,U045,84
1171010800,U046,51
1171010800,V001,49
1171010800,U047,81
1171010800,V002,58
1171010900,B001,76
1171010900,C001,93
1171010900,C003,93
1171010900,C002,111
1171010900,C004,84
1171010900,C005,96
1171010900,C006,83
1171010900,C007,82
1171010900,C008,86
1171010900,E001,60
1171010900,C009,67
1171010900,M001,91
1171010900,P001,90
1171010900,P002,74
1171010900,U002,65
1171010900,U001,82
1171010900,U003,81
1171010900,U004,68
1171010900,U005,81
1171010900,U006,82
1171010900,U007,79
1171010900,U008,88
1171010900,U009,95
1171010900,U012,82
1171010900,U010,91
1171010900,U011,98
1171010900,U013,84
1171010900,U015,79
1171010900,U016,92
1171010900,U014,108
1171010900,U017,89
1171010900,U019,79
1171010900,U018,95
1171010900,U021,86
1171010900,U020,106
1171010900,U022,78
1171010900,U023,76
1171010900,U024,85
1171010900,U025,102
1171010900,U026,111
1171010900,U027,96
1171010900,U028,86
1171010900,U029,92
1171010900,U030,57
1171010900,U031,88
1171010900,U032,81
1171010900,U034,54
1171010900,U033,99
1171010900,U035,88
1171010900,U036,56
1171010900,U037,78
1171010900,U038,77
1171010900,U039,85
1171010900,U040,95
1171010900,U041,79
1171010900,U043,42
1171010900,U042,79
1171010900,U044,80
1171010900,U045,96
1171010900,U046,61
1171010900,U047,92
1171010900,V001,86
1171011100,B001,63
1171010900,V002,72
1171011100,C001,84
1171011100,C003,76
1171011100,C002,97
1171011100,C004,70
1171011100,C005,84
1171011100,C006,52
1171011100,C007,69
1171011100,C008,73
1171011100,C009,57
1171011100,E001,54
1171011100,M001,77
1171011100,P001,81
1171011100,P002,66
1171011100,U002,53
1171011100,U001,69
1171011100,U003,68
1171011100,U004,51
1171011100,U005,68
1171011100,U006,68
1171011100,U007,66
1171011100,U008,74
1171011100,U009,82
1171011100,U010,83
1171011100,U012,69
1171011100,U011,85
1171011100,U013,71
1171011100,U014,87
1171011100,U015,66
1171011100,U016,79
1171011100,U017,79
1171011100,U021,79
1171011100,U019,66
1171011100,U018,82
1171011100,U020,93
1171011100,U022,64
1171011100,U023,63
1171011100,U024,72
1171011100,U026,96
1171011100,U025,86
1171011100,U027,79
1171011100,U030,44
1171011100,U028,73
1171011100,U029,78
1171011100,U032,67
1171011100,U031,74
1171011100,U033,85
1171011100,U036,43
1171011100,U035,81
1171011100,U034,48
1171011100,U037,70
1171011100,U038,70
1171011100,U039,76
1171011100,U043,15
1171011100,U040,75
1171011100,U041,66
1171011100,U042,66
1171011100,U046,56
1171011100,U045,83
1171011100,U044,67
1171011100,V001,47
1171011100,U047,79
1171011100,V002,59
1171011200,C003,94
1171011200,B001,67
1171011200,C001,92
1171011200,C002,101
1171011200,C004,74
1171011200,C006,57
1171011200,C005,88
1171011200,C007,73
1171011200,C008,77
1171011200,C009,61
1171011200,E001,61
1171011200,M001,82
1171011200,P001,89
1171011200,P002,72
1171011200,U002,66
1171011200,U001,73
1171011200,U003,72
1171011200,U004,63
1171011200,U005,72
1171011200,U007,70
1171011200,U006,72
1171011200,U009,86
1171011200,U008,79
1171011200,U010,90
1171011200,U012,82
1171011200,U011,89
1171011200,U015,70
1171011200,U013,75
1171011200,U014,99
1171011200,U016,83
1171011200,U017,84
1171011200,U019,70
1171011200,U018,86
1171011200,U021,89
1171011200,U020,97
1171011200,U023,90
1171011200,U022,69
1171011200,U024,77
1171011200,U025,94
1171011200,U026,106
1171011200,U027,97
1171011200,U028,78
1171011200,U030,64
1171011200,U029,83
1171011200,U031,79
1171011200,U034,52
1171011200,U032,76
1171011200,U033,90
1171011200,U036,48
1171011200,U035,85
1171011200,U038,80
1171011200,U037,77
1171011200,U039,80
1171011200,U043,31
1171011200,U041,70
1171011200,U040,109
1171011200,U042,70
1171011200,U044,71
1171011200,U045,87
1171011200,U046,60
1171011200,V001,61
1171011200,U047,83
1171011200,V002,63
1171011300,B001,70
1171011300,C003,83
1171011300,C001,107
1171011300,C002,104
1171011300,C004,77
1171011300,C005,91
1171011300,C006,59
1171011300,C007,76
1171011300,C008,80
1171011300,C009,64
1171011300,E001,58
1171011300,M001,84
1171011300,P001,109
1171011300,P002,75
1171011300,U001,76
1171011300,U002,63
1171011300,U004,58
1171011300,U003,75
1171011300,U006,75
1171011300,U007,73
1171011300,U005,75
1171011300,U009,89
1171011300,U008,81
1171011300,U012,77
1171011300,U010,107
1171011300,U011,92
1171011300,U013,78
1171011300,U015,73
1171011300,U014,102
1171011300,U016,86
1171011300,U017,87
1171011300,U018,89
1171011300,U019,73
1171011300,U021,86
1171011300,U020,100
1171011300,U022,72
1171011300,U023,70
1171011300,U024,79
1171011300,U025,96
1171011300,U026,109
1171011300,U027,86
1171011300,U030,51
1171011300,U028,80
1171011300,U029,86
1171011300,U032,79
1171011300,U034,53
1171011300,U031,82
1171011300,U035,88
1171011300,U033,93
1171011300,U036,50
1171011300,U038,78
1171011300,U037,79
1171011300,U039,83
1171011300,U040,80
1171011300,U041,73
1171011300,U043,36
1171011300,U042,73
1171011300,U044,74
1171011300,U046,63
1171011300,U045,90
1171011300,V001,64
1171011300,U047,86
1171011300,V002,66
1171011400,B001,70
1171011400,C001,107
1171011400,C002,105
1171011400,C004,77
1171011400,C003,84
1171011400,C006,60
1171011400,C005,92
1171011400,C008,80
1171011400,C009,65
1171011400,E001,59
1171011400,C007,77
1171011400,M001,85
1171011400,P002,75
1171011400,P001,109
1171011400,U001,77
1171011400,U002,64
1171011400,U003,75
1171011400,U004,59
1171011400,U005,75
1171011400,U006,76
1171011400,U007,73
1171011400,U008,82
1171011400,U009,90
1171011400,U010,108
1171011400,U012,77
1171011400,U011,92
1171011400,U013,78
1171011400,U014,102
1171011400,U015,74
1171011400,U016,86
1171011400,U017,87
1171011400,U018,90
1171011400,U019,73
1171011400,U020,100
1171011400,U021,87
1171011400,U022,72
1171011400,U024,80
1171011400,U023,70
1171011400,U026,110
1171011400,U025,96
1171011400,U027,87
1171011400,U028,81
1171011400,U029,86
1171011400,U030,52
1171011400,U031,82
1171011400,U034,71
1171011400,U032,80
1171011400,U033,93
1171011400,U035,88
1171011400,U036,51
1171011400,U037,80
1171011400,U038,78
1171011400,U039,83
1171011400,U040,82
1171011400,U043,36
1171011400,U041,73
1171011400,U042,73
1171011400,U044,75
1171011400,U045,90
1171011400,U046,63
1171011400,U047,86
1171011400,V001,65
1171011400,V002,67
1174010100,B001,68
1174010100,C003,81
1174010100,C001,105
1174010100,C004,74
1174010100,C002,102
1174010100,C005,90
1174010100,C006,52
1174010100,C007,75
1174010100,C009,62
1174010100,C008,78
1174010100,E001,69
1174010100,M001,83
1174010100,P001,107
1174010100,P002,73
1174010100,U001,75
1174010100,U002,68
1174010100,U003,73
1174010100,U004,56
1174010100,U005,73
1174010100,U006,73
1174010100,U007,71
1174010100,U008,80
1174010100,U009,87
1174010100,U010,106
1174010100,U012,75
1174010100,U011,90
1174010100,U013,76
1174010100,U015,66
1174010100,U014,100
1174010100,U016,84
1174010100,U017,85
1174010100,U018,87
1174010100,U019,71
1174010100,U021,92
1174010100,U022,70
1174010100,U020,98
1174010100,U023,68
1174010100,U024,72
1174010100,U025,112
1174010100,U027,84
1174010100,U026,107
1174010100,U028,79
1174010100,U029,84
1174010100,U030,50
1174010100,U031,80
1174010100,U033,91
1174010100,U032,78
1174010100,U034,56
1174010100,U035,86
1174010100,U036,47
1174010100,U038,76
1174010100,U037,83
1174010100,U039,81
1174010100,U040,79
1174010100,U041,71
1174010100,U043,47
1174010100,U042,71
1174010100,U044,72
1174010100,U046,61
1174010100,U045,88
1174010100,U047,84
1174010100,V001,63
1174010100,V002,65
1174010200,B001,76
1174010200,C003,82
1174010200,C001,102
1174010200,C002,104
1174010200,C004,66
1174010200,C005,91
1174010200,C006,57
1174010200,C007,82
1174010200,C008,72
1174010200,C009,64
1174010200,E001,67
1174010200,M001,75
1174010200,P001,108
1174010200,P002,81
1174010200,U001,82
1174010200,U002,72
1174010200,U003,74
1174010200,U004,64
1174010200,U005,74
1174010200,U006,65
1174010200,U007,79
1174010200,U009,98
1174010200,U010,111
1174010200,U008,74
1174010200,U012,80
1174010200,U011,98
1174010200,U015,61
1174010200,U013,84
1174010200,U014,101
1174010200,U016,85
1174010200,U017,93
1174010200,U018,93
1174010200,U021,91
1174010200,U019,65
1174010200,U020,106
1174010200,U022,78
1174010200,U024,67
1174010200,U023,64
1174010200,U025,104
1174010200,U026,115
1174010200,U027,94
1174010200,U028,86
1174010200,U029,92
1174010200,U030,57
1174010200,U032,85
1174010200,U031,88
1174010200,U034,56
1174010200,U033,99
1174010200,U035,93
1174010200,U036,50
1174010200,U037,88
1174010200,U038,82
1174010200,U039,90
1174010200,U041,65
1174010200,U040,71
1174010200,U043,62
1174010200,U042,64
1174010200,U044,84
1174010200,U046,66
1174010200,U045,94
1174010200,V001,70
1174010200,U047,92
1174010300,B001,85
1174010200,V002,72
1174010300,C001,103
1174010300,C003,89
1174010300,C002,110
1174010300,C004,84
1174010300,C005,97
1174010300,C006,71
1174010300,C007,82
1174010300,C008,86
1174010300,E001,73
1174010300,C009,76
1174010300,M001,101
1174010300,P001,115
1174010300,P002,81
1174010300,U001,82
1174010300,U002,72
1174010300,U003,81
1174010300,U004,64
1174010300,U005,81
1174010300,U006,100
1174010300,U007,81
1174010300,U008,97
1174010300,U009,107
1174010300,U010,101
1174010300,U012,83
1174010300,U011,102
1174010300,U013,84
1174010300,U015,83
1174010300,U016,92
1174010300,U014,108
1174010300,U017,93
1174010300,U018,97
1174010300,U019,79
1174010300,U021,104
1174010300,U020,106
1174010300,U022,78
1174010300,U024,90
1174010300,U023,77
1174010300,U025,104
1174010300,U026,115
1174010300,U027,107
1174010300,U028,87
1174010300,U029,98
1174010300,U030,62
1174010300,U034,56
1174010300,U032,85
1174010300,U031,87
1174010300,U033,96
1174010300,U036,54
1174010300,U035,92
1174010300,U039,89
1174010300,U037,88
1174010300,U038,84
1174010300,U040,95
1174010300,U041,79
1174010300,U043,51
1174010300,U042,90
1174010300,U044,89
1174010300,U045,101
1174010300,U046,69
1174010300,U047,92
1174010300,V001,70
1174010300,V002,72
1174010500,B001,65
1174010500,C001,101
1174010500,C003,78
1174010500,C002,99
1174010500,C004,76
1174010500,C005,86
1174010500,C006,54
1174010500,C007,71
1174010500,C008,75
1174010500,C009,59
1174010500,E001,63
1174010500,M001,79
1174010500,P002,70
1174010500,P001,104
1174010500,U001,71
1174010500,U002,65
1174010500,U003,69
1174010500,U004,53
1174010500,U005,69
1174010500,U006,70
1174010500,U007,68
1174010500,U009,84
1174010500,U008,76
1174010500,U010,102
1174010500,U011,86
1174010500,U012,71
1174010500,U013,73
1174010500,U015,68
1174010500,U016,81
1174010500,U014,96
1174010500,U017,81
1174010500,U018,84
1174010500,U019,67
1174010500,U020,95
1174010500,U021,87
1174010500,U022,66
1174010500,U023,64
1174010500,U024,74
1174010500,U025,95
1174010500,U026,104
1174010500,U027,81
1174010500,U028,75
1174010500,U029,80
1174010500,U030,46
1174010500,U031,76
1174010500,U032,74
1174010500,U034,47
1174010500,U033,87
1174010500,U035,82
1174010500,U036,49
1174010500,U037,79
1174010500,U038,72
1174010500,U039,78
1174010500,U040,81
1174010500,U041,68
1174010500,U043,41
1174010500,U042,68
1174010500,U044,69
1174010500,U046,58
1174010500,U045,85
1174010500,V001,59
1174010500,U047,81
1174010500,V002,61
1174010600,B001,63
1174010600,C001,87
1174010600,C003,86
1174010600,C002,93
1174010600,C005,84
1174010600,C004,77
1174010600,C006,55
1174010600,C007,77
1174010600,C008,79
1174010600,C009,71
1174010600,E001,57
1174010600,M001,77
1174010600,P001,84
1174010600,P002,69
1174010600,U001,69
1174010600,U002,56
1174010600,U003,67
1174010600,U004,54
1174010600,U006,83
1174010600,U007,66
1174010600,U005,68
1174010600,U008,81
1174010600,U009,89
1174010600,U011,89
1174010600,U012,74
1174010600,U010,86
1174010600,U013,71
1174010600,U014,90
1174010600,U015,69
1174010600,U016,79
1174010600,U017,84
1174010600,U018,83
1174010600,U021,81
1174010600,U019,72
1174010600,U020,88
1174010600,U022,64
1174010600,U023,71
1174010600,U024,75
1174010600,U025,89
1174010600,U026,99
1174010600,U027,89
1174010600,U028,73
1174010600,U029,89
1174010600,U030,44
1174010600,U032,69
1174010600,U034,46
1174010600,U031,76
1174010600,U033,85
1174010600,U035,87
1174010600,U036,40
1174010600,U037,73
1174010600,U038,73
1174010600,U039,89
1174010600,U040,82
1174010600,U043,33
1174010600,U041,73
1174010600,U042,73
1174010600,U044,71
1174010600,U045,87
1174010600,U047,81
1174010600,V001,49
1174010600,U046,65
1174010600,V002,59
1174010700,B001,69
1174010700,C003,79
1174010700,C002,100
1174010700,C001,99
1174010700,C004,67
1174010700,C005,87
1174010700,C006,63
1174010700,C007,75
1174010700,C008,75
1174010700,C009,60
1174010700,E001,63
1174010700,M001,83
1174010700,P001,104
1174010700,P002,74
1174010700,U002,68
1174010700,U001,75
1174010700,U004,60
1174010700,U003,70
1174010700,U005,70
1174010700,U007,72
1174010700,U006,65
1174010700,U009,94
1174010700,U008,74
1174010700,U010,103
1174010700,U011,91
1174010700,U012,75
1174010700,U015,62
1174010700,U013,77
1174010700,U014,97
1174010700,U016,81
1174010700,U017,89
1174010700,U019,72
1174010700,U018,88
1174010700,U021,87
1174010700,U020,99
1174010700,U022,71
1174010700,U024,68
1174010700,U023,65
1174010700,U026,108
1174010700,U025,100
1174010700,U027,92
1174010700,U028,79
1174010700,U029,94
1174010700,U030,50
1174010700,U034,53
1174010700,U031,81
1174010700,U032,78
1174010700,U033,88
1174010700,U036,46
1174010700,U035,83
1174010700,U038,78
1174010700,U037,84
1174010700,U039,86
1174010700,U040,71
1174010700,U041,72
1174010700,U043,44
1174010700,U042,69
1174010700,U044,77
1174010700,U045,89
1174010700,U046,62
1174010700,V001,63
1174010700,U047,85
1174010800,B001,64
1174010700,V002,65
1174010800,C002,98
1174010800,C001,101
1174010800,C005,86
1174010800,C004,71
1174010800,C006,54
1174010800,C007,71
1174010800,C009,58
1174010800,E001,55
1174010800,C008,74
1174010800,C003,77
1174010800,M001,79
1174010800,P001,103
1174010800,P002,69
1174010800,U001,71
1174010800,U002,64
1174010800,U003,69
1174010800,U004,48
1174010800,U005,69
1174010800,U006,70
1174010800,U007,67
1174010800,U008,76
1174010800,U009,84
1174010800,U010,102
1174010800,U012,71
1174010800,U011,86
1174010800,U013,72
1174010800,U014,96
1174010800,U015,64
1174010800,U016,80
1174010800,U017,81
1174010800,U018,83
1174010800,U021,79
1174010800,U019,67
1174010800,U020,94
1174010800,U022,66
1174010800,U023,64
1174010800,U024,70
1174010800,U025,95
1174010800,U027,80
1174010800,U026,104
1174010800,U028,75
1174010800,U029,80
1174010800,U030,46
1174010800,U032,74
1174010800,U035,82
1174010800,U031,76
1174010800,U033,87
1174010800,U036,45
1174010800,U034,35
1174010800,U038,72
1174010800,U039,77
1174010800,U037,79
1174010800,U040,77
1174010800,U041,67
1174010800,U043,29
1174010800,U042,67
1174010800,U046,54
1174010800,U045,84
1174010800,U044,69
1174010800,U047,80
1174010800,V001,59
1174010800,V002,61
1174010900,B001,59
1174010900,C001,95
1174010900,C003,72
1174010900,C002,93
1174010900,C004,66
1174010900,C005,80
1174010900,C006,48
1174010900,C007,65
1174010900,C008,69
1174010900,E001,58
1174010900,C009,53
1174010900,M001,73
1174010900,P001,98
1174010900,P002,64
1174010900,U001,65
1174010900,U002,59
1174010900,U004,47
1174010900,U003,63
1174010900,U005,64
1174010900,U006,64
1174010900,U007,67
1174010900,U009,84
1174010900,U008,70
1174010900,U010,96
1174010900,U012,65
1174010900,U011,81
1174010900,U015,62
1174010900,U013,67
1174010900,U014,90
1174010900,U016,75
1174010900,U017,75
1174010900,U019,62
1174010900,U018,78
1174010900,U021,82
1174010900,U020,89
1174010900,U022,60
1174010900,U024,68
1174010900,U023,59
1174010900,U025,103
1174010900,U026,98
1174010900,U027,75
1174010900,U028,69
1174010900,U029,84
1174010900,U030,40
1174010900,U031,70
1174010900,U034,41
1174010900,U032,68
1174010900,U033,81
1174010900,U035,77
1174010900,U036,34
1174010900,U038,66
1174010900,U037,73
1174010900,U039,72
1174010900,U040,69
1174010900,U041,62
1174010900,U043,37
1174010900,U042,62
1174010900,U045,79
1174010900,U044,63
1174010900,U046,52
1174010900,V001,53
1174010900,U047,75
1174010900,V002,55
1174011000,B001,78
1174011000,C001,113
1174011000,C003,90
1174011000,C002,113
1174011000,C004,95
1174011000,C006,83
1174011000,C005,100
1174011000,C007,85
1174011000,C008,86
1174011000,C009,88
1174011000,E001,80
1174011000,M001,93
1174011000,P001,118
1174011000,P002,84
1174011000,U001,85
1174011000,U002,79
1174011000,U003,83
1174011000,U004,76
1174011000,U005,83
1174011000,U007,81
1174011000,U006,78
1174011000,U008,109
1174011000,U010,114
1174011000,U012,85
1174011000,U009,119
1174011000,U011,114
1174011000,U013,86
1174011000,U015,74
1174011000,U014,110
1174011000,U016,95
1174011000,U017,95
1174011000,U018,96
1174011000,U021,104
1174011000,U019,79
1174011000,U022,80
1174011000,U020,108
1174011000,U023,88
1174011000,U024,81
1174011000,U025,123
1174011000,U026,118
1174011000,U027,118
1174011000,U028,99
1174011000,U029,94
1174011000,U030,60
1174011000,U031,90
1174011000,U032,88
1174011000,U033,101
1174011000,U034,63
1174011000,U035,95
1174011000,U036,65
1174011000,U038,84
1174011000,U039,91
1174011000,U037,91
1174011000,U041,82
1174011000,U040,107
1174011000,U043,70
1174011000,U042,102
1174011000,U044,100
1174011000,U045,112
1174011000,U046,71
1174011000,U047,94
1174011000,V001,73
1174011000,V002,75
1120011800,U030,15
1144011800,U047,15
